gender,SeniorCitizen,Partner,Dependents,tenure,PhoneService,MultipleLines,InternetService,OnlineSecurity,OnlineBackup,DeviceProtection,TechSupport,StreamingTV,StreamingMovies,Contract,PaperlessBilling,PaymentMethod,MonthlyCharges,TotalCharges,SupportTicketsLast6Months,AvgMonthlyLoginDays,LatePaymentsLast12Months,Churn,churn_probability,risk_segment
Male,0,Yes,No,20,Yes,No,DSL,Yes,No,No,No,Yes,No,Month-to-month,Yes,Bank transfer (automatic),52.05,1030.46,1,4.8,0,0,0.714,Critical Risk
Female,0,Yes,No,49,Yes,Yes,No,No,No,No,No,No,No,Two year,Yes,Credit card (automatic),18.0,916.3,3,11.8,1,0,0.079,Healthy
Female,0,Yes,Yes,69,Yes,Yes,DSL,No,Yes,No,Yes,Yes,No,Month-to-month,No,Bank transfer (automatic),54.23,3775.06,3,11.3,1,0,0.306,Watch
Male,0,No,No,37,Yes,Yes,No,No,No,No,No,No,No,One year,Yes,Credit card (automatic),23.82,879.41,0,24.1,0,0,0.073,Healthy
Male,0,No,No,40,No,No,DSL,Yes,No,Yes,Yes,Yes,No,One year,Yes,Bank transfer (automatic),64.39,2553.78,1,0.0,0,0,0.183,Healthy
Female,0,No,No,60,Yes,Yes,Fiber optic,No,No,No,No,Yes,Yes,One year,Yes,Bank transfer (automatic),78.11,4708.49,2,25.9,1,0,0.314,Watch
Male,0,No,No,4,Yes,No,No,No,No,No,No,No,No,Two year,Yes,Credit card (automatic),18.0,118.42,0,17.2,1,0,0.118,Healthy
Female,0,Yes,Yes,71,Yes,No,DSL,Yes,No,Yes,No,Yes,No,Month-to-month,Yes,Mailed check,59.27,4179.61,2,17.8,1,0,0.361,Watch
Male,0,Yes,No,34,Yes,No,DSL,Yes,Yes,No,Yes,Yes,No,Two year,Yes,Electronic check,58.94,2022.47,1,24.9,0,0,0.085,Healthy
Male,0,No,Yes,27,Yes,Yes,No,No,No,No,No,No,No,One year,No,Credit card (automatic),18.0,497.04,2,24.6,0,0,0.142,Healthy
Female,1,No,No,45,Yes,No,No,No,No,No,No,No,No,Two year,Yes,Electronic check,19.52,860.3,2,17.2,0,0,0.055,Healthy
Female,0,No,Yes,66,Yes,No,Fiber optic,Yes,Yes,Yes,Yes,No,No,Month-to-month,Yes,Electronic check,82.58,5469.9,0,15.8,1,0,0.451,High Risk
Female,1,Yes,No,68,Yes,No,Fiber optic,Yes,No,No,Yes,No,Yes,Two year,No,Bank transfer (automatic),82.26,5573.32,0,17.0,0,0,0.038,Healthy
Female,1,Yes,No,56,Yes,No,DSL,No,No,No,Yes,No,No,One year,No,Electronic check,44.77,2499.17,3,16.7,2,0,0.252,Watch
Female,1,No,No,35,No,No,Fiber optic,No,No,No,No,Yes,No,Two year,No,Electronic check,66.9,2336.79,2,15.6,0,0,0.226,Watch
Female,0,Yes,Yes,10,Yes,Yes,Fiber optic,Yes,No,No,No,No,Yes,Month-to-month,No,Credit card (automatic),76.48,741.56,0,18.1,1,0,0.799,Critical Risk
Female,0,Yes,No,13,Yes,Yes,DSL,Yes,Yes,Yes,No,Yes,No,One year,No,Mailed check,65.11,845.41,2,10.3,0,0,0.441,High Risk
Male,0,No,Yes,61,Yes,No,DSL,No,No,Yes,No,No,No,Month-to-month,Yes,Mailed check,44.94,2717.69,0,18.3,1,1,0.276,Watch
Female,0,No,No,9,Yes,Yes,No,No,No,No,No,No,No,One year,No,Electronic check,18.0,152.59,2,7.5,2,0,0.569,High Risk
Male,0,No,No,35,Yes,Yes,Fiber optic,No,No,No,Yes,No,No,One year,No,Mailed check,75.69,2675.81,3,14.0,0,0,0.401,High Risk
Female,0,No,No,29,Yes,Yes,Fiber optic,No,Yes,Yes,Yes,Yes,Yes,Two year,Yes,Bank transfer (automatic),82.97,2422.18,1,17.5,0,0,0.131,Healthy
Male,1,No,No,51,Yes,Yes,No,No,No,No,No,No,No,Month-to-month,Yes,Credit card (automatic),18.0,931.14,1,2.1,1,0,0.321,Watch
Male,0,Yes,No,25,Yes,No,Fiber optic,No,No,No,No,Yes,Yes,One year,Yes,Mailed check,70.64,1786.13,0,1.9,0,0,0.465,High Risk
Female,0,No,No,51,Yes,Yes,DSL,Yes,Yes,Yes,Yes,No,Yes,Two year,Yes,Mailed check,66.5,3421.16,1,15.6,0,0,0.043,Healthy
Female,0,No,No,37,Yes,No,No,No,No,No,No,No,No,One year,Yes,Bank transfer (automatic),18.0,632.26,1,3.6,0,0,0.156,Healthy
Female,0,Yes,No,64,Yes,Yes,No,No,No,No,No,No,No,Month-to-month,Yes,Electronic check,18.0,1157.94,1,14.5,1,0,0.321,Watch
Male,0,No,No,13,Yes,Yes,DSL,Yes,No,No,Yes,Yes,Yes,Month-to-month,Yes,Bank transfer (automatic),56.59,715.99,0,11.0,0,1,0.593,High Risk
Female,0,No,No,55,Yes,No,DSL,No,No,No,No,No,No,One year,Yes,Credit card (automatic),35.8,1955.01,4,16.6,1,0,0.204,Watch
Female,0,Yes,No,52,Yes,Yes,Fiber optic,No,Yes,Yes,No,Yes,Yes,Two year,Yes,Electronic check,87.39,4519.41,2,19.9,1,0,0.259,Watch
Male,0,No,No,60,Yes,No,DSL,No,No,No,Yes,No,No,Month-to-month,Yes,Mailed check,46.11,2809.3,3,5.8,0,0,0.368,Watch
Male,0,No,No,35,Yes,No,DSL,Yes,No,No,No,Yes,Yes,Month-to-month,No,Electronic check,61.8,2125.26,1,22.0,1,1,0.714,Critical Risk
Male,0,Yes,No,23,Yes,No,DSL,No,Yes,No,No,Yes,No,Month-to-month,Yes,Electronic check,50.8,1171.78,4,13.7,0,0,0.793,Critical Risk
Male,0,Yes,Yes,37,Yes,No,Fiber optic,No,Yes,Yes,No,Yes,No,Month-to-month,No,Bank transfer (automatic),80.43,3010.1,0,18.2,0,0,0.573,High Risk
Female,0,No,Yes,71,No,No,DSL,No,No,No,No,No,Yes,Month-to-month,No,Electronic check,43.07,3056.52,1,23.4,1,1,0.271,Watch
Female,0,Yes,Yes,14,Yes,No,No,No,No,No,No,No,No,Two year,Yes,Electronic check,21.45,246.78,3,16.6,0,1,0.253,Watch
Male,0,Yes,No,48,Yes,No,Fiber optic,Yes,No,No,Yes,Yes,No,Month-to-month,Yes,Mailed check,82.04,3982.5,0,12.7,2,0,0.647,High Risk
Female,0,No,No,16,Yes,Yes,Fiber optic,Yes,No,Yes,No,No,No,Month-to-month,No,Bank transfer (automatic),71.44,1182.97,1,13.4,1,0,0.853,Critical Risk
Female,0,No,Yes,56,Yes,No,No,No,No,No,No,No,No,Two year,Yes,Electronic check,18.0,987.11,2,15.4,1,0,0.085,Healthy
Male,0,No,No,30,Yes,Yes,Fiber optic,Yes,Yes,Yes,No,Yes,Yes,Two year,Yes,Mailed check,91.3,2760.95,1,18.5,0,1,0.215,Watch
Female,0,No,No,62,Yes,No,Fiber optic,Yes,No,No,Yes,Yes,Yes,Month-to-month,No,Credit card (automatic),85.64,5316.53,2,22.9,0,0,0.41,High Risk
Male,1,No,No,11,Yes,Yes,No,No,No,No,No,No,No,Month-to-month,No,Electronic check,18.0,170.45,1,17.8,2,0,0.714,Critical Risk
Female,0,Yes,Yes,9,Yes,No,No,No,No,No,No,No,No,Month-to-month,Yes,Electronic check,18.0,183.02,1,1.0,0,1,0.72,Critical Risk
Female,1,Yes,No,69,Yes,No,Fiber optic,Yes,No,Yes,No,No,No,Two year,Yes,Mailed check,72.96,5023.96,1,23.0,0,0,0.045,Healthy
Male,0,No,No,24,Yes,Yes,Fiber optic,No,No,Yes,Yes,Yes,No,Two year,No,Electronic check,79.17,1901.77,1,15.4,0,0,0.214,Watch
Male,0,Yes,No,6,Yes,No,Fiber optic,Yes,Yes,No,No,Yes,Yes,Month-to-month,Yes,Credit card (automatic),86.66,534.29,0,19.9,1,1,0.83,Critical Risk
Female,0,No,Yes,61,Yes,No,Fiber optic,Yes,No,No,Yes,No,Yes,Two year,No,Electronic check,82.86,5065.06,0,16.3,0,1,0.091,Healthy
Male,0,No,Yes,30,Yes,Yes,Fiber optic,Yes,Yes,No,Yes,Yes,Yes,Month-to-month,Yes,Electronic check,94.96,2860.34,0,4.0,2,1,0.882,Critical Risk
Female,1,Yes,No,67,Yes,Yes,No,No,No,No,No,No,No,Two year,No,Electronic check,18.0,1182.8,0,2.0,0,0,0.022,Healthy
Female,0,No,No,31,Yes,Yes,Fiber optic,Yes,No,Yes,No,Yes,No,Two year,No,Electronic check,81.17,2461.56,1,9.0,2,0,0.502,High Risk
Female,1,No,Yes,55,No,No,DSL,Yes,Yes,No,Yes,No,No,Month-to-month,No,Electronic check,53.73,2940.23,0,14.9,1,0,0.32,Watch
Female,1,No,No,42,Yes,No,Fiber optic,Yes,No,No,No,No,No,Month-to-month,No,Mailed check,68.48,2893.86,1,7.1,1,0,0.689,High Risk
Male,0,Yes,Yes,35,Yes,No,Fiber optic,Yes,No,No,Yes,Yes,No,One year,Yes,Electronic check,77.01,2670.98,2,20.6,0,0,0.439,High Risk
Male,0,No,No,35,Yes,No,Fiber optic,Yes,Yes,Yes,No,Yes,No,Month-to-month,Yes,Mailed check,82.36,2880.3,1,10.4,0,1,0.697,High Risk
Male,0,Yes,No,18,Yes,No,Fiber optic,Yes,No,No,Yes,Yes,Yes,Two year,No,Mailed check,86.56,1563.7,1,16.4,1,0,0.326,Watch
Male,0,No,Yes,53,Yes,No,No,No,No,No,No,No,No,Month-to-month,Yes,Electronic check,19.93,1054.28,2,17.5,1,0,0.518,High Risk
Male,0,No,Yes,38,Yes,No,DSL,Yes,No,Yes,No,Yes,No,Two year,Yes,Bank transfer (automatic),55.71,2143.64,0,13.6,0,0,0.075,Healthy
Female,0,Yes,No,0,Yes,No,No,No,No,No,No,No,No,Month-to-month,Yes,Electronic check,19.42,0.0,0,9.2,0,1,0.729,Critical Risk
Male,1,Yes,No,29,Yes,Yes,Fiber optic,Yes,Yes,Yes,Yes,No,No,Two year,Yes,Mailed check,82.86,2400.28,3,12.2,0,0,0.199,Healthy
Female,0,No,Yes,29,Yes,Yes,DSL,Yes,No,Yes,Yes,No,Yes,One year,Yes,Credit card (automatic),62.63,1821.2,1,10.6,2,0,0.296,Watch
Female,0,No,No,64,Yes,Yes,DSL,No,Yes,No,Yes,No,Yes,Month-to-month,Yes,Credit card (automatic),52.59,3368.93,0,9.4,2,0,0.212,Watch
Female,0,Yes,Yes,31,Yes,No,No,No,No,No,No,No,No,Month-to-month,Yes,Credit card (automatic),18.0,527.51,0,7.8,1,0,0.422,High Risk
Female,0,No,No,41,Yes,Yes,No,No,No,No,No,No,No,Month-to-month,No,Mailed check,20.69,877.48,3,18.5,1,0,0.483,High Risk
Male,1,No,No,6,Yes,No,DSL,Yes,No,No,Yes,No,No,One year,Yes,Electronic check,44.8,289.2,1,24.6,1,0,0.361,Watch
Female,0,Yes,No,28,Yes,No,Fiber optic,Yes,No,Yes,No,Yes,Yes,Two year,Yes,Mailed check,86.4,2401.47,1,14.7,0,0,0.278,Watch
Male,1,No,No,20,No,No,DSL,Yes,No,Yes,Yes,Yes,Yes,One year,Yes,Credit card (automatic),61.01,1231.23,2,16.0,1,0,0.221,Watch
Male,0,Yes,No,36,Yes,No,Fiber optic,No,Yes,No,No,No,Yes,One year,No,Credit card (automatic),76.54,2747.85,0,12.8,1,0,0.294,Watch
Female,1,Yes,Yes,65,Yes,No,DSL,Yes,No,Yes,Yes,Yes,No,One year,Yes,Mailed check,54.53,3561.9,0,12.3,0,0,0.04,Healthy
Male,0,No,No,68,Yes,No,Fiber optic,Yes,Yes,Yes,No,No,Yes,Two year,Yes,Bank transfer (automatic),91.28,6237.06,2,8.1,0,0,0.112,Healthy
Male,0,Yes,Yes,20,Yes,Yes,Fiber optic,Yes,No,Yes,No,No,No,Month-to-month,Yes,Electronic check,75.58,1479.1,3,19.9,1,1,0.918,Critical Risk
Male,0,No,No,44,No,No,Fiber optic,No,No,Yes,No,Yes,Yes,One year,No,Electronic check,75.23,3346.08,1,15.1,1,0,0.37,Watch
Female,0,No,No,69,No,No,DSL,Yes,No,Yes,Yes,No,Yes,Month-to-month,No,Credit card (automatic),63.29,4400.14,1,16.7,0,0,0.133,Healthy
Male,0,No,Yes,16,Yes,Yes,Fiber optic,No,No,Yes,No,Yes,Yes,Month-to-month,Yes,Credit card (automatic),84.13,1326.77,1,12.8,1,0,0.839,Critical Risk
Male,0,Yes,No,31,Yes,Yes,No,No,No,No,No,No,No,Month-to-month,Yes,Bank transfer (automatic),18.0,509.93,1,3.6,2,1,0.649,High Risk
Male,0,Yes,No,36,Yes,Yes,Fiber optic,Yes,No,No,Yes,No,No,Two year,Yes,Electronic check,71.9,2589.29,0,9.1,1,0,0.22,Watch
Female,0,No,No,0,Yes,No,No,No,No,No,No,No,No,One year,Yes,Electronic check,18.0,6.79,2,16.5,1,0,0.535,High Risk
Male,0,No,No,33,Yes,No,No,No,No,No,No,No,No,Two year,Yes,Electronic check,18.0,573.91,1,15.6,1,0,0.123,Healthy
Male,0,No,No,8,Yes,Yes,DSL,No,Yes,No,Yes,Yes,Yes,Month-to-month,No,Electronic check,63.86,493.27,1,14.3,0,0,0.684,High Risk
Male,0,Yes,Yes,22,Yes,Yes,DSL,No,No,No,Yes,No,Yes,Month-to-month,No,Electronic check,46.63,1039.08,1,17.8,0,0,0.524,High Risk
Female,0,Yes,No,8,Yes,No,Fiber optic,No,Yes,No,No,Yes,Yes,Month-to-month,Yes,Electronic check,82.79,662.12,3,7.2,0,0,0.934,Critical Risk
Female,0,Yes,No,53,No,No,Fiber optic,Yes,Yes,No,No,No,No,Month-to-month,Yes,Electronic check,76.84,4057.74,3,19.4,1,1,0.819,Critical Risk
Female,0,No,Yes,60,Yes,Yes,No,No,No,No,No,No,No,Two year,No,Credit card (automatic),18.0,1094.99,1,24.9,1,1,0.023,Healthy
Male,0,Yes,No,19,Yes,Yes,DSL,Yes,Yes,Yes,No,Yes,No,Month-to-month,Yes,Electronic check,54.37,1034.46,2,20.5,0,1,0.688,High Risk
Male,0,No,No,2,Yes,No,DSL,Yes,No,Yes,No,Yes,Yes,Two year,Yes,Electronic check,64.37,168.64,1,12.2,0,0,0.359,Watch
Female,0,Yes,No,35,Yes,No,No,No,No,No,No,No,No,Month-to-month,Yes,Mailed check,18.0,675.25,1,21.9,0,0,0.343,Watch
Female,1,Yes,Yes,8,No,No,No,No,No,No,No,No,No,Month-to-month,Yes,Bank transfer (automatic),18.0,149.23,0,16.5,0,0,0.456,High Risk
Female,0,No,No,32,Yes,No,Fiber optic,Yes,Yes,Yes,Yes,No,Yes,Month-to-month,No,Mailed check,102.46,3276.27,1,13.4,0,1,0.712,Critical Risk
Male,0,No,No,39,Yes,No,Fiber optic,Yes,No,Yes,No,Yes,Yes,Month-to-month,Yes,Bank transfer (automatic),85.69,3343.26,1,17.6,1,0,0.757,Critical Risk
Male,0,No,Yes,34,Yes,Yes,No,No,No,No,No,No,No,One year,No,Bank transfer (automatic),19.78,658.84,2,22.1,0,0,0.152,Healthy
Female,0,Yes,No,38,Yes,Yes,Fiber optic,No,No,No,No,Yes,Yes,Two year,Yes,Electronic check,74.21,2828.77,2,0.0,0,1,0.331,Watch
Female,0,No,Yes,41,Yes,Yes,Fiber optic,No,Yes,Yes,No,Yes,No,Two year,Yes,Bank transfer (automatic),82.41,3361.06,1,2.0,0,1,0.172,Healthy
Male,0,Yes,No,11,Yes,No,No,No,No,No,No,No,No,Month-to-month,Yes,Electronic check,18.0,202.77,1,5.0,1,0,0.751,Critical Risk
Female,0,No,No,49,Yes,No,DSL,No,No,No,Yes,No,No,Month-to-month,Yes,Bank transfer (automatic),42.01,2044.42,2,11.4,0,1,0.401,High Risk
Female,0,No,Yes,48,Yes,Yes,DSL,No,Yes,Yes,Yes,No,No,Month-to-month,No,Credit card (automatic),59.38,2834.33,0,16.8,0,0,0.145,Healthy
Male,0,Yes,No,10,Yes,Yes,No,No,No,No,No,No,No,Month-to-month,Yes,Electronic check,18.0,170.27,3,22.7,0,1,0.705,Critical Risk
Female,0,No,No,31,Yes,No,Fiber optic,No,No,No,Yes,No,No,Month-to-month,No,Electronic check,73.15,2258.38,0,6.7,1,0,0.793,Critical Risk
Male,1,Yes,No,21,Yes,No,DSL,No,No,Yes,No,Yes,Yes,Month-to-month,Yes,Credit card (automatic),47.4,1002.53,3,22.6,0,0,0.494,High Risk
Male,1,Yes,Yes,29,Yes,Yes,Fiber optic,Yes,Yes,Yes,No,Yes,No,Month-to-month,Yes,Credit card (automatic),84.68,2463.81,1,11.3,0,0,0.661,High Risk
Female,1,Yes,No,56,Yes,No,Fiber optic,No,Yes,Yes,No,No,Yes,Two year,Yes,Mailed check,81.88,4586.02,3,18.4,0,0,0.119,Healthy
Female,1,Yes,Yes,43,Yes,Yes,DSL,Yes,Yes,Yes,Yes,No,Yes,One year,Yes,Electronic check,72.25,3111.59,1,12.5,1,0,0.192,Healthy
Male,0,No,No,66,No,No,Fiber optic,No,Yes,Yes,No,Yes,No,One year,Yes,Bank transfer (automatic),79.11,5231.29,0,6.0,0,0,0.133,Healthy
Female,0,No,No,41,Yes,Yes,DSL,Yes,No,No,Yes,Yes,Yes,Month-to-month,No,Mailed check,61.63,2509.95,1,20.8,1,0,0.428,High Risk
Male,0,No,Yes,3,Yes,Yes,DSL,No,No,Yes,No,Yes,No,Month-to-month,No,Mailed check,51.43,156.39,1,8.7,0,0,0.724,Critical Risk
Female,0,No,Yes,51,No,No,DSL,No,No,No,Yes,No,No,Month-to-month,No,Bank transfer (automatic),49.01,2494.53,0,5.4,1,0,0.394,Watch
Male,0,No,Yes,5,Yes,Yes,Fiber optic,No,Yes,No,No,Yes,No,Month-to-month,Yes,Electronic check,71.78,344.35,2,20.9,0,1,0.883,Critical Risk
Female,1,Yes,Yes,24,Yes,No,No,No,No,No,No,No,No,Two year,No,Bank transfer (automatic),18.62,465.28,1,17.5,1,0,0.085,Healthy
Female,0,Yes,No,68,Yes,Yes,Fiber optic,Yes,No,Yes,Yes,No,Yes,One year,Yes,Bank transfer (automatic),87.02,5955.22,0,22.0,0,0,0.092,Healthy
Female,0,Yes,No,72,Yes,Yes,No,No,No,No,No,No,No,Month-to-month,No,Electronic check,22.57,1648.58,0,23.3,1,0,0.188,Healthy
Female,0,No,Yes,10,Yes,Yes,DSL,No,Yes,No,Yes,Yes,Yes,One year,No,Mailed check,62.0,637.09,1,17.4,0,0,0.231,Watch
Male,0,No,No,71,Yes,Yes,Fiber optic,No,Yes,Yes,Yes,No,No,Two year,Yes,Mailed check,79.8,5672.59,0,6.8,0,0,0.03,Healthy
Female,0,No,No,71,Yes,Yes,Fiber optic,No,Yes,No,No,No,Yes,Month-to-month,No,Mailed check,76.92,5466.12,2,5.3,1,0,0.527,High Risk
Male,0,Yes,Yes,64,Yes,No,No,No,No,No,No,No,No,Two year,Yes,Mailed check,18.0,1159.18,1,8.5,3,0,0.07,Healthy
Female,0,Yes,No,60,Yes,Yes,Fiber optic,Yes,No,Yes,Yes,No,No,Month-to-month,No,Credit card (automatic),82.68,4970.15,0,24.0,0,1,0.281,Watch
Female,0,No,Yes,5,Yes,Yes,Fiber optic,No,No,No,Yes,Yes,No,Month-to-month,No,Mailed check,76.92,407.71,1,16.3,1,1,0.847,Critical Risk
Male,1,Yes,No,8,Yes,No,DSL,Yes,Yes,Yes,No,Yes,Yes,Two year,Yes,Electronic check,67.18,532.29,2,12.1,1,0,0.351,Watch
Female,0,No,No,44,Yes,No,No,No,No,No,No,No,No,Month-to-month,Yes,Bank transfer (automatic),18.0,794.68,3,19.2,2,0,0.552,High Risk
Female,0,Yes,No,7,Yes,Yes,No,No,No,No,No,No,No,One year,No,Electronic check,23.74,188.59,2,18.0,0,1,0.408,High Risk
Male,0,Yes,No,18,Yes,Yes,No,No,No,No,No,No,No,Month-to-month,Yes,Electronic check,18.66,323.59,2,14.3,0,0,0.664,High Risk
Male,0,No,Yes,71,Yes,Yes,DSL,No,Yes,No,Yes,No,Yes,Month-to-month,No,Credit card (automatic),51.7,3660.77,0,18.7,3,0,0.174,Healthy
Male,0,No,No,66,Yes,Yes,DSL,No,No,No,No,Yes,No,Two year,Yes,Bank transfer (automatic),44.22,2907.67,0,7.0,1,0,0.042,Healthy
Male,1,No,Yes,18,Yes,Yes,Fiber optic,No,Yes,No,Yes,Yes,No,Month-to-month,Yes,Electronic check,76.0,1360.83,1,28.9,3,1,0.858,Critical Risk
Male,0,No,Yes,39,Yes,No,Fiber optic,Yes,No,No,No,No,Yes,Month-to-month,No,Electronic check,75.77,2974.82,0,0.0,0,1,0.765,Critical Risk
Female,0,Yes,Yes,39,Yes,No,Fiber optic,No,No,Yes,No,Yes,Yes,Month-to-month,Yes,Mailed check,81.1,3201.48,1,8.3,1,1,0.754,Critical Risk
Female,0,No,No,19,Yes,No,DSL,Yes,No,No,No,Yes,Yes,Two year,No,Bank transfer (automatic),56.3,1055.0,0,9.7,0,0,0.154,Healthy
Male,0,No,No,17,Yes,Yes,Fiber optic,No,No,Yes,Yes,No,Yes,Two year,Yes,Bank transfer (automatic),78.81,1310.98,1,11.2,0,0,0.219,Watch
Female,0,No,No,31,Yes,No,DSL,No,Yes,Yes,No,Yes,Yes,Month-to-month,No,Mailed check,68.04,2098.3,1,12.5,0,0,0.557,High Risk
Female,0,No,No,43,Yes,Yes,Fiber optic,Yes,No,No,Yes,No,Yes,Month-to-month,Yes,Credit card (automatic),82.12,3533.05,2,20.3,2,0,0.69,High Risk
Male,1,Yes,No,58,Yes,Yes,DSL,No,Yes,Yes,No,No,No,One year,No,Mailed check,43.29,2503.06,1,16.3,1,0,0.075,Healthy
Female,0,Yes,No,61,Yes,No,No,No,No,No,No,No,No,Two year,Yes,Credit card (automatic),18.0,1106.23,1,11.9,1,0,0.03,Healthy
Female,0,No,No,1,Yes,Yes,DSL,No,No,No,Yes,Yes,Yes,One year,No,Credit card (automatic),58.82,56.57,2,20.5,0,0,0.301,Watch
Female,0,No,No,47,Yes,No,Fiber optic,Yes,No,Yes,Yes,No,Yes,Two year,No,Mailed check,94.93,4481.01,1,10.9,1,0,0.158,Healthy
Female,0,Yes,No,44,Yes,Yes,DSL,No,Yes,Yes,No,No,Yes,Month-to-month,Yes,Electronic check,47.53,2099.38,1,13.6,1,0,0.45,High Risk
Female,1,Yes,No,3,Yes,No,DSL,No,Yes,No,Yes,No,No,Month-to-month,No,Bank transfer (automatic),48.14,94.51,2,9.3,1,0,0.706,Critical Risk
Male,0,No,Yes,60,Yes,No,Fiber optic,No,Yes,No,No,Yes,No,One year,Yes,Credit card (automatic),75.94,4534.17,1,4.5,0,0,0.194,Healthy
Female,0,No,No,43,Yes,No,DSL,Yes,Yes,No,Yes,Yes,No,Month-to-month,Yes,Mailed check,61.05,2619.33,3,12.2,0,1,0.464,High Risk
Female,0,No,No,52,Yes,No,Fiber optic,Yes,Yes,Yes,No,Yes,Yes,Month-to-month,Yes,Bank transfer (automatic),90.78,4690.16,2,15.4,1,1,0.759,Critical Risk
Male,0,Yes,No,48,Yes,Yes,DSL,No,Yes,No,Yes,Yes,Yes,Two year,Yes,Mailed check,66.43,3197.77,3,25.4,2,0,0.093,Healthy
Female,0,No,Yes,24,Yes,No,Fiber optic,No,Yes,Yes,No,Yes,Yes,One year,No,Electronic check,89.53,2166.41,2,11.8,1,0,0.677,High Risk
Male,0,No,Yes,14,Yes,Yes,No,No,No,No,No,No,No,Month-to-month,Yes,Bank transfer (automatic),18.0,257.08,0,13.1,1,0,0.604,High Risk
Male,0,No,No,27,Yes,No,Fiber optic,No,No,Yes,Yes,No,No,Month-to-month,Yes,Mailed check,73.63,1983.15,0,9.7,1,1,0.712,Critical Risk
Male,0,Yes,No,55,Yes,Yes,DSL,No,Yes,No,No,Yes,Yes,Month-to-month,No,Credit card (automatic),57.15,3139.56,1,3.6,1,0,0.408,High Risk
Female,0,No,No,46,Yes,No,Fiber optic,No,No,No,No,Yes,Yes,Month-to-month,Yes,Electronic check,82.3,3771.0,0,9.2,0,1,0.696,High Risk
Male,0,No,No,45,Yes,No,DSL,Yes,Yes,Yes,No,Yes,No,Month-to-month,No,Credit card (automatic),65.56,2948.35,3,9.9,0,0,0.471,High Risk
Male,0,No,No,9,Yes,No,Fiber optic,Yes,Yes,No,No,No,Yes,Month-to-month,Yes,Electronic check,81.3,709.75,3,19.8,0,1,0.915,Critical Risk
Male,0,No,No,0,Yes,No,No,No,No,No,No,No,No,Two year,Yes,Electronic check,19.36,0.0,1,12.4,1,0,0.3,Watch
Female,0,No,Yes,48,Yes,No,DSL,Yes,Yes,Yes,Yes,Yes,Yes,Month-to-month,No,Mailed check,72.85,3482.04,0,12.8,0,0,0.24,Watch
Female,0,Yes,Yes,69,Yes,No,DSL,No,Yes,Yes,No,No,Yes,Month-to-month,No,Electronic check,55.63,3823.95,2,20.8,0,0,0.275,Watch
Male,0,No,No,26,Yes,Yes,No,No,No,No,No,No,No,Month-to-month,Yes,Bank transfer (automatic),19.49,550.09,1,18.4,0,1,0.478,High Risk
Male,0,No,No,32,Yes,Yes,Fiber optic,Yes,Yes,No,Yes,Yes,Yes,Month-to-month,Yes,Bank transfer (automatic),99.51,3178.58,1,17.8,1,1,0.786,Critical Risk
Female,0,Yes,No,69,Yes,Yes,DSL,Yes,Yes,Yes,Yes,No,No,Two year,Yes,Credit card (automatic),64.91,4486.87,1,21.1,1,0,0.02,Healthy
Male,1,Yes,No,16,Yes,No,No,No,No,No,No,No,No,One year,No,Credit card (automatic),21.01,334.08,0,6.6,2,1,0.268,Watch
Female,0,No,Yes,38,Yes,No,DSL,Yes,Yes,Yes,No,No,Yes,Month-to-month,Yes,Electronic check,62.69,2360.34,0,1.4,1,0,0.647,High Risk
Male,0,Yes,No,6,Yes,No,Fiber optic,Yes,Yes,No,No,No,Yes,One year,Yes,Bank transfer (automatic),83.23,504.51,1,14.4,0,0,0.617,High Risk
Female,0,No,Yes,19,No,No,DSL,No,Yes,Yes,Yes,Yes,No,Month-to-month,No,Credit card (automatic),65.55,1217.95,0,10.8,0,1,0.398,Watch
Male,0,Yes,No,27,Yes,Yes,No,No,No,No,No,No,No,Month-to-month,Yes,Electronic check,18.97,516.63,2,20.8,1,0,0.676,High Risk
Male,0,Yes,Yes,50,Yes,No,Fiber optic,Yes,Yes,Yes,No,No,No,Month-to-month,No,Mailed check,79.99,4005.02,2,13.1,1,0,0.739,Critical Risk
Female,0,Yes,No,22,Yes,Yes,DSL,Yes,Yes,Yes,Yes,Yes,No,Month-to-month,Yes,Electronic check,75.98,1667.6,2,26.6,0,0,0.663,High Risk
Male,0,No,No,33,Yes,No,No,No,No,No,No,No,No,Month-to-month,Yes,Credit card (automatic),20.02,638.93,1,22.1,0,0,0.317,Watch
Female,0,No,No,21,No,No,DSL,Yes,Yes,Yes,Yes,No,No,Month-to-month,Yes,Credit card (automatic),67.98,1440.72,2,18.7,2,1,0.666,High Risk
Female,1,Yes,Yes,10,Yes,No,No,No,No,No,No,No,No,One year,Yes,Bank transfer (automatic),18.07,209.83,2,21.1,0,0,0.236,Watch
Female,0,Yes,Yes,57,Yes,Yes,Fiber optic,Yes,Yes,No,Yes,Yes,Yes,Month-to-month,Yes,Electronic check,94.84,5362.9,2,8.0,0,1,0.702,Critical Risk
Female,0,Yes,No,49,Yes,No,DSL,Yes,No,Yes,No,No,Yes,Month-to-month,Yes,Mailed check,61.06,2976.16,0,8.9,0,0,0.454,High Risk
Female,1,No,Yes,47,Yes,No,Fiber optic,Yes,No,No,Yes,Yes,Yes,Month-to-month,Yes,Credit card (automatic),95.38,4461.66,1,7.0,1,0,0.615,High Risk
Male,1,No,Yes,42,No,No,DSL,No,Yes,Yes,No,No,Yes,Month-to-month,Yes,Electronic check,60.41,2523.9,1,12.0,0,0,0.428,High Risk
Male,0,No,No,9,No,No,Fiber optic,Yes,No,No,No,Yes,No,Month-to-month,No,Mailed check,80.45,715.9,1,4.1,1,1,0.912,Critical Risk
Male,0,Yes,Yes,37,Yes,No,Fiber optic,Yes,No,Yes,No,Yes,Yes,Month-to-month,Yes,Electronic check,87.68,3239.97,0,6.5,2,1,0.878,Critical Risk
Female,0,No,Yes,51,Yes,No,Fiber optic,No,Yes,Yes,No,No,No,Two year,Yes,Credit card (automatic),74.05,3812.98,2,10.5,0,0,0.12,Healthy
Male,0,Yes,No,36,Yes,Yes,No,No,No,No,No,No,No,Month-to-month,No,Bank transfer (automatic),20.22,720.7,3,1.5,0,0,0.55,High Risk
Male,0,Yes,No,52,Yes,Yes,No,No,No,No,No,No,No,One year,Yes,Bank transfer (automatic),19.6,1028.78,1,12.6,1,0,0.141,Healthy
Male,0,Yes,No,24,Yes,No,Fiber optic,Yes,Yes,Yes,Yes,Yes,Yes,One year,Yes,Electronic check,101.85,2449.22,1,4.2,0,1,0.556,High Risk
Male,0,Yes,No,37,Yes,Yes,Fiber optic,Yes,Yes,Yes,No,No,Yes,Two year,Yes,Mailed check,92.05,3406.55,0,10.7,0,0,0.161,Healthy
Male,0,Yes,No,27,Yes,Yes,DSL,No,Yes,No,Yes,Yes,Yes,Month-to-month,Yes,Bank transfer (automatic),57.03,1557.15,3,2.5,0,0,0.638,High Risk
Male,0,No,No,72,Yes,No,No,No,No,No,No,No,No,Month-to-month,Yes,Electronic check,20.89,1498.31,2,21.0,0,0,0.222,Watch
Female,0,Yes,No,13,Yes,No,No,No,No,No,No,No,No,Month-to-month,Yes,Bank transfer (automatic),18.0,251.82,1,20.7,0,1,0.564,High Risk
Female,0,No,Yes,20,Yes,No,No,No,No,No,No,No,No,One year,No,Mailed check,19.44,423.41,2,7.9,1,0,0.337,Watch
Female,0,No,No,49,Yes,No,Fiber optic,No,No,No,No,Yes,Yes,Month-to-month,No,Mailed check,76.76,3742.47,2,13.3,1,1,0.78,Critical Risk
Male,1,No,No,4,Yes,No,DSL,Yes,No,No,No,No,No,Month-to-month,Yes,Bank transfer (automatic),40.19,179.66,1,23.2,0,0,0.638,High Risk
Female,0,No,No,37,Yes,Yes,DSL,Yes,No,No,Yes,Yes,No,Two year,Yes,Electronic check,56.1,2081.48,2,23.5,0,0,0.106,Healthy
Male,0,No,No,2,Yes,No,Fiber optic,No,No,No,Yes,No,No,Month-to-month,Yes,Mailed check,68.0,142.5,0,11.6,0,1,0.777,Critical Risk
Female,0,Yes,No,38,Yes,No,DSL,Yes,Yes,Yes,Yes,No,No,Month-to-month,Yes,Mailed check,59.81,2268.83,2,8.3,1,0,0.523,High Risk
Female,0,Yes,No,23,Yes,No,Fiber optic,No,Yes,No,No,No,Yes,Two year,Yes,Electronic check,77.08,1790.25,2,25.8,0,0,0.308,Watch
Female,0,No,No,13,Yes,No,Fiber optic,No,Yes,Yes,No,No,No,One year,No,Electronic check,74.07,932.38,1,6.8,0,0,0.624,High Risk
Male,0,No,No,36,Yes,Yes,Fiber optic,Yes,No,Yes,Yes,No,Yes,Two year,Yes,Mailed check,90.25,3246.01,2,18.5,1,0,0.231,Watch
Male,0,No,No,24,Yes,Yes,Fiber optic,No,Yes,Yes,No,No,No,Month-to-month,Yes,Credit card (automatic),70.25,1661.12,0,11.8,1,0,0.638,High Risk
Female,0,No,No,5,No,No,DSL,Yes,No,Yes,Yes,No,No,Month-to-month,No,Bank transfer (automatic),54.81,236.11,0,11.6,0,1,0.577,High Risk
Male,0,No,No,38,Yes,Yes,Fiber optic,Yes,Yes,Yes,Yes,No,No,Month-to-month,Yes,Mailed check,86.78,3318.72,2,9.8,1,1,0.719,Critical Risk
Male,0,No,No,41,Yes,Yes,DSL,Yes,Yes,Yes,No,Yes,No,One year,No,Credit card (automatic),62.32,2526.92,0,16.1,0,0,0.094,Healthy
Male,0,No,Yes,48,Yes,Yes,DSL,Yes,Yes,No,Yes,Yes,No,Two year,Yes,Mailed check,60.26,2923.51,0,14.0,0,0,0.029,Healthy
Male,1,No,Yes,65,Yes,No,Fiber optic,Yes,No,Yes,No,No,No,Two year,No,Electronic check,73.95,4816.05,3,5.6,0,0,0.161,Healthy
Male,0,No,No,51,Yes,Yes,DSL,Yes,Yes,No,Yes,Yes,Yes,One year,Yes,Credit card (automatic),66.01,3369.25,2,13.7,1,0,0.159,Healthy
Male,0,No,Yes,58,Yes,No,DSL,No,Yes,Yes,Yes,No,Yes,One year,Yes,Credit card (automatic),66.07,3816.16,2,9.6,0,0,0.083,Healthy
Female,0,No,Yes,47,Yes,Yes,DSL,Yes,No,Yes,No,No,Yes,Month-to-month,Yes,Credit card (automatic),55.18,2610.95,0,13.2,0,0,0.25,Watch
Female,0,No,Yes,49,Yes,Yes,DSL,No,No,Yes,No,Yes,Yes,Month-to-month,Yes,Electronic check,51.37,2538.48,0,17.0,0,0,0.42,High Risk
Female,0,Yes,No,57,Yes,No,DSL,Yes,Yes,No,Yes,No,Yes,Month-to-month,Yes,Mailed check,61.11,3484.39,0,11.0,0,0,0.244,Watch
Male,0,Yes,No,48,Yes,No,Fiber optic,Yes,Yes,No,No,Yes,Yes,One year,No,Mailed check,86.79,4197.27,1,12.2,0,0,0.262,Watch
Female,0,No,No,36,Yes,Yes,No,No,No,No,No,No,No,Two year,No,Mailed check,18.0,646.13,0,9.7,1,0,0.061,Healthy
Male,0,Yes,No,53,Yes,No,DSL,No,Yes,No,No,Yes,Yes,One year,Yes,Electronic check,56.44,2984.41,2,16.4,0,0,0.221,Watch
Male,0,Yes,No,70,Yes,Yes,DSL,No,No,No,No,No,No,Month-to-month,Yes,Electronic check,39.25,2751.62,1,13.4,1,0,0.341,Watch
Male,0,No,No,36,No,No,DSL,No,Yes,No,No,No,Yes,Month-to-month,Yes,Electronic check,49.95,1831.6,0,16.4,1,1,0.534,High Risk
Male,0,No,No,16,No,No,DSL,Yes,No,No,No,Yes,Yes,Month-to-month,Yes,Electronic check,58.48,919.46,1,14.5,0,0,0.775,Critical Risk
Female,0,No,No,29,Yes,No,Fiber optic,No,Yes,Yes,No,Yes,No,Month-to-month,No,Mailed check,83.02,2429.05,3,25.1,0,0,0.781,Critical Risk
Male,1,No,No,1,Yes,No,Fiber optic,Yes,Yes,Yes,Yes,Yes,No,Two year,Yes,Electronic check,99.78,110.82,1,16.4,0,0,0.429,High Risk
Female,0,Yes,No,22,Yes,No,Fiber optic,Yes,Yes,No,Yes,Yes,Yes,One year,No,Mailed check,91.76,2031.26,0,14.5,1,0,0.428,High Risk
Male,0,Yes,Yes,64,Yes,Yes,Fiber optic,Yes,No,No,Yes,No,Yes,Month-to-month,Yes,Electronic check,76.51,4892.16,3,15.0,0,1,0.595,High Risk
Female,0,No,Yes,7,Yes,Yes,No,No,No,No,No,No,No,Month-to-month,No,Bank transfer (automatic),18.0,114.0,4,24.2,0,0,0.696,High Risk
Male,0,Yes,No,64,Yes,No,No,No,No,No,No,No,No,Month-to-month,No,Credit card (automatic),21.71,1396.3,1,21.8,2,0,0.247,Watch
Male,0,No,No,41,Yes,No,DSL,Yes,Yes,No,No,No,Yes,Month-to-month,No,Bank transfer (automatic),56.37,2298.51,1,22.3,1,0,0.478,High Risk
Female,0,No,No,23,Yes,Yes,DSL,No,Yes,Yes,Yes,No,No,Month-to-month,No,Electronic check,59.46,1371.19,2,13.9,0,0,0.596,High Risk
Female,0,No,Yes,34,No,No,Fiber optic,Yes,No,No,Yes,Yes,No,Month-to-month,Yes,Electronic check,81.2,2756.54,0,18.5,0,0,0.686,High Risk
Male,0,No,No,64,No,No,Fiber optic,Yes,No,Yes,Yes,No,Yes,Month-to-month,Yes,Credit card (automatic),80.99,5194.98,1,13.4,0,0,0.297,Watch
Female,0,No,No,8,Yes,Yes,Fiber optic,Yes,No,Yes,No,No,Yes,Month-to-month,Yes,Mailed check,76.88,629.49,3,18.1,1,1,0.907,Critical Risk
Male,1,No,No,41,Yes,Yes,Fiber optic,No,No,No,No,Yes,No,Month-to-month,Yes,Bank transfer (automatic),72.82,3004.01,0,13.7,0,0,0.558,High Risk
Female,0,Yes,No,19,Yes,Yes,No,No,No,No,No,No,No,Month-to-month,No,Bank transfer (automatic),18.0,339.6,0,13.3,1,0,0.533,High Risk
Female,1,No,No,39,Yes,Yes,Fiber optic,Yes,Yes,No,No,No,Yes,Month-to-month,No,Electronic check,84.5,3313.74,1,11.9,1,0,0.784,Critical Risk
Male,0,Yes,No,57,Yes,No,No,No,No,No,No,No,No,One year,No,Electronic check,25.22,1462.08,2,15.5,0,0,0.154,Healthy
Female,1,No,No,67,Yes,Yes,No,No,No,No,No,No,No,One year,No,Bank transfer (automatic),18.3,1200.81,0,19.6,0,0,0.028,Healthy
Male,0,Yes,No,18,Yes,No,Fiber optic,Yes,No,Yes,Yes,No,No,Month-to-month,Yes,Electronic check,79.44,1436.79,0,19.8,1,1,0.815,Critical Risk
Male,0,No,No,48,Yes,No,DSL,Yes,Yes,No,Yes,No,Yes,Two year,No,Mailed check,63.32,3008.83,2,10.4,0,0,0.05,Healthy
Male,0,No,No,31,Yes,No,DSL,No,Yes,Yes,Yes,Yes,Yes,One year,Yes,Electronic check,68.66,2150.93,0,13.7,1,0,0.258,Watch
Male,1,Yes,Yes,36,Yes,No,Fiber optic,Yes,No,No,No,No,No,One year,Yes,Mailed check,63.98,2349.67,0,7.7,0,1,0.275,Watch
Female,0,No,No,11,Yes,No,No,No,No,No,No,No,No,Month-to-month,Yes,Mailed check,21.74,243.9,2,11.5,2,1,0.78,Critical Risk
Male,0,Yes,No,62,Yes,Yes,No,No,No,No,No,No,No,Two year,No,Mailed check,18.0,1108.81,1,10.1,0,0,0.025,Healthy
Male,0,Yes,Yes,12,Yes,No,DSL,No,Yes,No,Yes,No,Yes,Month-to-month,No,Mailed check,60.23,723.91,1,6.3,0,0,0.581,High Risk
Female,1,Yes,No,2,Yes,Yes,DSL,Yes,No,Yes,No,No,Yes,One year,Yes,Electronic check,59.52,108.91,1,12.3,0,1,0.501,High Risk
Male,0,Yes,No,55,Yes,Yes,No,No,No,No,No,No,No,Month-to-month,No,Mailed check,18.39,987.32,4,24.4,1,0,0.438,High Risk
Female,0,No,Yes,29,Yes,Yes,Fiber optic,No,Yes,Yes,No,Yes,Yes,Two year,Yes,Mailed check,83.98,2391.12,0,13.7,0,0,0.167,Healthy
Male,0,No,No,4,Yes,Yes,Fiber optic,Yes,Yes,Yes,No,Yes,No,One year,Yes,Mailed check,90.36,344.77,1,19.8,0,0,0.601,High Risk
Female,1,No,Yes,49,No,No,DSL,Yes,No,Yes,Yes,Yes,No,Two year,Yes,Mailed check,60.7,2967.24,1,14.2,0,0,0.046,Healthy
Female,0,No,No,20,Yes,No,DSL,No,No,No,Yes,Yes,No,Month-to-month,Yes,Mailed check,46.84,925.51,2,12.2,0,0,0.575,High Risk
Female,0,No,No,71,Yes,Yes,DSL,Yes,No,No,Yes,No,No,One year,Yes,Mailed check,52.66,3738.09,3,21.4,1,0,0.097,Healthy
Male,0,No,No,71,Yes,Yes,DSL,No,No,No,No,No,Yes,Month-to-month,No,Electronic check,41.02,2913.08,1,23.7,0,0,0.2,Watch
Male,1,No,No,40,Yes,No,Fiber optic,No,No,No,Yes,Yes,No,Month-to-month,Yes,Bank transfer (automatic),78.65,3129.66,1,7.2,1,1,0.676,High Risk
Female,1,Yes,Yes,34,No,No,DSL,Yes,No,Yes,No,Yes,No,Month-to-month,Yes,Mailed check,59.59,2024.65,2,21.7,0,0,0.516,High Risk
Male,0,No,No,32,Yes,Yes,Fiber optic,No,No,No,No,Yes,No,Two year,Yes,Electronic check,71.91,2301.5,0,15.5,1,0,0.312,Watch
Female,0,No,Yes,44,Yes,Yes,No,No,No,No,No,No,No,Month-to-month,No,Electronic check,21.63,945.67,1,7.0,0,0,0.409,High Risk
Male,0,Yes,No,66,Yes,Yes,DSL,Yes,Yes,No,No,No,Yes,One year,No,Mailed check,50.56,3350.74,3,12.0,0,0,0.102,Healthy
Female,1,Yes,No,46,Yes,Yes,No,No,No,No,No,No,No,Month-to-month,No,Electronic check,18.0,879.84,1,13.6,0,0,0.289,Watch
Female,0,Yes,Yes,7,Yes,No,DSL,Yes,Yes,No,Yes,No,No,Month-to-month,No,Electronic check,58.95,429.0,0,18.4,1,1,0.728,Critical Risk
Male,0,Yes,No,14,No,No,Fiber optic,No,No,No,Yes,No,No,Two year,Yes,Electronic check,73.13,1019.76,2,16.9,0,1,0.374,Watch
Male,0,No,No,45,No,No,DSL,No,Yes,No,No,Yes,Yes,Two year,Yes,Credit card (automatic),53.41,2384.73,1,12.1,0,0,0.037,Healthy
Female,0,Yes,No,26,Yes,Yes,No,No,No,No,No,No,No,One year,No,Mailed check,18.0,518.89,2,18.4,0,0,0.203,Watch
Male,0,No,Yes,34,Yes,No,DSL,Yes,Yes,Yes,No,No,Yes,Month-to-month,No,Credit card (automatic),61.73,2111.2,3,10.6,1,1,0.64,High Risk
Female,0,No,No,29,Yes,Yes,Fiber optic,No,No,Yes,No,No,Yes,Month-to-month,No,Mailed check,76.37,2213.86,2,11.7,0,0,0.774,Critical Risk
Male,1,Yes,Yes,43,Yes,No,No,No,No,No,No,No,No,Month-to-month,Yes,Bank transfer (automatic),18.0,789.36,1,25.6,0,0,0.224,Watch
Female,0,No,No,16,Yes,No,DSL,No,No,Yes,No,Yes,Yes,Month-to-month,Yes,Mailed check,46.88,755.89,2,4.6,0,1,0.686,High Risk
Female,0,No,No,5,Yes,Yes,Fiber optic,Yes,Yes,No,Yes,No,No,Month-to-month,Yes,Electronic check,81.39,422.44,2,19.1,1,0,0.908,Critical Risk
Male,0,No,No,17,Yes,No,Fiber optic,No,Yes,No,Yes,Yes,Yes,Month-to-month,Yes,Credit card (automatic),85.87,1462.66,1,7.6,0,1,0.717,Critical Risk
Female,0,No,No,48,Yes,Yes,DSL,Yes,No,Yes,Yes,Yes,No,Month-to-month,Yes,Credit card (automatic),64.21,3063.69,1,16.5,2,0,0.396,Watch
Male,1,No,No,44,Yes,Yes,DSL,Yes,No,No,No,Yes,No,Month-to-month,No,Bank transfer (automatic),56.89,2498.45,0,14.7,1,0,0.444,High Risk
Female,0,Yes,No,59,No,No,No,No,No,No,No,No,No,One year,No,Bank transfer (automatic),18.0,1035.75,1,10.3,0,0,0.071,Healthy
Male,0,Yes,No,7,Yes,Yes,No,No,No,No,No,No,No,Two year,Yes,Mailed check,19.06,145.56,2,13.7,0,0,0.152,Healthy
Male,0,Yes,No,10,Yes,Yes,DSL,Yes,No,No,No,Yes,No,Month-to-month,No,Electronic check,50.83,519.41,0,8.5,2,0,0.854,Critical Risk
Male,0,Yes,No,9,Yes,No,No,No,No,No,No,No,No,Month-to-month,No,Mailed check,18.0,178.06,2,17.3,1,1,0.675,High Risk
Male,0,No,No,41,Yes,No,No,No,No,No,No,No,No,Month-to-month,Yes,Bank transfer (automatic),18.0,758.58,1,18.5,1,0,0.386,Watch
Male,0,Yes,Yes,41,Yes,Yes,Fiber optic,No,Yes,Yes,No,Yes,No,Month-to-month,No,Mailed check,75.8,3056.74,2,21.5,1,1,0.648,High Risk
Female,0,No,No,11,No,No,Fiber optic,No,No,No,No,No,No,One year,Yes,Credit card (automatic),62.09,677.16,1,24.2,0,1,0.36,Watch
Male,0,Yes,No,32,No,No,DSL,Yes,Yes,No,Yes,No,Yes,Month-to-month,Yes,Bank transfer (automatic),70.06,2236.86,1,12.3,0,0,0.517,High Risk
Female,0,No,No,3,Yes,No,Fiber optic,Yes,No,Yes,Yes,Yes,Yes,One year,Yes,Electronic check,89.69,258.46,1,10.5,0,0,0.676,High Risk
Male,0,No,No,44,Yes,Yes,No,No,No,No,No,No,No,Month-to-month,No,Electronic check,18.0,792.28,1,10.8,1,0,0.448,High Risk
Male,1,No,Yes,41,Yes,Yes,Fiber optic,No,Yes,Yes,No,Yes,No,Month-to-month,Yes,Electronic check,78.96,3215.0,4,22.1,1,0,0.807,Critical Risk
Female,0,No,Yes,1,Yes,No,DSL,Yes,No,Yes,Yes,No,Yes,Two year,No,Mailed check,57.42,81.46,0,11.4,1,0,0.191,Healthy
Female,1,Yes,No,6,Yes,Yes,Fiber optic,Yes,Yes,No,Yes,No,No,Two year,Yes,Credit card (automatic),79.26,438.81,0,17.3,0,0,0.146,Healthy
Male,0,No,No,51,No,No,DSL,Yes,No,Yes,No,Yes,No,One year,Yes,Credit card (automatic),52.82,2665.32,1,6.4,0,0,0.132,Healthy
Male,0,Yes,No,65,Yes,No,DSL,Yes,No,No,Yes,No,No,Two year,No,Bank transfer (automatic),53.87,3478.18,3,13.7,1,0,0.068,Healthy
Female,0,No,No,62,Yes,No,DSL,No,No,Yes,No,No,No,Two year,Yes,Electronic check,45.22,2814.82,3,15.9,0,0,0.078,Healthy
Female,0,No,Yes,41,Yes,No,DSL,Yes,No,Yes,Yes,No,No,Month-to-month,No,Credit card (automatic),57.34,2335.87,4,12.8,1,1,0.553,High Risk
Female,0,Yes,No,38,Yes,Yes,Fiber optic,No,No,Yes,Yes,No,Yes,Two year,No,Credit card (automatic),82.19,3144.68,1,11.4,2,0,0.169,Healthy
Male,0,Yes,No,59,Yes,Yes,DSL,Yes,Yes,No,No,Yes,No,One year,Yes,Bank transfer (automatic),54.8,3208.29,1,4.8,0,0,0.135,Healthy
Male,0,Yes,No,61,Yes,No,Fiber optic,Yes,Yes,No,No,Yes,Yes,Month-to-month,Yes,Electronic check,90.11,5494.48,0,24.7,0,1,0.559,High Risk
Female,0,No,Yes,66,Yes,No,No,No,No,No,No,No,No,Month-to-month,No,Electronic check,18.0,1193.72,0,15.6,0,0,0.19,Healthy
Female,0,No,No,29,No,No,Fiber optic,No,No,Yes,Yes,No,No,One year,Yes,Mailed check,78.35,2279.47,2,25.7,0,1,0.332,Watch
Male,1,Yes,No,34,Yes,No,DSL,Yes,No,No,No,No,No,Month-to-month,Yes,Electronic check,43.1,1442.88,2,17.9,1,0,0.684,High Risk
Male,1,Yes,No,5,Yes,Yes,No,No,No,No,No,No,No,One year,No,Bank transfer (automatic),18.49,93.44,1,20.2,0,0,0.217,Watch
Male,0,Yes,No,12,Yes,Yes,DSL,Yes,Yes,No,No,Yes,Yes,Month-to-month,No,Bank transfer (automatic),59.16,667.36,1,12.5,0,1,0.652,High Risk
Female,0,No,Yes,27,Yes,No,Fiber optic,No,Yes,No,Yes,Yes,Yes,Month-to-month,Yes,Credit card (automatic),85.76,2367.27,0,14.7,0,0,0.585,High Risk
Male,0,Yes,No,59,Yes,No,DSL,No,No,Yes,Yes,Yes,No,Month-to-month,Yes,Mailed check,54.07,3210.69,1,14.9,0,0,0.234,Watch
Male,0,Yes,Yes,32,Yes,Yes,No,No,No,No,No,No,No,Two year,No,Electronic check,21.03,691.26,1,14.8,1,0,0.13,Healthy
Male,0,No,No,42,Yes,Yes,DSL,Yes,No,No,Yes,No,No,Two year,No,Electronic check,50.87,2130.63,3,24.8,0,0,0.09,Healthy
Female,0,Yes,No,63,Yes,No,No,No,No,No,No,No,No,Two year,No,Electronic check,19.48,1224.31,0,13.2,0,0,0.029,Healthy
Male,0,No,Yes,34,No,No,No,No,No,No,No,No,No,One year,No,Electronic check,19.98,691.77,2,14.9,0,0,0.221,Watch
Male,1,No,No,24,No,No,No,No,No,No,No,No,No,Two year,Yes,Bank transfer (automatic),18.0,426.72,1,10.8,1,0,0.09,Healthy
Male,0,Yes,Yes,53,Yes,No,No,No,No,No,No,No,No,Month-to-month,No,Bank transfer (automatic),19.48,1043.44,0,15.9,1,0,0.314,Watch
Male,0,No,No,23,Yes,Yes,Fiber optic,No,Yes,Yes,Yes,No,No,Month-to-month,Yes,Credit card (automatic),80.0,1868.96,3,10.4,2,1,0.819,Critical Risk
Female,1,Yes,Yes,28,Yes,Yes,No,No,No,No,No,No,No,Month-to-month,Yes,Electronic check,18.0,482.39,0,12.3,0,0,0.455,High Risk
Male,0,Yes,No,64,Yes,No,DSL,No,No,No,Yes,Yes,Yes,Month-to-month,No,Bank transfer (automatic),60.01,3860.17,1,24.5,0,0,0.208,Watch
Male,0,No,No,31,Yes,Yes,No,No,No,No,No,No,No,One year,Yes,Mailed check,24.49,740.65,2,13.5,0,0,0.215,Watch
Female,1,No,Yes,18,Yes,No,DSL,No,No,No,Yes,Yes,No,Month-to-month,Yes,Electronic check,49.84,878.14,1,8.3,0,0,0.634,High Risk
Male,1,No,No,60,Yes,Yes,Fiber optic,No,Yes,No,Yes,Yes,Yes,Two year,Yes,Bank transfer (automatic),86.43,5184.94,3,23.0,0,0,0.079,Healthy
Female,0,Yes,Yes,46,Yes,Yes,Fiber optic,Yes,No,Yes,Yes,Yes,Yes,Two year,Yes,Electronic check,99.37,4579.92,2,13.6,2,1,0.356,Watch
Female,0,Yes,No,56,Yes,Yes,No,No,No,No,No,No,No,Month-to-month,Yes,Electronic check,18.0,974.3,2,20.5,0,0,0.357,Watch
Male,0,Yes,Yes,23,No,No,DSL,Yes,No,No,No,No,No,Month-to-month,Yes,Mailed check,41.65,982.46,1,20.6,0,0,0.517,High Risk
Female,0,No,No,57,Yes,No,Fiber optic,No,No,No,Yes,No,No,Two year,Yes,Bank transfer (automatic),73.13,4146.67,1,16.7,2,0,0.16,Healthy
Male,0,No,Yes,69,Yes,No,Fiber optic,Yes,Yes,No,Yes,Yes,No,Two year,Yes,Mailed check,87.16,5963.33,2,16.7,1,0,0.091,Healthy
Female,0,No,Yes,11,Yes,No,Fiber optic,Yes,No,Yes,No,No,No,One year,Yes,Bank transfer (automatic),76.18,826.28,3,10.6,0,1,0.687,High Risk
Male,0,No,Yes,13,Yes,Yes,DSL,No,No,No,Yes,No,No,One year,Yes,Electronic check,40.88,507.75,2,14.6,0,0,0.369,Watch
Female,0,Yes,No,41,Yes,No,Fiber optic,Yes,Yes,No,No,Yes,No,One year,No,Mailed check,79.46,3257.99,5,22.1,0,0,0.496,High Risk
Female,0,No,No,52,Yes,No,Fiber optic,No,No,No,Yes,No,No,Two year,No,Bank transfer (automatic),71.41,3717.23,1,12.8,1,0,0.143,Healthy
Female,0,Yes,No,0,Yes,Yes,No,No,No,No,No,No,No,Month-to-month,No,Mailed check,18.0,0.0,0,9.1,1,0,0.688,High Risk
Male,0,Yes,No,40,Yes,Yes,No,No,No,No,No,No,No,Two year,Yes,Bank transfer (automatic),20.44,812.94,0,4.5,0,0,0.047,Healthy
Male,0,No,Yes,9,No,No,DSL,No,Yes,No,No,No,No,One year,Yes,Electronic check,49.35,464.58,0,15.2,0,0,0.346,Watch
Male,0,No,No,71,Yes,No,DSL,Yes,No,Yes,Yes,No,No,Month-to-month,Yes,Bank transfer (automatic),65.78,4712.21,3,10.0,0,0,0.328,Watch
Male,0,Yes,No,53,Yes,Yes,Fiber optic,No,Yes,Yes,Yes,Yes,No,Month-to-month,Yes,Credit card (automatic),92.82,4913.21,0,22.6,1,0,0.446,High Risk
Female,0,Yes,No,72,Yes,Yes,Fiber optic,No,No,No,No,Yes,Yes,Two year,No,Bank transfer (automatic),76.2,5492.02,1,16.8,0,0,0.057,Healthy
Male,0,No,No,15,Yes,No,Fiber optic,Yes,No,Yes,No,No,No,Month-to-month,Yes,Mailed check,75.63,1116.56,0,15.4,1,1,0.842,Critical Risk
Female,0,Yes,No,57,Yes,Yes,No,No,No,No,No,No,No,One year,No,Electronic check,18.0,1021.07,0,15.3,0,0,0.081,Healthy
Female,0,No,Yes,27,Yes,No,DSL,Yes,Yes,No,No,Yes,Yes,Month-to-month,Yes,Electronic check,60.33,1651.91,1,14.0,0,0,0.706,Critical Risk
Male,0,No,No,7,Yes,No,No,No,No,No,No,No,No,One year,No,Credit card (automatic),19.31,126.22,0,15.4,1,1,0.233,Watch
Male,0,Yes,Yes,35,No,No,DSL,No,No,No,No,Yes,Yes,Month-to-month,Yes,Credit card (automatic),46.67,1617.28,3,7.4,1,0,0.625,High Risk
Female,0,Yes,No,34,Yes,No,No,No,No,No,No,No,No,Month-to-month,Yes,Electronic check,18.0,608.89,1,18.2,0,0,0.472,High Risk
Male,1,Yes,Yes,36,Yes,No,Fiber optic,No,Yes,Yes,No,No,No,Month-to-month,No,Mailed check,79.69,2852.23,4,13.1,0,1,0.761,Critical Risk
Male,0,No,No,62,Yes,Yes,No,No,No,No,No,No,No,Month-to-month,Yes,Electronic check,18.0,1101.09,0,16.0,0,0,0.217,Watch
Female,0,Yes,No,20,Yes,No,DSL,Yes,No,No,Yes,No,No,Month-to-month,Yes,Electronic check,48.72,978.07,2,7.7,0,0,0.717,Critical Risk
Female,0,No,No,46,Yes,No,Fiber optic,No,No,No,Yes,Yes,Yes,Month-to-month,No,Bank transfer (automatic),76.66,3508.18,1,6.7,1,0,0.606,High Risk
Male,0,Yes,No,14,Yes,Yes,DSL,No,No,No,No,Yes,No,Month-to-month,No,Credit card (automatic),42.25,540.83,2,10.3,0,1,0.648,High Risk
Male,0,No,No,64,Yes,Yes,Fiber optic,No,No,Yes,Yes,Yes,Yes,One year,Yes,Mailed check,83.89,5356.83,3,14.0,1,0,0.249,Watch
Male,0,Yes,No,33,No,No,No,No,No,No,No,No,No,One year,No,Credit card (automatic),18.0,580.78,1,22.5,2,0,0.163,Healthy
Female,0,Yes,No,58,Yes,Yes,No,No,No,No,No,No,No,Month-to-month,Yes,Credit card (automatic),18.0,1044.2,0,0.0,1,0,0.253,Watch
Female,0,No,No,19,Yes,Yes,Fiber optic,Yes,No,No,Yes,Yes,No,One year,No,Bank transfer (automatic),77.37,1479.97,2,25.7,2,0,0.609,High Risk
Female,0,No,Yes,22,Yes,No,DSL,Yes,Yes,Yes,No,No,No,One year,Yes,Bank transfer (automatic),52.4,1153.48,3,7.9,0,0,0.371,Watch
Female,0,Yes,No,71,Yes,Yes,No,No,No,No,No,No,No,One year,No,Electronic check,18.0,1262.58,0,17.7,1,0,0.057,Healthy
Female,1,Yes,No,14,Yes,No,DSL,Yes,No,No,No,No,Yes,Two year,Yes,Credit card (automatic),46.52,655.47,0,19.0,0,0,0.087,Healthy
Male,0,No,No,40,Yes,No,Fiber optic,Yes,No,Yes,No,Yes,Yes,Two year,No,Electronic check,83.27,3344.04,2,10.6,0,0,0.279,Watch
Male,0,Yes,Yes,23,Yes,Yes,DSL,Yes,Yes,No,Yes,Yes,Yes,Two year,No,Bank transfer (automatic),68.11,1552.01,1,16.3,0,0,0.097,Healthy
Female,0,Yes,No,28,Yes,No,No,No,No,No,No,No,No,One year,No,Credit card (automatic),18.0,498.62,0,10.7,0,0,0.119,Healthy
Female,0,Yes,No,50,Yes,No,Fiber optic,Yes,No,No,No,No,Yes,Month-to-month,Yes,Electronic check,76.05,3838.65,1,13.0,2,0,0.864,Critical Risk
Female,0,Yes,No,57,Yes,Yes,Fiber optic,No,No,No,No,No,Yes,Month-to-month,No,Mailed check,70.83,4050.44,0,6.2,0,1,0.505,High Risk
Male,0,No,No,35,Yes,No,DSL,Yes,No,Yes,No,No,Yes,One year,Yes,Mailed check,53.94,1915.08,1,11.4,0,0,0.205,Watch
Male,0,No,Yes,46,No,No,Fiber optic,Yes,No,Yes,No,Yes,Yes,One year,Yes,Electronic check,87.39,4023.97,2,21.3,1,0,0.478,High Risk
Male,0,No,No,3,Yes,Yes,DSL,No,No,No,Yes,No,No,One year,No,Electronic check,39.06,104.04,2,22.7,0,0,0.35,Watch
Male,1,No,No,17,No,No,No,No,No,No,No,No,No,One year,Yes,Bank transfer (automatic),18.0,319.87,0,10.9,0,0,0.162,Healthy
Female,0,Yes,No,54,Yes,No,Fiber optic,No,No,Yes,Yes,No,Yes,One year,Yes,Credit card (automatic),77.56,4179.59,1,10.9,0,0,0.152,Healthy
Female,0,No,No,48,Yes,No,No,No,No,No,No,No,No,Month-to-month,No,Electronic check,22.15,1037.03,3,7.3,3,1,0.735,Critical Risk
Male,0,Yes,Yes,3,Yes,Yes,Fiber optic,No,Yes,No,Yes,Yes,Yes,Two year,No,Bank transfer (automatic),93.85,264.31,0,18.3,0,0,0.28,Watch
Male,0,Yes,No,65,No,No,Fiber optic,Yes,Yes,Yes,No,Yes,Yes,Two year,Yes,Bank transfer (automatic),91.26,5939.34,0,14.9,0,0,0.065,Healthy
Female,0,No,Yes,29,Yes,No,Fiber optic,No,No,No,Yes,Yes,Yes,Month-to-month,Yes,Electronic check,81.06,2348.64,1,12.2,1,0,0.842,Critical Risk
Male,0,Yes,No,22,Yes,No,No,No,No,No,No,No,No,One year,Yes,Electronic check,18.0,388.92,1,10.4,0,0,0.267,Watch
Female,0,Yes,No,33,Yes,No,DSL,Yes,Yes,Yes,No,No,No,Two year,No,Credit card (automatic),57.54,1890.7,0,17.3,2,0,0.104,Healthy
Female,0,Yes,Yes,28,Yes,No,DSL,No,No,Yes,No,No,No,One year,No,Mailed check,40.61,1135.45,2,13.0,1,0,0.317,Watch
Male,0,No,No,36,Yes,Yes,Fiber optic,Yes,Yes,Yes,No,No,No,Month-to-month,Yes,Credit card (automatic),82.18,2983.12,2,17.4,0,0,0.65,High Risk
Male,0,Yes,No,11,Yes,Yes,Fiber optic,No,Yes,No,No,Yes,Yes,Two year,Yes,Credit card (automatic),76.75,807.4,1,13.4,0,0,0.219,Watch
Female,0,No,No,10,Yes,Yes,No,No,No,No,No,No,No,One year,No,Credit card (automatic),18.96,194.49,0,19.5,0,0,0.14,Healthy
Female,0,No,Yes,72,Yes,No,DSL,No,No,Yes,Yes,Yes,No,One year,Yes,Electronic check,54.34,3934.81,0,17.8,0,0,0.045,Healthy
Male,0,No,No,54,Yes,Yes,Fiber optic,No,No,No,Yes,No,No,Month-to-month,Yes,Mailed check,62.09,3357.14,2,9.8,1,1,0.588,High Risk
Female,0,Yes,No,26,Yes,Yes,DSL,No,No,No,Yes,Yes,No,One year,Yes,Electronic check,43.5,1140.35,2,12.6,0,0,0.302,Watch
Female,0,No,No,62,Yes,Yes,DSL,Yes,No,Yes,Yes,No,Yes,Two year,No,Mailed check,64.22,4003.19,1,3.6,1,0,0.052,Healthy
Female,1,Yes,No,58,Yes,Yes,No,No,No,No,No,No,No,Month-to-month,Yes,Credit card (automatic),21.67,1239.51,1,16.1,1,0,0.222,Watch
Male,0,No,No,50,Yes,No,Fiber optic,Yes,No,Yes,Yes,Yes,No,One year,No,Bank transfer (automatic),89.36,4470.87,0,7.9,0,0,0.269,Watch
Female,0,No,No,52,Yes,Yes,No,No,No,No,No,No,No,One year,No,Electronic check,19.99,1015.55,0,16.5,0,0,0.104,Healthy
Female,0,Yes,Yes,69,Yes,No,Fiber optic,No,No,Yes,No,No,Yes,Month-to-month,Yes,Electronic check,68.49,4741.06,2,7.7,2,0,0.695,High Risk
Male,0,No,Yes,60,Yes,Yes,Fiber optic,Yes,Yes,No,Yes,No,No,Two year,Yes,Electronic check,82.61,4988.54,0,10.5,1,0,0.126,Healthy
Male,0,No,No,18,Yes,No,Fiber optic,Yes,No,No,Yes,Yes,Yes,Two year,Yes,Electronic check,82.87,1504.49,3,6.4,0,0,0.487,High Risk
Female,0,Yes,No,53,Yes,No,Fiber optic,Yes,Yes,Yes,Yes,Yes,Yes,Month-to-month,No,Electronic check,102.19,5396.31,0,21.7,0,0,0.575,High Risk
Male,0,Yes,No,11,Yes,No,DSL,Yes,No,No,Yes,Yes,Yes,One year,No,Mailed check,61.93,731.95,1,16.7,2,0,0.443,High Risk
Male,0,No,Yes,36,Yes,No,DSL,Yes,No,No,Yes,No,Yes,Month-to-month,No,Mailed check,58.22,2117.26,0,16.8,0,0,0.364,Watch
Male,0,No,Yes,4,Yes,Yes,DSL,Yes,No,Yes,No,Yes,No,Month-to-month,Yes,Mailed check,57.35,213.61,1,4.7,1,1,0.83,Critical Risk
Female,0,No,No,12,Yes,No,Fiber optic,No,No,No,No,No,No,Month-to-month,No,Electronic check,58.26,702.53,0,12.4,0,1,0.794,Critical Risk
Female,0,Yes,Yes,52,Yes,No,No,No,No,No,No,No,No,One year,Yes,Electronic check,18.98,977.75,1,17.4,0,0,0.135,Healthy
Male,0,No,No,27,Yes,Yes,Fiber optic,Yes,No,No,Yes,No,No,Two year,Yes,Mailed check,75.24,2032.16,0,19.3,0,0,0.155,Healthy
Female,0,No,No,11,Yes,Yes,DSL,No,No,Yes,No,No,Yes,One year,No,Electronic check,51.15,579.83,2,11.3,0,0,0.442,High Risk
Male,0,No,Yes,71,Yes,No,Fiber optic,Yes,No,Yes,No,No,Yes,Month-to-month,No,Electronic check,78.8,5587.03,1,10.3,0,0,0.499,High Risk
Female,0,No,No,68,Yes,Yes,DSL,No,No,No,No,No,Yes,Month-to-month,Yes,Credit card (automatic),46.33,3127.55,2,8.6,2,0,0.386,Watch
Female,0,Yes,No,16,Yes,No,No,No,No,No,No,No,No,Month-to-month,Yes,Electronic check,18.0,261.5,2,19.6,1,0,0.744,Critical Risk
Female,0,No,No,43,Yes,Yes,Fiber optic,No,No,No,No,Yes,No,Month-to-month,No,Electronic check,71.25,3063.31,1,2.8,1,0,0.802,Critical Risk
Male,0,Yes,Yes,21,Yes,No,Fiber optic,No,Yes,Yes,No,No,Yes,One year,Yes,Electronic check,78.02,1654.82,1,14.9,1,0,0.586,High Risk
Female,0,Yes,No,58,Yes,No,DSL,No,No,No,No,Yes,Yes,Two year,Yes,Electronic check,47.53,2723.36,1,0.0,2,0,0.163,Healthy
Male,1,No,No,50,Yes,No,DSL,Yes,Yes,No,Yes,No,Yes,Two year,Yes,Credit card (automatic),62.03,3099.93,0,19.1,1,0,0.035,Healthy
Female,0,Yes,No,31,Yes,No,Fiber optic,Yes,No,No,Yes,Yes,Yes,Month-to-month,No,Credit card (automatic),95.44,2958.8,1,9.1,0,1,0.729,Critical Risk
Male,0,Yes,Yes,67,Yes,No,Fiber optic,Yes,No,Yes,No,No,No,Month-to-month,No,Mailed check,74.59,4983.55,1,20.4,1,0,0.483,High Risk
Male,0,Yes,Yes,53,Yes,Yes,DSL,Yes,No,Yes,Yes,No,Yes,One year,Yes,Electronic check,58.39,3068.87,1,7.4,1,0,0.21,Watch
Male,0,No,No,11,Yes,No,Fiber optic,No,No,No,No,Yes,No,One year,No,Bank transfer (automatic),61.81,683.64,2,15.5,1,1,0.618,High Risk
Female,0,No,No,32,Yes,No,DSL,No,Yes,Yes,Yes,Yes,Yes,Month-to-month,Yes,Electronic check,72.72,2333.58,2,16.9,1,1,0.69,High Risk
Male,0,Yes,No,60,Yes,Yes,No,No,No,No,No,No,No,Two year,No,Bank transfer (automatic),22.94,1375.13,3,11.6,1,0,0.071,Healthy
Female,0,Yes,No,39,Yes,No,Fiber optic,Yes,No,No,No,Yes,No,One year,No,Bank transfer (automatic),78.88,3076.2,2,3.8,0,1,0.508,High Risk
Male,0,No,No,7,Yes,Yes,Fiber optic,No,Yes,No,Yes,No,Yes,Month-to-month,No,Credit card (automatic),79.56,549.97,0,9.0,1,0,0.737,Critical Risk
Male,0,Yes,No,56,Yes,No,Fiber optic,No,No,No,Yes,Yes,Yes,Two year,No,Electronic check,79.24,4433.73,0,9.1,1,0,0.147,Healthy
Female,1,No,Yes,35,Yes,Yes,Fiber optic,Yes,No,No,No,No,No,Month-to-month,Yes,Electronic check,69.98,2486.13,0,18.4,0,0,0.687,High Risk
Male,0,No,Yes,17,Yes,Yes,DSL,No,No,Yes,No,No,Yes,One year,Yes,Electronic check,54.83,936.68,2,12.6,1,0,0.55,High Risk
Female,0,Yes,Yes,59,Yes,Yes,Fiber optic,No,No,Yes,No,No,No,Two year,No,Bank transfer (automatic),76.18,4510.38,1,18.7,0,0,0.096,Healthy
Female,1,No,No,64,Yes,Yes,No,No,No,No,No,No,No,Two year,Yes,Credit card (automatic),19.55,1233.64,1,23.6,0,0,0.012,Healthy
Male,0,Yes,Yes,42,Yes,Yes,Fiber optic,No,No,Yes,No,No,Yes,Month-to-month,No,Mailed check,75.34,3146.74,3,1.7,1,1,0.795,Critical Risk
Male,0,No,No,52,Yes,Yes,DSL,Yes,Yes,Yes,No,Yes,No,Month-to-month,Yes,Electronic check,60.81,3164.59,2,15.2,1,0,0.633,High Risk
Male,0,Yes,No,17,Yes,Yes,DSL,No,Yes,Yes,No,Yes,Yes,One year,Yes,Bank transfer (automatic),60.49,1014.28,1,11.6,2,1,0.46,High Risk
Female,1,No,No,54,Yes,No,No,No,No,No,No,No,No,Month-to-month,Yes,Mailed check,18.0,952.46,2,17.7,0,0,0.269,Watch
Female,0,No,No,66,Yes,Yes,DSL,Yes,No,No,No,No,Yes,One year,Yes,Electronic check,43.64,2863.93,0,12.2,1,0,0.117,Healthy
Male,0,No,Yes,17,Yes,No,DSL,Yes,Yes,No,Yes,No,Yes,Two year,No,Mailed check,62.36,1049.54,1,14.4,1,0,0.156,Healthy
Male,1,No,No,68,Yes,Yes,No,No,No,No,No,No,No,Month-to-month,No,Bank transfer (automatic),18.93,1331.38,1,6.5,0,0,0.153,Healthy
Male,0,Yes,No,6,Yes,Yes,No,No,No,No,No,No,No,Month-to-month,Yes,Mailed check,18.0,146.62,3,8.5,0,0,0.71,Critical Risk
Male,1,No,No,32,Yes,Yes,Fiber optic,No,No,No,No,No,No,Month-to-month,No,Bank transfer (automatic),64.06,2074.04,1,14.7,1,0,0.729,Critical Risk
Female,1,No,No,5,Yes,Yes,DSL,Yes,No,No,No,Yes,No,Two year,No,Bank transfer (automatic),55.52,301.06,0,5.0,0,0,0.207,Watch
Female,1,Yes,No,32,Yes,Yes,Fiber optic,No,No,No,No,Yes,No,Month-to-month,Yes,Mailed check,70.74,2280.2,2,7.1,0,0,0.76,Critical Risk
Male,0,Yes,No,47,Yes,No,No,No,No,No,No,No,No,Two year,Yes,Credit card (automatic),18.0,817.36,0,15.0,1,0,0.028,Healthy
Female,0,Yes,Yes,63,No,No,DSL,Yes,No,Yes,No,Yes,Yes,One year,No,Bank transfer (automatic),57.88,3662.5,1,14.3,0,0,0.09,Healthy
Male,0,Yes,No,10,Yes,No,DSL,No,Yes,Yes,Yes,Yes,Yes,Month-to-month,Yes,Mailed check,67.4,640.81,2,10.8,0,0,0.633,High Risk
Male,0,No,No,64,Yes,Yes,No,No,No,No,No,No,No,Month-to-month,No,Mailed check,23.92,1561.89,0,12.6,0,0,0.168,Healthy
Female,0,Yes,Yes,72,Yes,Yes,Fiber optic,Yes,Yes,Yes,No,No,No,One year,No,Electronic check,74.81,5396.6,2,11.0,0,0,0.185,Healthy
Female,1,No,Yes,4,Yes,No,Fiber optic,Yes,Yes,Yes,No,Yes,No,Month-to-month,No,Bank transfer (automatic),84.69,322.8,4,11.8,1,1,0.936,Critical Risk
Female,0,No,No,70,Yes,No,No,No,No,No,No,No,No,Month-to-month,No,Bank transfer (automatic),20.83,1466.28,3,9.4,1,0,0.326,Watch
Male,0,Yes,No,66,Yes,Yes,Fiber optic,Yes,No,Yes,No,No,No,Month-to-month,Yes,Electronic check,75.23,4944.89,1,4.8,0,0,0.589,High Risk
Male,0,No,Yes,2,No,No,No,No,No,No,No,No,No,Month-to-month,Yes,Bank transfer (automatic),20.63,37.85,1,19.3,1,0,0.702,Critical Risk
Male,0,Yes,No,4,Yes,No,DSL,No,No,No,No,No,No,Two year,No,Bank transfer (automatic),35.19,139.3,1,17.2,1,0,0.219,Watch
Male,0,Yes,No,52,Yes,No,Fiber optic,Yes,Yes,Yes,Yes,Yes,No,Two year,Yes,Electronic check,94.19,4891.27,1,4.3,0,0,0.193,Healthy
Female,0,Yes,No,30,Yes,Yes,Fiber optic,Yes,No,No,No,No,No,One year,Yes,Electronic check,71.56,2182.68,1,6.7,1,1,0.671,High Risk
Female,0,Yes,No,19,Yes,Yes,Fiber optic,No,Yes,No,Yes,Yes,No,Month-to-month,Yes,Credit card (automatic),75.72,1451.19,1,24.7,1,0,0.656,High Risk
Male,0,Yes,No,29,Yes,Yes,DSL,Yes,Yes,Yes,Yes,No,Yes,Month-to-month,No,Electronic check,66.99,1954.35,2,17.0,0,0,0.597,High Risk
Female,0,Yes,Yes,24,Yes,No,Fiber optic,No,Yes,No,No,Yes,No,Month-to-month,Yes,Credit card (automatic),77.89,1859.6,2,21.1,0,0,0.722,Critical Risk
Male,0,Yes,No,71,Yes,No,Fiber optic,Yes,No,No,No,No,No,One year,Yes,Credit card (automatic),68.77,4877.62,1,8.2,1,0,0.173,Healthy
Female,0,Yes,Yes,17,Yes,No,DSL,Yes,No,No,No,No,No,One year,Yes,Bank transfer (automatic),48.74,848.7,0,18.7,0,0,0.301,Watch
Male,0,No,No,6,Yes,Yes,Fiber optic,No,No,No,Yes,Yes,No,Month-to-month,Yes,Mailed check,74.57,437.02,0,9.9,1,0,0.821,Critical Risk
Male,1,Yes,No,60,No,No,Fiber optic,No,No,No,Yes,No,No,Month-to-month,No,Electronic check,68.64,4108.04,0,7.4,1,0,0.489,High Risk
Female,0,No,No,61,No,No,Fiber optic,Yes,Yes,Yes,Yes,No,Yes,Two year,Yes,Electronic check,91.74,5598.73,1,15.1,0,0,0.091,Healthy
Male,0,No,No,65,Yes,Yes,Fiber optic,Yes,No,Yes,No,Yes,No,Month-to-month,No,Electronic check,86.15,5605.28,0,7.2,0,0,0.585,High Risk
Male,0,No,No,70,Yes,No,DSL,Yes,Yes,No,Yes,No,No,One year,Yes,Mailed check,46.08,3219.52,1,11.5,0,0,0.038,Healthy
Male,0,No,No,2,Yes,Yes,DSL,No,No,No,Yes,No,Yes,One year,No,Credit card (automatic),41.89,76.29,0,10.7,0,0,0.184,Healthy
Male,1,No,Yes,56,Yes,Yes,No,No,No,No,No,No,No,One year,No,Electronic check,18.0,981.49,3,0.0,2,0,0.297,Watch
Male,0,No,No,19,Yes,Yes,No,No,No,No,No,No,No,Month-to-month,No,Electronic check,19.87,392.43,0,3.2,1,0,0.673,High Risk
Male,0,No,No,30,Yes,No,Fiber optic,No,No,No,Yes,Yes,No,Two year,Yes,Electronic check,76.34,2276.53,0,15.0,0,0,0.208,Watch
Female,0,No,No,32,Yes,Yes,Fiber optic,No,Yes,Yes,No,Yes,No,One year,Yes,Bank transfer (automatic),72.94,2333.15,2,9.9,0,0,0.398,Watch
Female,0,Yes,No,71,Yes,No,DSL,Yes,No,Yes,No,No,Yes,One year,Yes,Bank transfer (automatic),63.84,4482.72,2,18.5,1,0,0.137,Healthy
Male,0,No,No,38,Yes,No,Fiber optic,No,Yes,Yes,No,Yes,Yes,One year,No,Credit card (automatic),90.43,3450.44,1,14.9,0,0,0.27,Watch
Male,0,No,No,16,Yes,No,Fiber optic,No,Yes,No,No,Yes,Yes,Month-to-month,No,Electronic check,77.47,1261.01,0,13.1,1,1,0.864,Critical Risk
Female,0,Yes,No,6,Yes,Yes,Fiber optic,No,Yes,Yes,No,Yes,Yes,Month-to-month,Yes,Bank transfer (automatic),87.84,541.54,2,23.6,2,1,0.917,Critical Risk
Female,0,No,Yes,42,Yes,Yes,DSL,Yes,Yes,Yes,No,No,Yes,One year,Yes,Mailed check,59.59,2518.0,2,16.9,0,0,0.156,Healthy
Female,1,No,No,60,Yes,No,DSL,No,Yes,No,No,Yes,No,Month-to-month,Yes,Credit card (automatic),50.63,3032.69,1,15.0,2,1,0.345,Watch
Female,0,No,No,51,Yes,Yes,No,No,No,No,No,No,No,One year,Yes,Bank transfer (automatic),22.05,1161.62,2,17.5,0,0,0.132,Healthy
Female,1,Yes,No,68,Yes,No,Fiber optic,No,Yes,Yes,Yes,No,Yes,Month-to-month,Yes,Electronic check,89.76,6099.09,1,16.3,0,0,0.364,Watch
Male,0,Yes,No,3,Yes,No,No,No,No,No,No,No,No,Two year,No,Electronic check,19.46,88.0,1,13.4,0,1,0.205,Watch
Male,0,Yes,No,29,Yes,No,Fiber optic,No,Yes,No,Yes,No,No,Two year,No,Bank transfer (automatic),75.21,2171.28,0,15.3,3,0,0.296,Watch
Female,0,No,No,44,Yes,Yes,No,No,No,No,No,No,No,Two year,Yes,Bank transfer (automatic),21.1,965.17,2,10.3,0,0,0.057,Healthy
Female,0,No,No,62,No,No,DSL,Yes,Yes,No,No,No,No,One year,Yes,Mailed check,53.62,3325.71,1,18.5,0,0,0.087,Healthy
Male,0,No,No,22,Yes,No,DSL,Yes,No,Yes,No,No,Yes,Month-to-month,Yes,Electronic check,53.5,1159.0,0,12.1,0,0,0.632,High Risk
Female,1,Yes,No,49,Yes,Yes,Fiber optic,No,Yes,Yes,No,Yes,Yes,Two year,Yes,Electronic check,95.65,4644.3,1,17.2,0,0,0.197,Healthy
Male,0,Yes,No,15,Yes,Yes,Fiber optic,No,No,No,No,No,No,Month-to-month,No,Electronic check,61.35,910.48,2,11.3,0,0,0.878,Critical Risk
Female,0,No,No,43,Yes,Yes,DSL,No,No,Yes,Yes,No,Yes,Two year,Yes,Electronic check,56.64,2454.72,1,0.9,1,0,0.104,Healthy
Female,0,No,Yes,56,Yes,No,Fiber optic,No,No,Yes,Yes,No,Yes,Two year,Yes,Mailed check,81.41,4543.2,0,15.9,0,0,0.063,Healthy
Male,0,No,No,59,No,No,DSL,No,No,Yes,No,No,No,Month-to-month,Yes,Electronic check,43.61,2541.89,1,26.6,1,0,0.375,Watch
Male,0,Yes,Yes,32,Yes,No,DSL,Yes,No,Yes,No,No,No,Month-to-month,No,Electronic check,43.8,1397.87,5,8.6,3,1,0.919,Critical Risk
Male,0,Yes,No,34,Yes,Yes,No,No,No,No,No,No,No,Two year,No,Electronic check,18.0,645.45,1,13.0,1,0,0.113,Healthy
Female,0,No,Yes,64,No,No,Fiber optic,No,Yes,No,Yes,Yes,No,Month-to-month,Yes,Electronic check,86.42,5564.09,1,15.5,1,0,0.577,High Risk
Female,0,No,No,39,Yes,Yes,DSL,Yes,Yes,No,Yes,No,Yes,Month-to-month,Yes,Mailed check,58.4,2212.11,1,16.2,2,0,0.5,High Risk
Male,0,Yes,No,25,No,No,DSL,Yes,Yes,Yes,No,No,Yes,Month-to-month,No,Bank transfer (automatic),63.28,1593.74,0,18.9,0,0,0.515,High Risk
Male,0,No,No,20,Yes,Yes,No,No,No,No,No,No,No,Two year,Yes,Credit card (automatic),18.0,369.56,0,11.4,1,0,0.079,Healthy
Female,0,No,No,51,Yes,Yes,No,No,No,No,No,No,No,Month-to-month,No,Mailed check,18.0,889.19,4,10.4,0,1,0.467,High Risk
Male,0,No,Yes,51,Yes,No,DSL,Yes,No,Yes,Yes,Yes,Yes,Month-to-month,Yes,Electronic check,64.15,3270.98,3,7.8,1,1,0.685,High Risk
Male,0,Yes,Yes,39,Yes,Yes,Fiber optic,No,Yes,No,No,No,No,Month-to-month,Yes,Electronic check,70.03,2767.52,0,16.6,0,0,0.632,High Risk
Male,0,Yes,Yes,11,No,No,Fiber optic,Yes,Yes,Yes,No,No,No,One year,Yes,Mailed check,83.49,925.74,4,18.8,1,0,0.732,Critical Risk
Female,0,No,No,11,Yes,No,DSL,No,Yes,No,No,No,Yes,Month-to-month,No,Bank transfer (automatic),54.1,620.73,1,15.9,0,0,0.636,High Risk
Female,1,No,No,17,Yes,No,Fiber optic,No,No,Yes,Yes,No,Yes,Month-to-month,Yes,Electronic check,86.27,1440.37,1,14.8,0,1,0.798,Critical Risk
Male,0,No,No,0,Yes,No,DSL,No,No,Yes,No,No,Yes,Month-to-month,Yes,Bank transfer (automatic),48.56,17.89,2,12.9,1,1,0.817,Critical Risk
Female,0,No,No,35,Yes,Yes,DSL,Yes,No,No,Yes,Yes,No,One year,Yes,Bank transfer (automatic),55.47,1939.74,0,21.1,1,0,0.175,Healthy
Female,1,Yes,Yes,30,Yes,No,Fiber optic,Yes,No,No,No,No,Yes,Month-to-month,No,Bank transfer (automatic),76.72,2294.69,0,23.7,0,1,0.656,High Risk
Male,0,Yes,No,28,Yes,Yes,DSL,Yes,No,Yes,No,No,No,One year,No,Bank transfer (automatic),47.61,1316.63,2,13.1,1,0,0.367,Watch
Female,0,Yes,No,68,Yes,Yes,Fiber optic,Yes,Yes,Yes,No,No,No,One year,Yes,Electronic check,79.44,5389.92,0,8.8,0,0,0.175,Healthy
Female,1,No,No,17,Yes,No,DSL,Yes,No,No,Yes,Yes,Yes,One year,No,Bank transfer (automatic),62.61,1064.91,6,6.6,0,0,0.574,High Risk
Male,1,Yes,Yes,59,Yes,Yes,Fiber optic,No,No,No,Yes,Yes,No,Month-to-month,Yes,Electronic check,79.22,4662.89,2,18.8,0,0,0.563,High Risk
Male,0,No,No,14,Yes,Yes,No,No,No,No,No,No,No,Month-to-month,Yes,Credit card (automatic),20.63,306.47,1,7.2,1,0,0.626,High Risk
Female,0,No,No,44,Yes,Yes,Fiber optic,Yes,Yes,No,No,No,Yes,Two year,Yes,Electronic check,79.01,3434.29,1,11.1,0,0,0.183,Healthy
Female,0,No,Yes,62,Yes,Yes,Fiber optic,Yes,Yes,No,No,No,Yes,Month-to-month,Yes,Bank transfer (automatic),74.53,4639.92,3,10.0,0,0,0.601,High Risk
Male,1,No,No,61,Yes,No,Fiber optic,No,Yes,No,Yes,Yes,Yes,Two year,Yes,Credit card (automatic),85.96,5209.07,3,23.5,1,0,0.079,Healthy
Female,1,No,No,43,Yes,No,No,No,No,No,No,No,No,Month-to-month,No,Electronic check,18.0,756.57,0,19.0,1,0,0.332,Watch
Female,0,No,No,15,No,No,Fiber optic,No,Yes,No,No,No,Yes,One year,Yes,Electronic check,78.46,1194.9,2,22.4,0,1,0.626,High Risk
Male,0,No,No,27,Yes,No,DSL,No,No,Yes,No,Yes,Yes,Month-to-month,No,Electronic check,44.41,1217.79,2,11.9,0,1,0.658,High Risk
Female,0,Yes,No,30,Yes,No,DSL,No,Yes,Yes,Yes,No,Yes,One year,No,Mailed check,61.77,1861.31,0,20.1,0,0,0.111,Healthy
Male,0,Yes,No,61,Yes,Yes,Fiber optic,Yes,No,Yes,No,No,No,Month-to-month,Yes,Electronic check,76.37,4677.86,4,18.9,1,0,0.806,Critical Risk
Female,0,No,No,27,Yes,Yes,Fiber optic,No,Yes,No,No,No,Yes,One year,Yes,Bank transfer (automatic),76.28,2065.32,0,16.4,0,0,0.369,Watch
Male,0,No,No,60,Yes,No,DSL,No,Yes,Yes,No,Yes,No,Month-to-month,No,Bank transfer (automatic),58.36,3497.92,1,10.2,1,0,0.396,Watch
Male,0,No,No,69,Yes,Yes,Fiber optic,Yes,No,Yes,No,Yes,Yes,Month-to-month,Yes,Electronic check,92.33,6363.44,0,14.0,1,1,0.614,High Risk
Female,0,Yes,No,8,Yes,Yes,Fiber optic,No,Yes,No,No,Yes,No,Month-to-month,No,Bank transfer (automatic),75.87,604.68,0,16.7,0,0,0.779,Critical Risk
Male,0,No,No,68,Yes,Yes,Fiber optic,Yes,No,Yes,No,No,Yes,Two year,Yes,Credit card (automatic),86.93,5912.59,3,12.9,0,0,0.102,Healthy
Female,0,No,No,41,Yes,Yes,Fiber optic,Yes,Yes,No,No,No,No,Two year,No,Credit card (automatic),67.54,2763.8,1,10.3,0,1,0.095,Healthy
Male,0,No,No,43,Yes,No,DSL,No,Yes,Yes,No,Yes,Yes,Month-to-month,Yes,Electronic check,63.85,2728.82,3,24.5,1,1,0.639,High Risk
Female,0,Yes,Yes,22,Yes,Yes,Fiber optic,No,No,No,No,No,Yes,Month-to-month,Yes,Credit card (automatic),68.69,1480.22,1,16.6,0,0,0.683,High Risk
Female,1,No,No,24,Yes,No,Fiber optic,Yes,Yes,No,Yes,No,Yes,Two year,No,Bank transfer (automatic),84.35,2005.74,0,13.6,0,0,0.126,Healthy
Female,0,No,No,39,Yes,Yes,No,No,No,No,No,No,No,Month-to-month,Yes,Credit card (automatic),18.0,722.24,1,18.6,5,0,0.662,High Risk
Male,0,No,Yes,14,No,No,Fiber optic,No,Yes,No,No,No,Yes,Month-to-month,Yes,Electronic check,75.26,1048.93,3,20.7,0,1,0.891,Critical Risk
Male,0,Yes,No,52,Yes,Yes,Fiber optic,Yes,Yes,Yes,No,Yes,Yes,Month-to-month,Yes,Bank transfer (automatic),96.49,5006.91,0,8.4,0,0,0.637,High Risk
Female,0,No,No,48,Yes,No,Fiber optic,Yes,Yes,Yes,Yes,No,No,Month-to-month,Yes,Mailed check,84.47,4073.32,0,2.4,0,0,0.441,High Risk
Female,0,Yes,No,0,Yes,No,No,No,No,No,No,No,No,Two year,Yes,Credit card (automatic),18.0,0.0,0,15.9,0,0,0.105,Healthy
Female,0,Yes,No,15,No,No,Fiber optic,Yes,Yes,Yes,Yes,No,Yes,One year,Yes,Electronic check,98.19,1481.32,0,19.7,1,0,0.584,High Risk
Male,0,Yes,No,37,Yes,No,Fiber optic,Yes,Yes,No,No,No,Yes,Month-to-month,Yes,Mailed check,78.74,2905.74,0,21.2,1,0,0.662,High Risk
Female,0,No,No,54,Yes,No,DSL,No,Yes,No,Yes,Yes,No,One year,Yes,Mailed check,59.27,3194.43,0,17.3,0,0,0.078,Healthy
Male,0,No,Yes,21,Yes,No,Fiber optic,Yes,Yes,Yes,Yes,Yes,No,One year,Yes,Credit card (automatic),93.61,1943.39,0,7.0,0,0,0.332,Watch
Male,0,Yes,No,64,Yes,Yes,Fiber optic,No,No,Yes,No,No,Yes,Month-to-month,Yes,Credit card (automatic),78.71,5037.01,0,16.1,0,0,0.326,Watch
Female,0,Yes,No,38,Yes,No,DSL,Yes,Yes,Yes,Yes,No,No,Month-to-month,Yes,Credit card (automatic),65.04,2456.22,2,17.8,3,0,0.622,High Risk
Male,0,Yes,No,39,Yes,No,Fiber optic,Yes,No,Yes,No,No,Yes,Month-to-month,No,Bank transfer (automatic),87.21,3382.93,0,12.2,0,0,0.669,High Risk
Female,0,Yes,No,8,Yes,Yes,No,No,No,No,No,No,No,Month-to-month,No,Electronic check,23.08,187.48,2,18.4,0,1,0.716,Critical Risk
Male,0,No,No,45,Yes,Yes,DSL,Yes,Yes,Yes,No,No,Yes,Month-to-month,Yes,Bank transfer (automatic),58.7,2643.12,1,6.1,0,0,0.385,Watch
Male,0,Yes,No,59,Yes,Yes,Fiber optic,Yes,Yes,Yes,Yes,Yes,Yes,Month-to-month,No,Credit card (automatic),102.21,6014.85,0,23.4,1,0,0.401,High Risk
Male,0,Yes,Yes,15,Yes,No,No,No,No,No,No,No,No,Month-to-month,No,Electronic check,18.0,264.08,0,10.4,0,0,0.605,High Risk
Female,0,No,Yes,39,Yes,Yes,No,No,No,No,No,No,No,One year,Yes,Bank transfer (automatic),18.0,699.37,1,4.6,1,0,0.182,Healthy
Female,1,Yes,No,0,Yes,Yes,DSL,No,No,No,No,No,No,Month-to-month,Yes,Electronic check,36.56,23.19,3,9.4,1,1,0.865,Critical Risk
Female,1,No,No,15,Yes,No,DSL,No,No,Yes,Yes,No,Yes,One year,Yes,Electronic check,58.47,845.63,1,18.4,1,0,0.361,Watch
Female,1,No,Yes,5,Yes,No,Fiber optic,No,Yes,Yes,Yes,No,Yes,One year,Yes,Mailed check,87.8,463.54,1,18.6,0,1,0.405,High Risk
Female,0,No,Yes,56,Yes,Yes,DSL,No,No,No,Yes,Yes,Yes,Two year,No,Mailed check,52.25,2945.75,2,14.8,1,0,0.058,Healthy
Female,0,No,No,72,Yes,No,Fiber optic,No,No,No,No,No,No,Month-to-month,Yes,Mailed check,63.78,4592.49,2,1.8,0,0,0.468,High Risk
Female,0,Yes,Yes,2,Yes,Yes,Fiber optic,No,No,Yes,No,No,No,Month-to-month,No,Electronic check,66.87,142.6,1,7.9,0,1,0.89,Critical Risk
Male,0,No,Yes,51,Yes,No,Fiber optic,Yes,No,Yes,Yes,No,Yes,Month-to-month,Yes,Credit card (automatic),88.28,4512.58,1,11.8,1,0,0.612,High Risk
Male,0,No,Yes,43,Yes,No,Fiber optic,No,No,No,No,Yes,Yes,Month-to-month,No,Electronic check,75.91,3236.22,2,12.0,1,0,0.819,Critical Risk
Male,0,Yes,No,51,Yes,No,No,No,No,No,No,No,No,Month-to-month,Yes,Credit card (automatic),20.87,1069.39,0,7.0,1,0,0.32,Watch
Male,0,No,No,36,Yes,Yes,Fiber optic,No,No,Yes,Yes,Yes,No,Month-to-month,Yes,Electronic check,78.37,2813.2,4,12.8,0,1,0.81,Critical Risk
Female,0,No,No,72,Yes,Yes,Fiber optic,Yes,No,Yes,No,Yes,Yes,One year,Yes,Bank transfer (automatic),79.14,5660.6,2,19.8,0,0,0.147,Healthy
Male,0,No,No,2,Yes,No,DSL,Yes,No,Yes,No,No,No,Two year,Yes,Mailed check,49.3,82.71,0,14.3,1,1,0.239,Watch
Male,0,No,Yes,10,Yes,Yes,No,No,No,No,No,No,No,Month-to-month,Yes,Electronic check,23.21,253.96,0,22.7,1,1,0.664,High Risk
Female,0,Yes,No,18,Yes,Yes,Fiber optic,Yes,Yes,No,Yes,No,Yes,Two year,Yes,Bank transfer (automatic),91.63,1645.38,1,13.6,1,0,0.342,Watch
Female,1,No,No,57,Yes,No,DSL,No,Yes,No,No,No,Yes,Month-to-month,Yes,Electronic check,57.56,3299.1,0,22.7,1,0,0.393,Watch
Female,0,No,No,5,Yes,No,DSL,Yes,Yes,No,Yes,No,No,One year,No,Electronic check,60.97,310.11,0,24.3,3,0,0.58,High Risk
Male,0,No,No,9,Yes,No,Fiber optic,Yes,No,Yes,Yes,No,Yes,One year,Yes,Bank transfer (automatic),88.72,771.49,1,16.3,0,0,0.51,High Risk
Male,0,Yes,No,53,Yes,No,DSL,Yes,No,Yes,Yes,No,Yes,Month-to-month,No,Mailed check,59.63,3175.94,2,14.8,0,0,0.356,Watch
Female,0,No,No,30,Yes,Yes,Fiber optic,No,No,Yes,Yes,Yes,Yes,Month-to-month,Yes,Credit card (automatic),87.14,2630.9,1,21.5,2,0,0.736,Critical Risk
Male,0,No,No,51,Yes,Yes,DSL,Yes,Yes,Yes,No,No,No,Two year,Yes,Mailed check,55.48,2819.41,0,20.6,1,0,0.057,Healthy
Male,0,Yes,Yes,26,No,No,Fiber optic,No,No,No,No,Yes,Yes,Month-to-month,No,Credit card (automatic),75.09,1922.66,4,12.3,1,1,0.882,Critical Risk
Male,0,No,Yes,6,Yes,Yes,DSL,No,Yes,No,Yes,Yes,No,Month-to-month,No,Electronic check,51.22,303.9,1,12.2,0,0,0.658,High Risk
Female,0,No,No,43,Yes,Yes,Fiber optic,No,Yes,No,Yes,Yes,Yes,Month-to-month,No,Credit card (automatic),87.04,3730.44,0,16.7,1,0,0.453,High Risk
Female,0,No,No,7,Yes,No,No,No,No,No,No,No,No,One year,Yes,Electronic check,18.53,127.4,0,6.6,0,0,0.341,Watch
Female,1,No,No,34,Yes,No,DSL,Yes,Yes,Yes,No,No,Yes,Month-to-month,Yes,Electronic check,62.44,2147.8,1,16.8,0,0,0.544,High Risk
Female,0,Yes,Yes,64,Yes,No,DSL,No,No,No,Yes,Yes,No,Month-to-month,No,Mailed check,46.07,2969.77,1,14.2,0,0,0.188,Healthy
Female,0,No,Yes,13,Yes,No,DSL,No,No,Yes,No,Yes,Yes,Month-to-month,Yes,Bank transfer (automatic),55.8,741.8,1,7.5,0,0,0.724,Critical Risk
Male,0,No,No,14,Yes,Yes,DSL,No,No,Yes,No,No,Yes,Month-to-month,Yes,Bank transfer (automatic),54.96,780.34,3,11.6,0,1,0.78,Critical Risk
Female,0,No,No,69,No,No,Fiber optic,No,No,Yes,Yes,No,No,Month-to-month,No,Mailed check,79.02,5449.27,0,17.0,1,0,0.312,Watch
Male,0,Yes,No,22,Yes,Yes,DSL,Yes,Yes,Yes,Yes,Yes,Yes,Month-to-month,Yes,Bank transfer (automatic),79.61,1775.74,0,12.8,2,0,0.69,High Risk
Male,0,Yes,No,27,No,No,Fiber optic,No,Yes,No,Yes,No,No,One year,No,Mailed check,68.42,1829.59,1,15.8,0,0,0.264,Watch
Female,0,No,No,49,Yes,Yes,Fiber optic,Yes,Yes,No,Yes,No,No,Month-to-month,No,Electronic check,81.35,3972.74,2,18.3,0,0,0.685,High Risk
Male,0,Yes,No,9,No,No,No,No,No,No,No,No,No,Two year,Yes,Electronic check,18.0,171.89,2,23.3,0,0,0.16,Healthy
Male,0,No,No,4,Yes,Yes,DSL,No,Yes,No,Yes,Yes,No,Month-to-month,No,Bank transfer (automatic),59.42,280.96,1,11.8,1,0,0.729,Critical Risk
Male,0,No,Yes,61,Yes,No,No,No,No,No,No,No,No,Month-to-month,No,Bank transfer (automatic),18.0,1094.8,1,13.3,2,1,0.36,Watch
Female,1,No,No,69,Yes,No,No,No,No,No,No,No,No,Month-to-month,No,Mailed check,18.0,1264.28,1,15.0,0,0,0.123,Healthy
Male,0,Yes,No,72,Yes,No,Fiber optic,No,No,No,No,No,Yes,Two year,Yes,Mailed check,71.93,5157.34,1,25.4,0,0,0.047,Healthy
Male,1,No,No,1,Yes,Yes,Fiber optic,Yes,Yes,Yes,Yes,Yes,Yes,Month-to-month,Yes,Mailed check,94.42,99.68,0,20.4,2,1,0.847,Critical Risk
Female,0,Yes,No,38,Yes,Yes,Fiber optic,No,No,Yes,No,No,Yes,Month-to-month,Yes,Electronic check,68.41,2612.52,4,8.8,1,1,0.871,Critical Risk
Male,0,No,Yes,61,Yes,Yes,DSL,Yes,Yes,Yes,No,Yes,No,Two year,Yes,Bank transfer (automatic),62.53,3831.15,0,5.3,2,0,0.083,Healthy
Female,0,No,No,61,Yes,No,No,No,No,No,No,No,No,Month-to-month,Yes,Credit card (automatic),18.0,1092.93,0,21.7,0,0,0.124,Healthy
Female,1,No,No,26,Yes,No,No,No,No,No,No,No,No,Two year,No,Electronic check,21.38,543.72,0,15.2,0,0,0.088,Healthy
Female,0,Yes,Yes,35,Yes,No,DSL,Yes,Yes,No,Yes,Yes,No,Month-to-month,No,Bank transfer (automatic),61.28,2122.69,2,22.7,0,0,0.459,High Risk
Male,0,Yes,No,10,Yes,No,DSL,No,No,No,No,No,No,Month-to-month,Yes,Mailed check,36.27,359.67,1,23.2,0,1,0.576,High Risk
Male,0,No,Yes,10,Yes,Yes,DSL,Yes,Yes,No,No,Yes,Yes,Two year,Yes,Bank transfer (automatic),63.18,665.5,0,11.3,0,0,0.167,Healthy
Male,0,No,No,27,Yes,Yes,Fiber optic,Yes,Yes,No,No,Yes,Yes,Month-to-month,Yes,Mailed check,91.11,2454.26,0,13.7,0,1,0.769,Critical Risk
Female,0,No,No,16,Yes,No,No,No,No,No,No,No,No,Month-to-month,No,Electronic check,19.65,364.3,0,18.6,1,0,0.65,High Risk
Male,0,No,Yes,71,Yes,No,DSL,Yes,Yes,No,Yes,Yes,No,One year,Yes,Mailed check,65.6,4658.24,1,9.3,1,0,0.087,Healthy
Male,0,No,No,5,Yes,Yes,Fiber optic,Yes,Yes,No,No,Yes,No,One year,Yes,Electronic check,86.78,450.93,2,14.8,1,1,0.828,Critical Risk
Male,1,Yes,No,38,No,No,No,No,No,No,No,No,No,Month-to-month,No,Electronic check,18.14,733.25,1,13.0,0,0,0.368,Watch
Female,0,No,No,40,Yes,Yes,Fiber optic,Yes,Yes,Yes,No,Yes,No,One year,Yes,Electronic check,85.18,3410.24,1,11.4,0,1,0.414,High Risk
Male,0,No,No,4,Yes,Yes,Fiber optic,No,Yes,No,Yes,Yes,No,Month-to-month,Yes,Credit card (automatic),73.95,333.98,0,18.2,1,0,0.718,Critical Risk
Female,0,No,Yes,32,Yes,No,Fiber optic,No,No,No,No,No,Yes,Month-to-month,No,Credit card (automatic),71.03,2274.71,1,13.6,1,0,0.735,Critical Risk
Male,0,Yes,No,68,Yes,Yes,DSL,Yes,Yes,Yes,Yes,No,No,Month-to-month,No,Electronic check,58.38,3966.28,0,9.3,0,0,0.184,Healthy
Male,0,No,No,7,No,No,Fiber optic,Yes,No,Yes,No,No,Yes,Two year,Yes,Electronic check,79.02,556.06,1,19.7,1,0,0.49,High Risk
Male,1,Yes,Yes,10,No,No,DSL,Yes,Yes,Yes,Yes,No,Yes,Month-to-month,No,Mailed check,66.87,638.92,2,21.0,0,0,0.519,High Risk
Female,0,No,No,12,Yes,No,Fiber optic,No,Yes,No,No,No,Yes,Two year,Yes,Bank transfer (automatic),75.68,891.13,2,19.9,0,0,0.309,Watch
Male,0,No,Yes,3,Yes,Yes,DSL,Yes,No,No,No,No,Yes,Month-to-month,Yes,Electronic check,48.79,125.62,1,10.7,0,1,0.813,Critical Risk
Male,0,No,Yes,64,Yes,Yes,No,No,No,No,No,No,No,Month-to-month,Yes,Electronic check,18.0,1152.29,0,16.6,0,0,0.2,Watch
Female,0,Yes,No,3,Yes,Yes,Fiber optic,Yes,Yes,No,No,No,No,One year,Yes,Mailed check,75.46,238.47,1,15.0,0,0,0.598,High Risk
Female,0,Yes,No,20,Yes,Yes,No,No,No,No,No,No,No,Month-to-month,No,Electronic check,18.26,354.26,1,14.7,2,0,0.731,Critical Risk
Female,0,Yes,No,60,No,No,Fiber optic,Yes,Yes,Yes,No,Yes,Yes,Month-to-month,No,Mailed check,91.04,5512.55,1,17.3,0,0,0.485,High Risk
Female,1,Yes,No,72,Yes,No,Fiber optic,No,Yes,Yes,Yes,Yes,Yes,Month-to-month,Yes,Credit card (automatic),95.63,6854.03,3,17.9,0,0,0.297,Watch
Male,0,Yes,Yes,11,Yes,Yes,DSL,No,No,Yes,Yes,No,No,Month-to-month,Yes,Credit card (automatic),51.82,546.13,0,23.5,0,0,0.369,Watch
Female,0,No,No,26,Yes,Yes,Fiber optic,Yes,Yes,Yes,No,Yes,No,Month-to-month,No,Mailed check,90.99,2380.51,0,17.2,0,1,0.742,Critical Risk
Male,0,Yes,Yes,13,Yes,Yes,Fiber optic,Yes,Yes,No,Yes,No,Yes,Month-to-month,Yes,Mailed check,84.69,1093.86,1,16.5,1,0,0.825,Critical Risk
Female,0,Yes,Yes,14,Yes,Yes,Fiber optic,Yes,No,No,Yes,No,No,Month-to-month,No,Bank transfer (automatic),79.84,1077.48,0,16.7,0,0,0.766,Critical Risk
Female,1,No,Yes,68,Yes,Yes,Fiber optic,No,No,Yes,Yes,No,Yes,Two year,No,Credit card (automatic),81.12,5525.51,1,24.2,1,0,0.032,Healthy
Female,0,Yes,Yes,24,Yes,No,DSL,Yes,Yes,No,Yes,Yes,Yes,Month-to-month,No,Mailed check,71.46,1722.02,1,6.0,0,1,0.575,High Risk
Female,1,Yes,No,44,Yes,Yes,DSL,Yes,Yes,No,No,No,No,Two year,Yes,Credit card (automatic),46.02,2029.31,0,20.7,1,0,0.032,Healthy
Female,0,No,No,11,Yes,Yes,DSL,No,No,No,No,Yes,Yes,Month-to-month,No,Mailed check,50.52,554.9,2,17.6,0,0,0.678,High Risk
Female,0,Yes,No,20,Yes,No,DSL,Yes,Yes,No,Yes,No,Yes,Month-to-month,Yes,Mailed check,65.57,1311.1,1,14.5,1,1,0.646,High Risk
Female,1,Yes,No,26,Yes,Yes,Fiber optic,Yes,Yes,Yes,Yes,Yes,No,Month-to-month,No,Bank transfer (automatic),94.51,2490.8,2,16.3,1,0,0.801,Critical Risk
Male,0,No,Yes,42,Yes,Yes,Fiber optic,No,Yes,No,No,Yes,Yes,Month-to-month,Yes,Mailed check,81.98,3463.96,1,22.8,1,0,0.649,High Risk
Male,0,Yes,No,65,Yes,No,Fiber optic,No,Yes,No,No,Yes,Yes,Month-to-month,No,Electronic check,86.33,5626.44,2,17.4,0,0,0.62,High Risk
Male,0,Yes,No,17,Yes,Yes,DSL,No,No,No,No,No,No,Month-to-month,Yes,Credit card (automatic),43.88,767.98,1,17.7,1,0,0.642,High Risk
Female,0,Yes,No,47,Yes,No,Fiber optic,No,No,Yes,No,Yes,Yes,One year,Yes,Credit card (automatic),75.21,3533.58,1,14.1,2,0,0.302,Watch
Male,0,Yes,No,36,Yes,No,DSL,No,Yes,Yes,Yes,No,No,Month-to-month,No,Mailed check,53.43,1930.17,2,19.5,2,1,0.515,High Risk
Male,0,No,Yes,58,Yes,No,DSL,No,Yes,Yes,No,No,No,Two year,Yes,Bank transfer (automatic),49.12,2785.58,1,19.7,1,0,0.049,Healthy
Male,0,Yes,No,24,Yes,No,No,No,No,No,No,No,No,Two year,No,Electronic check,18.0,482.9,1,2.3,2,0,0.229,Watch
Female,1,Yes,No,30,Yes,No,Fiber optic,Yes,No,No,Yes,Yes,No,Month-to-month,No,Bank transfer (automatic),82.49,2475.68,3,16.2,0,1,0.779,Critical Risk
Female,0,Yes,Yes,45,Yes,No,DSL,No,Yes,Yes,No,Yes,Yes,Month-to-month,Yes,Electronic check,58.53,2657.58,0,29.5,0,0,0.304,Watch
Female,0,No,No,32,Yes,Yes,DSL,Yes,Yes,No,No,Yes,No,One year,Yes,Electronic check,57.34,1853.23,1,24.3,0,0,0.278,Watch
Male,0,Yes,No,55,Yes,Yes,Fiber optic,No,No,Yes,No,Yes,No,Month-to-month,Yes,Mailed check,77.13,4258.31,3,21.1,1,0,0.725,Critical Risk
Male,0,No,No,1,Yes,Yes,Fiber optic,No,Yes,Yes,No,Yes,No,One year,Yes,Electronic check,82.32,76.23,0,14.6,0,0,0.645,High Risk
Male,0,Yes,No,25,Yes,Yes,DSL,Yes,No,No,Yes,No,No,Month-to-month,No,Electronic check,49.26,1258.04,1,21.6,0,0,0.586,High Risk
Male,0,No,No,12,Yes,No,Fiber optic,Yes,Yes,Yes,Yes,No,Yes,Two year,Yes,Electronic check,92.29,1124.19,1,16.2,0,0,0.305,Watch
Male,0,Yes,No,10,Yes,No,Fiber optic,Yes,No,No,Yes,No,No,Month-to-month,Yes,Mailed check,72.61,703.34,1,4.3,0,1,0.804,Critical Risk
Female,0,Yes,No,3,Yes,No,Fiber optic,No,No,Yes,Yes,Yes,Yes,Month-to-month,Yes,Mailed check,94.16,286.24,0,13.7,0,1,0.821,Critical Risk
Female,0,No,No,25,Yes,Yes,Fiber optic,Yes,Yes,No,No,No,No,One year,Yes,Bank transfer (automatic),74.36,1861.46,1,5.5,0,0,0.526,High Risk
Female,0,Yes,Yes,15,Yes,No,No,No,No,No,No,No,No,One year,Yes,Electronic check,18.0,261.49,1,14.1,0,0,0.326,Watch
Male,0,No,No,55,Yes,Yes,DSL,No,Yes,No,Yes,Yes,Yes,Month-to-month,No,Mailed check,60.2,3288.89,1,28.2,1,0,0.272,Watch
Male,0,No,No,36,No,No,DSL,Yes,No,No,No,Yes,No,One year,No,Electronic check,51.7,1842.31,2,10.5,0,0,0.344,Watch
Female,0,No,No,57,Yes,No,DSL,No,Yes,No,Yes,Yes,Yes,Two year,Yes,Credit card (automatic),64.71,3701.65,3,19.7,2,0,0.083,Healthy
Male,0,Yes,No,64,Yes,Yes,DSL,No,Yes,No,Yes,No,No,Month-to-month,Yes,Credit card (automatic),44.42,2835.31,1,6.0,1,0,0.185,Healthy
Male,0,No,No,57,Yes,No,DSL,Yes,Yes,No,No,Yes,No,Month-to-month,No,Credit card (automatic),50.98,2916.29,2,15.7,0,0,0.31,Watch
Male,0,Yes,No,30,Yes,No,DSL,No,No,No,Yes,Yes,No,Two year,Yes,Mailed check,44.27,1325.42,3,4.7,0,0,0.128,Healthy
Female,1,No,Yes,71,Yes,No,No,No,No,No,No,No,No,Two year,Yes,Credit card (automatic),18.0,1275.86,0,6.2,0,0,0.01,Healthy
Female,0,No,Yes,28,Yes,No,No,No,No,No,No,No,No,Month-to-month,No,Mailed check,19.66,532.23,1,18.4,0,0,0.443,High Risk
Male,0,No,No,60,Yes,Yes,Fiber optic,No,No,Yes,Yes,No,No,Month-to-month,Yes,Electronic check,72.98,4366.87,1,13.2,0,0,0.48,High Risk
Female,0,No,No,12,Yes,Yes,Fiber optic,Yes,No,No,Yes,Yes,Yes,Month-to-month,No,Credit card (automatic),83.63,1002.12,0,13.6,0,1,0.667,High Risk
Female,0,No,No,70,Yes,No,Fiber optic,No,Yes,Yes,No,Yes,No,Two year,No,Electronic check,80.54,5605.06,1,14.1,0,0,0.078,Healthy
Female,0,No,No,22,Yes,No,Fiber optic,No,No,Yes,No,No,Yes,Two year,Yes,Bank transfer (automatic),73.5,1621.81,2,1.3,0,1,0.333,Watch
Female,0,Yes,No,45,Yes,Yes,Fiber optic,Yes,No,No,No,Yes,Yes,Month-to-month,Yes,Credit card (automatic),83.01,3733.98,2,11.4,2,0,0.791,Critical Risk
Male,0,No,No,25,Yes,No,DSL,No,No,Yes,Yes,Yes,Yes,Two year,Yes,Electronic check,63.38,1553.87,2,14.0,0,0,0.187,Healthy
Female,0,Yes,No,16,Yes,No,No,No,No,No,No,No,No,Month-to-month,Yes,Electronic check,18.0,285.97,1,16.4,1,0,0.71,Critical Risk
Male,0,Yes,No,24,Yes,No,DSL,No,Yes,Yes,No,No,No,Month-to-month,No,Electronic check,51.27,1175.62,2,0.0,0,0,0.71,Critical Risk
Female,0,No,Yes,44,Yes,Yes,DSL,No,No,No,No,No,No,Month-to-month,No,Mailed check,42.05,1841.01,3,20.3,1,0,0.532,High Risk
Female,0,Yes,Yes,8,Yes,Yes,Fiber optic,No,No,No,Yes,Yes,No,Two year,Yes,Bank transfer (automatic),76.94,617.27,1,7.7,1,0,0.398,Watch
Female,0,No,No,14,Yes,No,DSL,No,Yes,Yes,Yes,No,No,Month-to-month,Yes,Mailed check,59.8,855.55,3,17.3,1,0,0.738,Critical Risk
Female,0,Yes,No,67,Yes,Yes,No,No,No,No,No,No,No,Two year,Yes,Electronic check,19.44,1355.42,2,14.5,1,0,0.052,Healthy
Female,1,Yes,No,6,Yes,No,Fiber optic,Yes,Yes,No,No,Yes,Yes,One year,Yes,Mailed check,88.62,535.57,0,19.8,0,1,0.498,High Risk
Female,0,No,No,52,Yes,Yes,No,No,No,No,No,No,No,Two year,Yes,Credit card (automatic),18.0,941.99,0,23.4,0,0,0.02,Healthy
Female,0,Yes,No,21,Yes,No,No,No,No,No,No,No,No,Month-to-month,Yes,Credit card (automatic),20.37,395.9,0,14.5,1,0,0.462,High Risk
Female,0,No,Yes,23,Yes,Yes,Fiber optic,Yes,Yes,Yes,Yes,Yes,Yes,Month-to-month,No,Electronic check,92.41,2121.86,0,15.7,0,1,0.697,High Risk
Male,0,No,No,26,Yes,No,No,No,No,No,No,No,No,Month-to-month,Yes,Bank transfer (automatic),18.0,458.79,0,0.0,2,1,0.678,High Risk
Female,1,No,Yes,27,Yes,No,No,No,No,No,No,No,No,Month-to-month,Yes,Credit card (automatic),20.74,526.0,1,9.4,0,1,0.405,High Risk
Female,0,Yes,No,51,Yes,Yes,DSL,Yes,No,No,Yes,No,Yes,One year,Yes,Bank transfer (automatic),62.55,3224.78,0,8.3,1,0,0.184,Healthy
Male,0,No,Yes,58,Yes,No,DSL,No,No,No,No,Yes,Yes,Month-to-month,Yes,Credit card (automatic),50.36,2929.79,3,13.6,0,0,0.394,Watch
Female,0,Yes,No,26,Yes,Yes,Fiber optic,No,No,No,Yes,No,Yes,Month-to-month,Yes,Bank transfer (automatic),78.75,2058.44,1,13.7,1,1,0.797,Critical Risk
Female,1,Yes,No,12,Yes,No,Fiber optic,No,No,Yes,Yes,No,No,Month-to-month,No,Electronic check,75.01,933.64,2,13.4,1,0,0.851,Critical Risk
Female,0,Yes,No,0,Yes,Yes,Fiber optic,No,Yes,Yes,No,No,Yes,One year,No,Bank transfer (automatic),81.96,0.0,3,15.9,1,0,0.729,Critical Risk
Female,0,Yes,No,52,Yes,Yes,DSL,No,Yes,No,Yes,No,No,Month-to-month,Yes,Mailed check,54.05,2785.13,1,27.0,0,0,0.248,Watch
Male,0,No,No,66,Yes,No,No,No,No,No,No,No,No,Month-to-month,Yes,Electronic check,18.0,1216.13,0,18.8,0,1,0.185,Healthy
Female,0,Yes,No,2,Yes,No,Fiber optic,Yes,No,Yes,Yes,No,No,Month-to-month,No,Electronic check,87.28,154.98,1,17.9,2,1,0.941,Critical Risk
Male,0,Yes,No,43,Yes,Yes,Fiber optic,Yes,Yes,No,No,No,No,Month-to-month,Yes,Credit card (automatic),72.66,3138.21,0,14.3,0,0,0.452,High Risk
Female,0,No,Yes,15,No,No,Fiber optic,No,No,Yes,Yes,Yes,Yes,One year,Yes,Credit card (automatic),87.56,1319.33,2,14.4,0,0,0.443,High Risk
Female,0,No,Yes,15,Yes,Yes,No,No,No,No,No,No,No,Month-to-month,Yes,Electronic check,20.69,350.61,2,16.7,1,0,0.77,Critical Risk
Male,0,Yes,Yes,60,Yes,Yes,DSL,Yes,No,No,Yes,No,No,One year,Yes,Bank transfer (automatic),51.22,3103.28,3,14.2,0,0,0.132,Healthy
Male,1,Yes,Yes,18,Yes,Yes,Fiber optic,No,Yes,Yes,No,Yes,Yes,One year,Yes,Bank transfer (automatic),90.12,1653.11,0,24.6,1,1,0.442,High Risk
Male,0,Yes,No,22,Yes,No,Fiber optic,Yes,No,Yes,No,No,Yes,Month-to-month,Yes,Mailed check,81.06,1749.96,0,9.2,0,0,0.756,Critical Risk
Male,0,No,No,9,Yes,No,Fiber optic,No,Yes,Yes,Yes,Yes,No,Month-to-month,No,Bank transfer (automatic),91.63,838.38,1,18.3,0,1,0.771,Critical Risk
Male,1,No,No,65,No,No,DSL,No,No,Yes,Yes,No,No,Month-to-month,Yes,Credit card (automatic),41.03,2688.15,0,9.8,0,0,0.077,Healthy
Male,0,No,No,66,Yes,Yes,No,No,No,No,No,No,No,Month-to-month,No,Credit card (automatic),20.01,1320.52,2,16.6,1,0,0.211,Watch
Male,1,No,No,66,Yes,Yes,DSL,No,Yes,No,No,No,Yes,One year,Yes,Electronic check,52.3,3439.7,0,17.2,1,0,0.087,Healthy
Male,0,Yes,Yes,16,Yes,No,DSL,No,No,Yes,No,Yes,Yes,Month-to-month,Yes,Mailed check,54.27,865.82,1,16.6,0,0,0.627,High Risk
Female,1,No,No,13,Yes,No,No,No,No,No,No,No,No,Two year,No,Electronic check,18.0,251.49,0,12.9,0,0,0.118,Healthy
Male,0,Yes,No,68,Yes,Yes,Fiber optic,Yes,No,Yes,No,No,No,Two year,No,Bank transfer (automatic),77.72,5259.91,3,6.8,1,0,0.173,Healthy
Male,0,Yes,No,44,Yes,No,Fiber optic,Yes,Yes,Yes,Yes,Yes,Yes,Month-to-month,Yes,Mailed check,94.75,4204.58,0,12.0,2,0,0.642,High Risk
Male,0,Yes,Yes,19,No,No,Fiber optic,No,Yes,No,Yes,Yes,Yes,Two year,No,Bank transfer (automatic),88.85,1650.96,1,16.9,0,0,0.204,Watch
Female,0,Yes,No,3,Yes,Yes,DSL,No,Yes,No,No,No,No,Month-to-month,No,Credit card (automatic),41.61,111.31,1,1.0,0,0,0.643,High Risk
Male,1,No,No,58,Yes,No,DSL,Yes,Yes,Yes,No,No,No,Month-to-month,Yes,Electronic check,57.47,3309.03,1,16.3,1,0,0.45,High Risk
Female,0,Yes,No,58,Yes,Yes,No,No,No,No,No,No,No,One year,Yes,Credit card (automatic),18.0,1044.55,0,12.5,2,0,0.087,Healthy
Male,0,Yes,Yes,0,Yes,Yes,DSL,Yes,No,Yes,Yes,Yes,Yes,Month-to-month,Yes,Mailed check,68.3,0.0,3,6.5,2,1,0.889,Critical Risk
Male,0,Yes,Yes,34,Yes,Yes,DSL,Yes,Yes,Yes,No,No,No,Two year,Yes,Credit card (automatic),54.27,1871.43,3,15.0,0,0,0.096,Healthy
Male,0,No,No,35,Yes,No,Fiber optic,Yes,No,No,No,Yes,Yes,Two year,Yes,Electronic check,79.05,2762.43,2,23.4,2,0,0.472,High Risk
Male,0,No,No,33,Yes,No,No,No,No,No,No,No,No,Month-to-month,Yes,Mailed check,18.0,600.31,2,20.9,1,1,0.512,High Risk
Female,0,No,Yes,26,Yes,Yes,Fiber optic,No,Yes,No,No,Yes,Yes,Two year,No,Mailed check,79.51,2064.84,2,8.9,0,0,0.298,Watch
Male,0,No,No,23,No,No,DSL,No,Yes,Yes,Yes,No,No,Two year,Yes,Credit card (automatic),51.45,1177.14,2,27.0,0,0,0.045,Healthy
Male,1,No,No,24,Yes,No,DSL,Yes,Yes,No,No,Yes,Yes,One year,No,Electronic check,59.09,1422.21,0,17.5,1,0,0.299,Watch
Female,0,Yes,No,67,Yes,No,No,No,No,No,No,No,No,One year,No,Mailed check,21.96,1445.17,2,19.0,2,0,0.113,Healthy
Female,0,Yes,No,72,Yes,Yes,Fiber optic,No,No,Yes,Yes,Yes,No,One year,Yes,Electronic check,88.49,6352.25,1,14.5,0,0,0.162,Healthy
Female,0,Yes,No,8,Yes,No,No,No,No,No,No,No,No,One year,No,Electronic check,18.0,121.88,0,12.2,0,0,0.293,Watch
Female,0,Yes,No,52,Yes,Yes,Fiber optic,No,No,Yes,Yes,Yes,No,Month-to-month,Yes,Bank transfer (automatic),84.23,4386.24,1,4.3,1,0,0.684,High Risk
Female,0,No,No,41,Yes,No,Fiber optic,Yes,Yes,No,No,No,No,Month-to-month,Yes,Electronic check,75.57,3101.3,0,23.5,0,0,0.632,High Risk
Male,0,Yes,Yes,18,No,No,No,No,No,No,No,No,No,Month-to-month,No,Electronic check,18.0,328.43,1,16.4,0,0,0.577,High Risk
Female,0,Yes,No,13,Yes,Yes,Fiber optic,No,No,No,No,Yes,No,Two year,No,Bank transfer (automatic),66.81,869.3,0,12.8,0,0,0.278,Watch
Male,0,No,Yes,54,Yes,No,DSL,No,Yes,No,Yes,Yes,Yes,Month-to-month,No,Credit card (automatic),64.48,3490.19,1,20.9,2,0,0.373,Watch
Male,0,Yes,No,26,Yes,Yes,DSL,Yes,Yes,No,No,Yes,No,Month-to-month,Yes,Electronic check,53.45,1381.26,2,15.5,1,0,0.793,Critical Risk
Female,0,Yes,No,9,Yes,Yes,Fiber optic,Yes,No,No,Yes,No,No,Month-to-month,Yes,Electronic check,68.12,610.32,0,6.6,2,1,0.894,Critical Risk
Female,0,Yes,No,70,Yes,No,DSL,Yes,Yes,No,Yes,No,No,Month-to-month,Yes,Mailed check,55.81,3914.48,1,14.1,1,0,0.221,Watch
Female,0,No,No,67,Yes,Yes,DSL,No,No,Yes,No,Yes,Yes,Two year,No,Credit card (automatic),57.77,3855.82,0,11.2,2,0,0.039,Healthy
Male,0,Yes,No,30,Yes,Yes,Fiber optic,Yes,Yes,No,Yes,No,Yes,Month-to-month,No,Mailed check,90.42,2722.48,1,11.5,1,1,0.768,Critical Risk
Female,0,Yes,Yes,31,Yes,Yes,Fiber optic,Yes,Yes,No,No,Yes,No,One year,Yes,Electronic check,81.28,2542.92,1,23.3,2,1,0.661,High Risk
Male,0,Yes,Yes,30,Yes,No,Fiber optic,No,No,No,No,Yes,No,Two year,No,Electronic check,63.61,1912.41,1,17.3,1,0,0.328,Watch
Female,0,No,No,13,Yes,No,No,No,No,No,No,No,No,Two year,Yes,Electronic check,19.38,281.04,0,18.7,0,0,0.137,Healthy
Female,0,Yes,No,7,Yes,No,DSL,Yes,Yes,Yes,Yes,Yes,No,Two year,No,Mailed check,61.9,431.27,1,21.4,2,0,0.2,Watch
Female,0,Yes,No,19,Yes,Yes,Fiber optic,Yes,No,No,No,Yes,No,Two year,Yes,Electronic check,70.24,1356.69,5,18.4,0,0,0.583,High Risk
Female,1,No,No,28,Yes,No,Fiber optic,No,No,No,No,No,Yes,Month-to-month,Yes,Bank transfer (automatic),69.38,1926.62,1,18.3,1,1,0.777,Critical Risk
Female,0,No,No,11,Yes,Yes,Fiber optic,No,Yes,Yes,No,No,Yes,One year,Yes,Electronic check,80.78,895.07,3,17.9,0,1,0.661,High Risk
Male,0,Yes,No,2,No,No,Fiber optic,No,No,No,Yes,No,Yes,One year,No,Electronic check,78.44,168.37,1,15.1,0,0,0.615,High Risk
Male,0,Yes,No,67,Yes,No,Fiber optic,No,Yes,Yes,Yes,No,No,Month-to-month,Yes,Bank transfer (automatic),82.73,5562.88,1,15.2,3,0,0.582,High Risk
Male,0,Yes,No,64,Yes,Yes,No,No,No,No,No,No,No,Month-to-month,No,Bank transfer (automatic),18.1,1168.85,0,9.8,1,0,0.215,Watch
Female,0,No,No,22,Yes,Yes,No,No,No,No,No,No,No,Two year,Yes,Credit card (automatic),20.3,478.02,1,12.2,0,0,0.068,Healthy
Male,1,Yes,No,44,Yes,Yes,No,No,No,No,No,No,No,Month-to-month,Yes,Mailed check,18.0,807.26,3,16.2,0,0,0.319,Watch
Male,0,No,No,10,Yes,No,No,No,No,No,No,No,No,Two year,Yes,Credit card (automatic),18.0,181.88,4,15.5,0,0,0.158,Healthy
Female,0,No,Yes,67,Yes,No,Fiber optic,Yes,Yes,Yes,Yes,Yes,No,One year,Yes,Electronic check,98.74,6618.04,2,10.2,0,0,0.277,Watch
Female,0,No,Yes,59,Yes,Yes,Fiber optic,Yes,No,No,Yes,No,Yes,Month-to-month,No,Mailed check,82.67,4865.31,1,13.2,2,0,0.65,High Risk
Female,0,Yes,No,12,Yes,Yes,Fiber optic,Yes,No,Yes,Yes,No,Yes,Month-to-month,Yes,Mailed check,80.22,957.78,1,12.1,0,0,0.731,Critical Risk
Female,0,No,No,15,Yes,No,Fiber optic,Yes,Yes,Yes,No,No,Yes,Month-to-month,Yes,Bank transfer (automatic),86.38,1292.85,3,21.4,1,1,0.906,Critical Risk
Female,0,No,No,24,Yes,Yes,DSL,No,No,Yes,No,Yes,No,Month-to-month,No,Electronic check,50.7,1221.68,1,13.8,0,1,0.63,High Risk
Male,0,No,No,6,Yes,No,Fiber optic,Yes,Yes,No,Yes,No,No,Month-to-month,No,Electronic check,80.38,479.61,1,11.5,0,1,0.855,Critical Risk
Female,1,Yes,No,25,Yes,Yes,No,No,No,No,No,No,No,Month-to-month,Yes,Mailed check,18.0,422.74,2,7.7,0,0,0.527,High Risk
Female,0,No,No,48,Yes,No,Fiber optic,No,No,No,No,Yes,No,Month-to-month,No,Bank transfer (automatic),65.8,3183.24,1,7.3,0,0,0.565,High Risk
Female,1,No,No,53,Yes,No,DSL,No,Yes,No,No,Yes,No,Month-to-month,Yes,Bank transfer (automatic),50.67,2642.88,0,5.3,1,1,0.408,High Risk
Male,0,No,No,0,Yes,No,Fiber optic,Yes,No,Yes,No,Yes,Yes,Month-to-month,Yes,Bank transfer (automatic),85.23,0.0,0,17.4,0,0,0.865,Critical Risk
Female,0,No,No,25,Yes,Yes,Fiber optic,No,Yes,Yes,No,Yes,No,Two year,No,Bank transfer (automatic),84.6,2140.67,0,7.2,1,0,0.315,Watch
Female,0,No,Yes,60,No,No,No,No,No,No,No,No,No,One year,No,Electronic check,18.0,1064.2,2,7.8,1,0,0.163,Healthy
Female,0,Yes,Yes,63,No,No,DSL,No,No,No,Yes,No,No,Two year,No,Credit card (automatic),43.8,2779.63,1,0.9,0,0,0.022,Healthy
Male,1,No,No,41,Yes,Yes,Fiber optic,Yes,Yes,Yes,Yes,No,No,One year,No,Mailed check,88.0,3613.14,3,10.1,0,0,0.288,Watch
Female,0,No,No,53,Yes,Yes,Fiber optic,Yes,Yes,No,No,Yes,Yes,Month-to-month,No,Electronic check,88.5,4701.38,2,3.8,0,0,0.798,Critical Risk
Female,1,No,No,18,Yes,Yes,Fiber optic,No,Yes,No,Yes,Yes,Yes,Two year,Yes,Electronic check,86.16,1542.89,0,4.4,1,0,0.313,Watch
Female,0,Yes,No,63,Yes,Yes,DSL,No,Yes,Yes,Yes,No,Yes,One year,Yes,Electronic check,60.43,3801.94,1,18.4,1,0,0.096,Healthy
Male,0,Yes,No,34,Yes,No,No,No,No,No,No,No,No,Month-to-month,No,Electronic check,18.0,625.4,0,13.9,0,0,0.42,High Risk
Female,0,No,No,50,Yes,Yes,No,No,No,No,No,No,No,Month-to-month,No,Electronic check,18.0,901.68,0,10.6,0,0,0.349,Watch
Female,0,No,No,19,Yes,Yes,Fiber optic,No,Yes,No,Yes,Yes,Yes,Month-to-month,Yes,Credit card (automatic),84.79,1601.85,0,19.5,0,0,0.572,High Risk
Male,1,Yes,No,12,Yes,No,DSL,Yes,No,Yes,No,Yes,Yes,Month-to-month,No,Mailed check,66.81,801.28,0,12.2,1,1,0.69,High Risk
Female,0,Yes,Yes,38,Yes,No,Fiber optic,Yes,Yes,Yes,Yes,No,Yes,Month-to-month,Yes,Mailed check,98.92,3753.24,1,6.3,0,0,0.669,High Risk
Male,0,No,No,38,Yes,Yes,Fiber optic,Yes,Yes,No,No,No,No,Two year,No,Credit card (automatic),75.14,2830.1,1,18.5,1,0,0.153,Healthy
Female,0,No,No,41,Yes,No,DSL,No,No,Yes,Yes,Yes,Yes,Two year,Yes,Mailed check,64.18,2633.29,1,18.1,0,0,0.05,Healthy
Male,0,Yes,No,58,Yes,No,Fiber optic,No,Yes,No,Yes,Yes,Yes,Month-to-month,Yes,Electronic check,85.68,4983.52,4,8.8,0,0,0.735,Critical Risk
Female,0,Yes,No,56,Yes,Yes,Fiber optic,Yes,Yes,Yes,No,No,No,Month-to-month,No,Electronic check,77.58,4344.35,3,10.5,0,0,0.728,Critical Risk
Female,0,Yes,No,22,Yes,Yes,No,No,No,No,No,No,No,Month-to-month,No,Electronic check,18.0,393.33,3,10.9,0,0,0.676,High Risk
Female,0,Yes,Yes,34,Yes,No,No,No,No,No,No,No,No,Month-to-month,No,Electronic check,18.34,630.15,3,23.7,0,0,0.556,High Risk
Female,0,No,Yes,6,Yes,Yes,Fiber optic,Yes,Yes,No,No,Yes,No,One year,Yes,Credit card (automatic),78.77,452.3,0,10.8,0,0,0.476,High Risk
Female,0,No,No,57,Yes,No,DSL,No,No,No,Yes,No,Yes,Month-to-month,Yes,Mailed check,49.12,2760.51,0,11.6,0,0,0.222,Watch
Male,0,No,Yes,9,No,No,DSL,Yes,No,No,Yes,No,Yes,Month-to-month,Yes,Bank transfer (automatic),42.45,401.1,5,9.4,0,0,0.756,Critical Risk
Male,0,No,No,5,Yes,No,DSL,Yes,Yes,No,Yes,No,Yes,Two year,No,Mailed check,59.0,307.17,0,9.1,0,0,0.123,Healthy
Female,0,Yes,Yes,37,Yes,No,Fiber optic,Yes,Yes,Yes,Yes,No,No,Month-to-month,No,Mailed check,89.52,3272.27,0,16.8,1,0,0.615,High Risk
Female,1,Yes,Yes,67,Yes,Yes,Fiber optic,No,No,Yes,Yes,Yes,Yes,Two year,Yes,Bank transfer (automatic),89.7,6006.68,1,22.1,0,0,0.043,Healthy
Male,0,Yes,No,27,Yes,Yes,No,No,No,No,No,No,No,Month-to-month,Yes,Mailed check,20.3,547.95,2,8.9,1,0,0.644,High Risk
Male,0,Yes,Yes,13,Yes,Yes,Fiber optic,Yes,Yes,No,No,No,Yes,Month-to-month,No,Electronic check,78.54,1012.29,2,0.0,0,1,0.919,Critical Risk
Female,0,No,No,13,Yes,No,DSL,Yes,No,Yes,No,Yes,Yes,Month-to-month,Yes,Electronic check,61.49,781.89,2,14.5,0,0,0.83,Critical Risk
Female,0,Yes,No,61,Yes,No,Fiber optic,Yes,No,Yes,Yes,No,No,One year,Yes,Electronic check,77.08,4700.75,1,0.0,1,0,0.334,Watch
Male,0,No,No,48,Yes,Yes,Fiber optic,No,No,Yes,No,Yes,No,Two year,No,Bank transfer (automatic),70.08,3348.49,0,12.2,0,0,0.075,Healthy
Male,0,Yes,Yes,36,Yes,Yes,DSL,Yes,Yes,Yes,No,Yes,Yes,Month-to-month,No,Electronic check,66.69,2399.84,3,13.8,0,0,0.685,High Risk
Male,0,Yes,Yes,67,Yes,Yes,Fiber optic,No,No,No,No,Yes,Yes,Month-to-month,Yes,Electronic check,66.98,4460.19,0,5.1,1,0,0.55,High Risk
Female,0,Yes,No,7,Yes,No,DSL,Yes,Yes,Yes,Yes,No,Yes,One year,No,Bank transfer (automatic),71.02,507.5,2,15.0,0,0,0.363,Watch
Male,0,No,No,44,Yes,No,DSL,Yes,Yes,No,Yes,No,No,Month-to-month,No,Credit card (automatic),61.03,2717.43,0,12.9,0,0,0.235,Watch
Female,0,No,No,26,Yes,No,Fiber optic,Yes,Yes,No,Yes,Yes,No,One year,Yes,Electronic check,85.68,2228.52,4,3.0,1,0,0.796,Critical Risk
Male,0,No,Yes,17,Yes,No,No,No,No,No,No,No,No,Month-to-month,Yes,Electronic check,20.74,366.96,1,8.4,0,1,0.675,High Risk
Male,0,Yes,Yes,67,Yes,Yes,No,No,No,No,No,No,No,Month-to-month,Yes,Bank transfer (automatic),18.0,1201.28,2,13.5,0,0,0.207,Watch
Female,0,No,Yes,69,Yes,Yes,DSL,No,No,Yes,Yes,Yes,Yes,Month-to-month,No,Electronic check,57.91,4026.87,0,19.3,1,0,0.21,Watch
Female,0,No,No,60,Yes,Yes,Fiber optic,No,Yes,Yes,Yes,Yes,No,Month-to-month,Yes,Electronic check,82.68,4947.4,1,10.2,0,1,0.491,High Risk
Female,0,Yes,Yes,10,Yes,No,No,No,No,No,No,No,No,One year,No,Mailed check,18.0,148.23,0,11.6,0,0,0.201,Watch
Female,0,Yes,Yes,52,Yes,Yes,No,No,No,No,No,No,No,Two year,Yes,Bank transfer (automatic),18.0,907.17,0,7.6,0,0,0.037,Healthy
Female,0,Yes,No,26,Yes,Yes,No,No,No,No,No,No,No,Month-to-month,Yes,Bank transfer (automatic),18.0,450.27,1,15.0,1,1,0.573,High Risk
Female,0,Yes,No,27,Yes,No,Fiber optic,No,Yes,Yes,No,No,No,Month-to-month,No,Mailed check,78.13,2112.86,0,13.0,1,1,0.76,Critical Risk
Female,0,No,No,14,Yes,Yes,No,No,No,No,No,No,No,Month-to-month,Yes,Credit card (automatic),22.03,302.29,3,16.8,0,0,0.621,High Risk
Male,0,Yes,Yes,42,Yes,Yes,Fiber optic,Yes,Yes,Yes,No,No,Yes,Two year,Yes,Mailed check,84.52,3589.85,3,9.8,1,0,0.266,Watch
Male,1,No,No,62,Yes,No,DSL,Yes,Yes,Yes,Yes,No,No,One year,No,Mailed check,61.3,3805.6,0,8.4,1,0,0.064,Healthy
Female,0,No,Yes,16,Yes,Yes,DSL,No,Yes,Yes,Yes,Yes,No,Two year,Yes,Mailed check,62.94,1009.14,1,11.5,0,0,0.112,Healthy
Male,0,Yes,No,39,Yes,No,No,No,No,No,No,No,No,Month-to-month,Yes,Bank transfer (automatic),18.0,704.78,3,12.7,1,1,0.555,High Risk
Female,0,No,No,47,Yes,No,No,No,No,No,No,No,No,One year,No,Mailed check,19.68,951.04,1,15.5,1,0,0.107,Healthy
Female,0,Yes,Yes,46,Yes,Yes,Fiber optic,No,Yes,No,Yes,Yes,Yes,Two year,No,Credit card (automatic),88.46,4035.38,0,17.0,0,0,0.05,Healthy
Male,0,No,No,19,No,No,Fiber optic,Yes,No,Yes,Yes,Yes,Yes,Month-to-month,Yes,Credit card (automatic),93.77,1794.23,0,16.2,2,1,0.791,Critical Risk
Female,0,Yes,No,2,Yes,No,DSL,Yes,No,No,Yes,Yes,No,Two year,Yes,Mailed check,57.37,96.16,2,11.3,1,0,0.319,Watch
Male,1,Yes,No,60,Yes,Yes,Fiber optic,No,No,Yes,No,No,Yes,Month-to-month,Yes,Electronic check,74.2,4458.47,1,19.9,0,0,0.495,High Risk
Female,0,Yes,Yes,43,Yes,No,Fiber optic,No,No,No,No,Yes,Yes,Two year,Yes,Mailed check,74.86,3212.21,1,15.2,1,0,0.187,Healthy
Male,0,No,No,51,Yes,No,DSL,No,No,No,Yes,Yes,Yes,Month-to-month,Yes,Electronic check,49.54,2528.46,0,23.1,0,0,0.305,Watch
Male,0,No,Yes,38,Yes,Yes,Fiber optic,No,No,Yes,No,No,Yes,Month-to-month,Yes,Electronic check,74.47,2839.83,3,17.5,0,0,0.79,Critical Risk
Female,0,No,No,28,Yes,No,Fiber optic,No,Yes,Yes,Yes,No,Yes,Month-to-month,No,Mailed check,89.54,2525.0,3,2.1,0,1,0.802,Critical Risk
Female,1,Yes,Yes,18,Yes,Yes,No,No,No,No,No,No,No,Month-to-month,Yes,Credit card (automatic),18.0,333.96,1,4.9,1,1,0.527,High Risk
Male,0,No,No,48,Yes,Yes,No,No,No,No,No,No,No,Month-to-month,No,Bank transfer (automatic),18.0,866.85,0,23.1,0,1,0.17,Healthy
Female,0,Yes,No,60,Yes,Yes,DSL,Yes,No,No,Yes,No,Yes,Month-to-month,Yes,Mailed check,59.63,3587.7,0,17.5,0,0,0.224,Watch
Female,0,No,No,23,Yes,Yes,DSL,Yes,No,No,No,No,Yes,Month-to-month,Yes,Bank transfer (automatic),51.03,1172.74,1,14.3,3,0,0.817,Critical Risk
Male,0,No,No,1,Yes,No,DSL,Yes,Yes,No,Yes,Yes,No,Month-to-month,Yes,Electronic check,63.09,74.21,1,26.4,2,1,0.848,Critical Risk
Female,0,No,No,11,Yes,No,DSL,Yes,Yes,Yes,Yes,Yes,No,Month-to-month,Yes,Mailed check,69.66,789.71,0,0.8,2,0,0.76,Critical Risk
Female,0,Yes,No,42,Yes,No,Fiber optic,Yes,No,No,No,Yes,Yes,One year,Yes,Electronic check,75.28,3198.07,2,8.4,0,0,0.49,High Risk
Male,1,No,No,17,Yes,Yes,Fiber optic,No,No,No,No,Yes,No,Month-to-month,No,Electronic check,65.71,1140.62,1,15.4,0,0,0.808,Critical Risk
Female,0,No,No,59,Yes,No,DSL,No,Yes,No,Yes,Yes,Yes,One year,Yes,Electronic check,62.87,3738.24,2,12.3,1,0,0.198,Healthy
Female,0,Yes,Yes,19,Yes,No,No,No,No,No,No,No,No,One year,No,Bank transfer (automatic),18.0,324.88,0,19.6,2,1,0.278,Watch
Female,0,No,No,36,Yes,No,Fiber optic,No,Yes,Yes,No,No,No,Month-to-month,Yes,Credit card (automatic),75.28,2728.69,0,26.0,0,0,0.454,High Risk
Female,0,Yes,Yes,16,Yes,Yes,DSL,Yes,Yes,No,Yes,No,No,Month-to-month,Yes,Bank transfer (automatic),53.36,858.49,0,18.9,1,0,0.568,High Risk
Female,0,No,No,33,Yes,Yes,Fiber optic,Yes,No,No,No,Yes,Yes,One year,Yes,Electronic check,75.64,2479.87,1,2.1,1,0,0.644,High Risk
Male,0,No,No,49,Yes,Yes,DSL,Yes,Yes,Yes,No,No,Yes,One year,No,Bank transfer (automatic),66.1,3226.26,1,24.0,0,0,0.147,Healthy
Female,0,No,Yes,58,Yes,No,Fiber optic,Yes,No,Yes,No,No,Yes,Month-to-month,No,Electronic check,87.81,5115.0,0,13.7,0,0,0.644,High Risk
Male,0,Yes,No,53,Yes,No,Fiber optic,Yes,No,No,No,Yes,Yes,Month-to-month,Yes,Credit card (automatic),88.08,4687.82,3,10.0,1,0,0.817,Critical Risk
Female,1,Yes,No,37,No,No,DSL,Yes,No,No,No,No,No,Month-to-month,No,Bank transfer (automatic),39.0,1420.78,1,3.1,2,1,0.608,High Risk
Male,0,No,No,33,Yes,No,Fiber optic,No,No,No,No,Yes,No,One year,No,Mailed check,73.56,2425.04,2,14.2,0,0,0.467,High Risk
Male,0,Yes,No,23,Yes,No,No,No,No,No,No,No,No,One year,No,Mailed check,22.32,487.39,0,4.2,0,0,0.181,Healthy
Male,0,No,Yes,72,Yes,Yes,Fiber optic,Yes,No,No,Yes,No,Yes,Month-to-month,Yes,Bank transfer (automatic),75.19,5406.09,3,9.3,1,1,0.519,High Risk
Female,0,Yes,Yes,53,Yes,Yes,Fiber optic,Yes,Yes,Yes,No,Yes,No,One year,No,Credit card (automatic),80.99,4278.77,1,5.3,0,0,0.225,Watch
Male,0,No,Yes,65,Yes,No,No,No,No,No,No,No,No,Two year,No,Electronic check,18.0,1169.44,0,11.8,1,0,0.036,Healthy
Male,0,Yes,No,53,Yes,No,No,No,No,No,No,No,No,One year,No,Bank transfer (automatic),19.09,1027.44,4,11.7,0,0,0.184,Healthy
Female,0,Yes,Yes,6,Yes,No,No,No,No,No,No,No,No,Month-to-month,No,Bank transfer (automatic),22.28,117.78,1,6.8,1,1,0.736,Critical Risk
Female,1,Yes,No,19,Yes,No,DSL,No,No,Yes,Yes,No,No,Month-to-month,Yes,Electronic check,47.45,881.33,0,12.4,0,0,0.487,High Risk
Male,0,Yes,No,33,Yes,Yes,DSL,Yes,No,No,Yes,No,No,Month-to-month,Yes,Electronic check,55.67,1837.29,4,17.0,0,1,0.729,Critical Risk
Female,0,Yes,No,22,Yes,No,No,No,No,No,No,No,No,Two year,Yes,Electronic check,18.0,395.84,0,13.1,1,0,0.135,Healthy
Male,0,Yes,No,66,Yes,Yes,No,No,No,No,No,No,No,One year,Yes,Electronic check,20.6,1334.82,0,28.5,0,0,0.047,Healthy
Male,1,No,No,35,Yes,Yes,Fiber optic,No,Yes,Yes,Yes,Yes,No,Month-to-month,Yes,Electronic check,88.42,3105.73,0,11.0,0,0,0.605,High Risk
Female,0,Yes,No,16,Yes,Yes,No,No,No,No,No,No,No,Two year,No,Electronic check,21.77,330.31,0,13.0,1,1,0.175,Healthy
Male,1,No,No,43,Yes,Yes,Fiber optic,No,No,No,Yes,Yes,No,One year,No,Electronic check,76.57,3319.75,0,20.8,1,0,0.252,Watch
Female,1,No,No,27,Yes,Yes,DSL,No,Yes,No,No,No,No,Month-to-month,No,Mailed check,44.31,1211.4,3,8.4,0,1,0.609,High Risk
Female,0,No,No,9,Yes,Yes,No,No,No,No,No,No,No,One year,Yes,Mailed check,20.04,205.39,3,17.8,0,1,0.331,Watch
Female,0,Yes,No,69,Yes,Yes,No,No,No,No,No,No,No,Two year,No,Mailed check,18.0,1237.47,1,7.5,1,0,0.026,Healthy
Male,0,Yes,No,69,Yes,No,Fiber optic,No,Yes,Yes,Yes,Yes,No,Two year,No,Electronic check,86.12,5973.02,1,9.8,0,0,0.065,Healthy
Female,0,Yes,No,56,Yes,No,Fiber optic,Yes,No,No,No,No,Yes,Month-to-month,No,Electronic check,72.87,4091.02,2,15.6,0,0,0.711,Critical Risk
Female,0,No,No,22,Yes,No,Fiber optic,No,No,No,No,Yes,Yes,Two year,No,Mailed check,76.55,1702.99,0,9.2,0,0,0.234,Watch
Male,0,No,No,60,Yes,No,Fiber optic,Yes,Yes,No,No,No,No,Month-to-month,Yes,Credit card (automatic),77.25,4656.34,1,11.0,2,0,0.652,High Risk
Male,0,Yes,Yes,21,Yes,Yes,Fiber optic,Yes,Yes,No,No,No,Yes,Month-to-month,Yes,Bank transfer (automatic),78.88,1672.5,2,1.9,1,1,0.888,Critical Risk
Male,0,Yes,No,64,Yes,No,Fiber optic,No,No,Yes,Yes,Yes,No,One year,No,Mailed check,78.55,5004.1,2,23.8,1,0,0.174,Healthy
Female,1,Yes,Yes,64,Yes,Yes,Fiber optic,Yes,No,No,No,No,No,Month-to-month,No,Mailed check,67.36,4304.8,3,18.1,0,0,0.504,High Risk
Female,0,Yes,No,12,No,No,DSL,No,Yes,Yes,No,Yes,Yes,Month-to-month,No,Mailed check,72.39,873.14,0,16.1,1,0,0.674,High Risk
Male,0,No,Yes,22,No,No,DSL,Yes,No,No,Yes,No,Yes,One year,Yes,Bank transfer (automatic),54.78,1189.87,1,10.2,0,0,0.229,Watch
Female,1,Yes,No,51,Yes,Yes,DSL,Yes,No,No,No,No,Yes,Month-to-month,No,Electronic check,42.75,2189.48,1,2.6,0,0,0.471,High Risk
Female,0,Yes,Yes,17,Yes,No,Fiber optic,Yes,No,No,Yes,Yes,Yes,Month-to-month,Yes,Credit card (automatic),87.85,1477.69,0,16.2,2,1,0.828,Critical Risk
Female,0,Yes,Yes,58,Yes,Yes,Fiber optic,No,No,No,No,Yes,Yes,Two year,Yes,Electronic check,72.81,4235.57,0,16.1,0,1,0.115,Healthy
Male,0,Yes,No,49,Yes,No,Fiber optic,No,Yes,Yes,Yes,No,No,Two year,Yes,Electronic check,89.92,4429.13,1,2.3,0,1,0.208,Watch
Male,1,Yes,No,16,Yes,Yes,Fiber optic,Yes,No,No,Yes,Yes,Yes,Month-to-month,No,Credit card (automatic),90.48,1489.85,0,5.0,1,0,0.779,Critical Risk
Male,0,Yes,Yes,56,Yes,Yes,DSL,Yes,Yes,Yes,Yes,No,Yes,Two year,No,Credit card (automatic),63.55,3555.46,2,13.5,0,0,0.031,Healthy
Female,0,Yes,Yes,3,Yes,No,No,No,No,No,No,No,No,Month-to-month,Yes,Electronic check,23.09,74.99,4,15.7,0,1,0.846,Critical Risk
Female,0,Yes,Yes,28,Yes,No,Fiber optic,No,No,Yes,Yes,No,Yes,Month-to-month,Yes,Mailed check,82.96,2317.88,3,13.0,0,1,0.787,Critical Risk
Female,0,No,No,13,Yes,Yes,Fiber optic,No,Yes,No,No,No,No,One year,Yes,Bank transfer (automatic),67.64,895.39,2,0.0,0,0,0.635,High Risk
Male,0,No,No,0,Yes,No,DSL,No,Yes,Yes,Yes,Yes,Yes,Month-to-month,No,Mailed check,73.0,0.0,1,14.8,0,1,0.672,High Risk
Male,0,Yes,No,54,Yes,Yes,Fiber optic,Yes,No,No,Yes,No,Yes,One year,Yes,Credit card (automatic),82.31,4438.02,2,13.0,2,0,0.376,Watch
Male,1,No,No,11,Yes,No,Fiber optic,No,Yes,Yes,No,No,No,One year,Yes,Bank transfer (automatic),74.84,863.96,0,5.2,2,1,0.593,High Risk
Female,0,Yes,No,50,Yes,No,Fiber optic,No,Yes,Yes,No,Yes,Yes,One year,Yes,Bank transfer (automatic),88.99,4467.36,1,13.9,2,0,0.487,High Risk
Male,1,No,No,5,Yes,Yes,DSL,No,No,No,No,No,No,Two year,No,Bank transfer (automatic),40.88,178.29,2,9.9,1,0,0.262,Watch
Female,0,No,No,65,Yes,No,Fiber optic,Yes,No,No,No,Yes,No,Two year,Yes,Credit card (automatic),76.51,4964.58,1,1.0,1,0,0.133,Healthy
Female,1,Yes,Yes,71,Yes,Yes,No,No,No,No,No,No,No,Month-to-month,Yes,Mailed check,22.04,1570.28,1,14.0,1,0,0.172,Healthy
Male,0,Yes,No,23,Yes,No,No,No,No,No,No,No,No,Month-to-month,Yes,Electronic check,18.0,421.08,6,19.4,1,0,0.842,Critical Risk
Male,0,No,No,35,Yes,No,No,No,No,No,No,No,No,Month-to-month,Yes,Bank transfer (automatic),20.51,684.24,1,20.9,0,1,0.378,Watch
Male,0,Yes,No,45,Yes,Yes,DSL,Yes,Yes,Yes,Yes,No,No,One year,No,Mailed check,63.45,2851.4,0,18.7,1,0,0.091,Healthy
Female,0,Yes,No,43,Yes,Yes,Fiber optic,Yes,No,Yes,No,No,Yes,Month-to-month,Yes,Credit card (automatic),83.71,3631.44,3,12.0,0,0,0.691,High Risk
Female,0,No,No,1,Yes,No,DSL,No,No,No,No,Yes,No,Month-to-month,No,Mailed check,41.16,59.28,2,9.7,0,1,0.761,Critical Risk
Male,0,No,No,71,Yes,Yes,Fiber optic,No,No,Yes,No,No,Yes,Month-to-month,Yes,Electronic check,75.54,5379.63,2,6.5,0,0,0.546,High Risk
Male,0,No,No,68,Yes,Yes,Fiber optic,No,No,Yes,Yes,No,No,One year,No,Bank transfer (automatic),76.0,5126.34,1,0.4,1,0,0.176,Healthy
Female,0,No,Yes,35,Yes,No,Fiber optic,No,Yes,No,No,No,No,Two year,Yes,Credit card (automatic),69.46,2393.36,1,14.5,2,0,0.23,Watch
Male,0,No,No,40,Yes,Yes,No,No,No,No,No,No,No,Month-to-month,No,Electronic check,18.0,717.3,0,14.6,1,0,0.419,High Risk
Male,0,No,No,12,Yes,Yes,No,No,No,No,No,No,No,One year,No,Electronic check,20.16,224.49,1,11.2,0,0,0.305,Watch
Male,0,No,Yes,54,No,No,DSL,Yes,No,No,Yes,Yes,No,Two year,Yes,Electronic check,62.1,3343.91,0,21.1,0,0,0.058,Healthy
Male,0,No,No,37,Yes,Yes,No,No,No,No,No,No,No,Month-to-month,No,Electronic check,19.41,706.74,1,20.1,1,0,0.498,High Risk
Male,0,No,Yes,20,Yes,No,No,No,No,No,No,No,No,Month-to-month,Yes,Mailed check,19.77,398.0,3,17.2,0,0,0.608,High Risk
Female,1,No,Yes,22,Yes,Yes,Fiber optic,Yes,No,Yes,Yes,Yes,No,Two year,Yes,Electronic check,93.97,2057.74,1,9.5,0,0,0.314,Watch
Female,0,No,No,5,Yes,Yes,DSL,No,No,No,Yes,No,No,Month-to-month,Yes,Credit card (automatic),45.08,255.79,1,24.6,2,0,0.661,High Risk
Female,0,No,No,57,Yes,No,DSL,Yes,No,Yes,Yes,No,No,One year,Yes,Electronic check,61.08,3432.39,2,22.0,1,0,0.213,Watch
Female,0,No,No,4,No,No,Fiber optic,Yes,No,Yes,Yes,Yes,No,Month-to-month,No,Electronic check,85.39,351.05,0,5.5,1,1,0.897,Critical Risk
Female,0,Yes,No,41,Yes,Yes,DSL,No,Yes,No,No,Yes,Yes,Two year,Yes,Electronic check,59.03,2415.79,4,15.4,1,0,0.236,Watch
Male,0,No,Yes,59,Yes,Yes,DSL,No,No,Yes,No,Yes,No,One year,Yes,Mailed check,50.45,2983.37,4,17.4,1,0,0.23,Watch
Male,1,Yes,No,3,Yes,No,DSL,Yes,Yes,Yes,No,Yes,No,Two year,Yes,Credit card (automatic),60.8,189.97,1,7.4,0,0,0.163,Healthy
Female,0,Yes,Yes,11,Yes,No,Fiber optic,No,No,Yes,No,Yes,No,One year,No,Bank transfer (automatic),75.74,817.32,0,18.5,0,0,0.45,High Risk
Male,0,Yes,Yes,55,Yes,No,Fiber optic,Yes,No,Yes,No,Yes,No,Month-to-month,No,Credit card (automatic),85.0,4672.59,1,21.0,0,1,0.535,High Risk
Female,0,No,No,60,Yes,Yes,DSL,No,No,No,Yes,No,Yes,Month-to-month,No,Mailed check,49.88,3003.85,0,9.5,0,0,0.192,Healthy
Female,0,No,No,5,Yes,No,No,No,No,No,No,No,No,Month-to-month,Yes,Electronic check,19.03,82.14,3,12.0,1,0,0.848,Critical Risk
Male,0,Yes,Yes,19,Yes,No,DSL,Yes,No,Yes,Yes,Yes,No,One year,Yes,Credit card (automatic),62.18,1193.73,0,17.3,0,0,0.167,Healthy
Female,0,Yes,Yes,44,Yes,No,Fiber optic,Yes,Yes,No,No,Yes,Yes,One year,No,Bank transfer (automatic),84.62,3741.93,3,23.9,2,0,0.532,High Risk
Female,0,Yes,No,39,Yes,No,Fiber optic,Yes,No,Yes,No,No,No,Month-to-month,No,Mailed check,74.64,2882.41,1,17.3,1,1,0.711,Critical Risk
Male,1,Yes,Yes,37,Yes,No,Fiber optic,Yes,No,Yes,Yes,Yes,No,Two year,Yes,Mailed check,87.47,3217.59,0,10.6,0,0,0.112,Healthy
Male,0,Yes,No,19,Yes,No,DSL,Yes,Yes,No,Yes,No,No,Month-to-month,No,Electronic check,46.85,842.48,1,11.3,1,1,0.659,High Risk
Female,1,No,No,39,Yes,Yes,Fiber optic,Yes,Yes,No,No,Yes,No,Month-to-month,Yes,Mailed check,79.74,3136.24,3,16.0,0,1,0.712,Critical Risk
Female,0,Yes,Yes,3,No,No,DSL,No,No,No,Yes,No,Yes,One year,Yes,Electronic check,48.32,130.1,3,14.4,0,0,0.48,High Risk
Male,0,Yes,No,63,Yes,Yes,DSL,No,Yes,Yes,No,Yes,Yes,One year,Yes,Mailed check,61.26,3896.72,1,13.9,1,0,0.107,Healthy
Female,0,Yes,No,39,Yes,No,Fiber optic,Yes,Yes,No,No,No,Yes,Month-to-month,No,Electronic check,76.96,2995.03,0,6.2,2,1,0.824,Critical Risk
Male,0,No,No,27,No,No,DSL,No,Yes,No,Yes,Yes,Yes,Two year,Yes,Mailed check,57.49,1593.24,0,15.2,0,0,0.059,Healthy
Female,0,No,No,26,No,No,No,No,No,No,No,No,No,Month-to-month,Yes,Bank transfer (automatic),23.39,604.78,1,17.0,0,0,0.505,High Risk
Female,0,Yes,No,27,No,No,Fiber optic,No,No,Yes,Yes,Yes,Yes,Month-to-month,No,Credit card (automatic),85.76,2291.27,2,10.4,1,0,0.759,Critical Risk
Male,0,Yes,No,31,Yes,No,DSL,No,Yes,No,Yes,Yes,Yes,One year,Yes,Electronic check,59.19,1835.57,3,17.1,0,1,0.305,Watch
Female,0,No,No,14,Yes,Yes,No,No,No,No,No,No,No,Month-to-month,No,Credit card (automatic),18.0,242.28,1,19.9,0,0,0.451,High Risk
Female,0,Yes,No,43,No,No,Fiber optic,No,Yes,No,Yes,Yes,No,Month-to-month,No,Mailed check,74.93,3216.04,1,18.6,0,0,0.416,High Risk
Female,1,No,Yes,13,Yes,No,Fiber optic,Yes,No,Yes,Yes,No,Yes,Month-to-month,Yes,Mailed check,79.03,1048.49,3,22.1,0,1,0.786,Critical Risk
Male,1,No,No,22,Yes,Yes,No,No,No,No,No,No,No,Month-to-month,Yes,Electronic check,19.62,446.65,0,7.2,0,0,0.497,High Risk
Male,0,No,Yes,63,No,No,Fiber optic,Yes,Yes,Yes,Yes,No,No,Month-to-month,Yes,Electronic check,81.37,5131.51,0,17.2,0,0,0.363,Watch
Male,1,No,No,41,Yes,Yes,DSL,No,Yes,Yes,Yes,Yes,Yes,Two year,No,Credit card (automatic),73.88,3022.47,0,23.8,1,0,0.03,Healthy
Male,0,Yes,No,65,Yes,Yes,No,No,No,No,No,No,No,One year,Yes,Mailed check,18.0,1163.38,1,22.3,1,0,0.06,Healthy
Male,0,Yes,No,48,Yes,Yes,No,No,No,No,No,No,No,Month-to-month,Yes,Electronic check,23.54,1142.15,0,0.8,0,0,0.356,Watch
Female,1,Yes,Yes,57,Yes,Yes,DSL,No,No,Yes,No,No,No,Two year,No,Credit card (automatic),37.1,2149.14,2,11.0,1,0,0.039,Healthy
Female,0,Yes,No,6,Yes,Yes,DSL,No,No,No,Yes,Yes,No,Two year,No,Credit card (automatic),47.2,305.15,2,15.3,0,0,0.119,Healthy
Female,0,Yes,No,36,Yes,No,Fiber optic,Yes,Yes,Yes,No,No,Yes,Month-to-month,Yes,Mailed check,85.44,3047.77,1,0.5,1,0,0.794,Critical Risk
Male,0,Yes,No,25,Yes,No,Fiber optic,No,No,No,No,Yes,No,Month-to-month,Yes,Electronic check,72.08,1820.85,2,16.1,1,1,0.914,Critical Risk
Male,0,No,No,1,Yes,No,DSL,No,No,Yes,No,No,Yes,Month-to-month,Yes,Mailed check,46.32,36.03,0,3.8,0,0,0.691,High Risk
Female,0,Yes,No,6,Yes,No,No,No,No,No,No,No,No,One year,Yes,Bank transfer (automatic),18.0,105.43,5,11.5,0,0,0.511,High Risk
Male,0,No,No,13,No,No,DSL,No,No,Yes,Yes,Yes,Yes,Month-to-month,Yes,Electronic check,61.14,814.37,2,10.1,0,1,0.744,Critical Risk
Female,0,Yes,No,0,Yes,No,No,No,No,No,No,No,No,One year,Yes,Mailed check,25.63,1.93,6,10.4,1,1,0.681,High Risk
Female,0,Yes,Yes,31,Yes,Yes,No,No,No,No,No,No,No,Month-to-month,Yes,Credit card (automatic),22.1,703.27,0,12.0,0,0,0.336,Watch
Male,0,Yes,No,3,Yes,Yes,DSL,No,Yes,No,Yes,Yes,No,One year,Yes,Credit card (automatic),54.75,159.44,4,1.5,0,1,0.437,High Risk
Male,0,No,No,60,Yes,No,Fiber optic,Yes,No,No,No,No,Yes,Month-to-month,No,Mailed check,69.88,4159.78,0,16.7,1,1,0.513,High Risk
Male,1,No,Yes,43,No,No,DSL,Yes,No,No,Yes,No,Yes,Month-to-month,Yes,Credit card (automatic),55.34,2367.58,0,15.3,1,0,0.25,Watch
Male,0,No,No,70,Yes,Yes,Fiber optic,No,Yes,Yes,No,No,No,One year,Yes,Mailed check,71.91,4997.73,0,16.4,0,0,0.079,Healthy
Male,1,Yes,No,6,No,No,Fiber optic,No,Yes,No,Yes,No,No,Two year,Yes,Mailed check,80.42,490.88,1,20.6,0,0,0.203,Watch
Female,0,Yes,Yes,5,Yes,Yes,Fiber optic,No,Yes,No,No,Yes,Yes,Month-to-month,No,Electronic check,77.86,380.4,0,19.9,0,0,0.832,Critical Risk
Female,0,No,No,63,Yes,Yes,Fiber optic,Yes,No,Yes,No,No,Yes,One year,Yes,Electronic check,81.76,5144.33,1,13.9,0,0,0.274,Watch
Female,0,Yes,No,28,Yes,No,Fiber optic,No,No,Yes,Yes,No,Yes,One year,Yes,Bank transfer (automatic),82.94,2316.81,2,16.2,1,0,0.512,High Risk
Female,0,Yes,No,55,No,No,DSL,No,Yes,No,Yes,No,No,One year,No,Bank transfer (automatic),49.14,2720.43,0,20.3,0,0,0.052,Healthy
Female,0,Yes,No,13,Yes,Yes,DSL,No,No,No,Yes,Yes,Yes,One year,Yes,Bank transfer (automatic),53.18,700.79,0,7.6,0,0,0.262,Watch
Male,0,Yes,No,0,Yes,No,Fiber optic,Yes,Yes,Yes,Yes,Yes,No,Month-to-month,Yes,Bank transfer (automatic),93.73,0.0,1,16.3,1,1,0.885,Critical Risk
Male,1,Yes,No,36,Yes,No,No,No,No,No,No,No,No,Month-to-month,Yes,Electronic check,18.0,600.89,1,7.5,2,0,0.622,High Risk
Female,0,Yes,Yes,41,Yes,Yes,Fiber optic,Yes,No,Yes,No,Yes,No,One year,No,Credit card (automatic),79.65,3286.3,1,6.6,1,1,0.362,Watch
Male,1,No,Yes,8,Yes,No,Fiber optic,Yes,No,No,Yes,Yes,No,One year,No,Bank transfer (automatic),87.83,708.18,1,9.9,1,1,0.645,High Risk
Male,0,No,Yes,0,Yes,Yes,No,No,No,No,No,No,No,One year,No,Credit card (automatic),18.0,0.0,1,13.5,0,0,0.249,Watch
Female,0,Yes,Yes,15,Yes,Yes,DSL,Yes,Yes,No,Yes,No,No,Month-to-month,Yes,Bank transfer (automatic),52.97,795.16,2,16.4,0,0,0.617,High Risk
Female,0,Yes,Yes,7,Yes,No,No,No,No,No,No,No,No,Month-to-month,Yes,Mailed check,18.0,128.73,2,8.5,1,0,0.743,Critical Risk
Female,0,No,No,72,Yes,No,DSL,No,Yes,Yes,No,Yes,Yes,One year,Yes,Bank transfer (automatic),60.88,4384.17,2,21.8,0,0,0.062,Healthy
Female,0,Yes,No,72,Yes,Yes,DSL,Yes,No,No,Yes,No,No,One year,Yes,Electronic check,47.89,3462.46,2,15.0,1,0,0.107,Healthy
Male,0,No,Yes,1,Yes,No,No,No,No,No,No,No,No,One year,Yes,Mailed check,24.22,2.79,0,12.1,0,0,0.317,Watch
Female,1,Yes,No,33,No,No,Fiber optic,No,Yes,Yes,No,Yes,Yes,Month-to-month,Yes,Bank transfer (automatic),89.19,2936.64,1,11.3,1,1,0.751,Critical Risk
Female,0,No,Yes,28,Yes,No,No,No,No,No,No,No,No,One year,Yes,Electronic check,18.0,502.55,1,11.2,1,0,0.333,Watch
Female,0,No,No,1,Yes,Yes,Fiber optic,No,Yes,No,No,No,Yes,One year,No,Credit card (automatic),75.69,79.09,2,7.3,0,0,0.582,High Risk
Female,0,Yes,No,48,No,No,DSL,No,Yes,Yes,No,No,Yes,Month-to-month,Yes,Mailed check,63.21,3030.27,1,7.1,0,0,0.35,Watch
Female,0,No,No,62,Yes,Yes,DSL,No,Yes,Yes,Yes,No,No,Month-to-month,Yes,Credit card (automatic),58.93,3650.16,3,12.1,0,0,0.238,Watch
Male,0,No,Yes,44,Yes,Yes,Fiber optic,Yes,Yes,Yes,No,No,No,Month-to-month,Yes,Credit card (automatic),88.71,3913.53,2,12.4,0,0,0.628,High Risk
Male,0,No,No,66,Yes,No,Fiber optic,Yes,Yes,Yes,Yes,Yes,No,Month-to-month,Yes,Electronic check,84.78,5616.09,4,17.9,2,0,0.744,Critical Risk
Male,0,Yes,No,46,Yes,No,Fiber optic,No,Yes,Yes,Yes,Yes,No,One year,No,Electronic check,87.4,4025.09,1,26.6,0,0,0.202,Watch
Male,0,Yes,Yes,40,Yes,No,DSL,No,Yes,Yes,No,Yes,Yes,Month-to-month,Yes,Electronic check,61.76,2445.13,2,16.1,0,0,0.559,High Risk
Male,0,Yes,No,69,Yes,Yes,DSL,No,No,No,Yes,No,Yes,Month-to-month,No,Electronic check,46.43,3194.75,1,7.6,1,0,0.281,Watch
Male,0,No,No,51,Yes,No,Fiber optic,Yes,Yes,No,Yes,Yes,Yes,Two year,No,Electronic check,98.34,4982.5,1,11.4,0,0,0.204,Watch
Female,0,Yes,Yes,55,Yes,Yes,DSL,No,No,No,No,Yes,Yes,Two year,No,Electronic check,50.82,2806.96,1,25.5,0,0,0.064,Healthy
Female,0,Yes,No,56,Yes,Yes,Fiber optic,No,No,No,Yes,Yes,Yes,Two year,No,Mailed check,85.57,4787.08,3,26.5,1,0,0.16,Healthy
Female,0,No,No,2,Yes,Yes,DSL,No,No,No,No,No,No,One year,Yes,Bank transfer (automatic),42.4,104.82,0,14.6,0,0,0.363,Watch
Female,0,Yes,No,53,Yes,No,No,No,No,No,No,No,No,Month-to-month,No,Bank transfer (automatic),18.21,971.44,3,23.9,0,0,0.352,Watch
Female,1,No,No,54,Yes,Yes,Fiber optic,Yes,No,Yes,Yes,No,Yes,Month-to-month,Yes,Credit card (automatic),82.15,4445.21,2,20.5,0,0,0.402,High Risk
Female,0,Yes,No,36,Yes,No,DSL,No,Yes,No,Yes,Yes,No,Month-to-month,No,Electronic check,53.87,1913.37,1,16.6,0,0,0.444,High Risk
Male,0,No,Yes,41,Yes,Yes,Fiber optic,No,Yes,Yes,Yes,Yes,Yes,Month-to-month,No,Credit card (automatic),89.11,3634.5,3,15.6,0,0,0.533,High Risk
Female,0,Yes,Yes,60,Yes,No,Fiber optic,Yes,Yes,No,No,No,Yes,Two year,Yes,Bank transfer (automatic),77.45,4641.73,2,20.8,0,0,0.109,Healthy
Male,0,Yes,No,10,Yes,No,Fiber optic,Yes,Yes,No,Yes,Yes,No,Two year,Yes,Bank transfer (automatic),87.55,865.6,1,20.2,0,0,0.269,Watch
Male,0,No,No,38,Yes,Yes,DSL,Yes,No,Yes,Yes,No,Yes,Month-to-month,No,Electronic check,60.05,2275.78,1,6.7,0,0,0.494,High Risk
Female,1,Yes,No,56,Yes,No,Fiber optic,Yes,Yes,Yes,No,Yes,Yes,Month-to-month,Yes,Mailed check,94.45,5268.95,1,9.3,0,1,0.581,High Risk
Female,1,Yes,Yes,18,Yes,No,No,No,No,No,No,No,No,One year,No,Mailed check,18.0,334.86,2,14.8,0,0,0.213,Watch
Male,0,Yes,No,19,Yes,No,DSL,Yes,Yes,Yes,Yes,Yes,No,One year,No,Mailed check,73.96,1401.4,1,11.9,2,0,0.432,High Risk
Male,0,No,No,0,Yes,No,Fiber optic,No,Yes,No,Yes,Yes,Yes,One year,Yes,Mailed check,91.74,19.87,0,6.7,0,1,0.571,High Risk
Male,0,Yes,No,22,Yes,No,DSL,Yes,Yes,Yes,Yes,Yes,No,Two year,Yes,Electronic check,61.81,1330.96,2,3.7,0,0,0.177,Healthy
Male,0,Yes,No,26,Yes,No,Fiber optic,No,No,No,No,No,Yes,Month-to-month,No,Electronic check,69.16,1827.29,1,10.9,0,1,0.835,Critical Risk
Male,0,Yes,Yes,69,Yes,Yes,Fiber optic,No,No,Yes,No,Yes,Yes,Month-to-month,No,Bank transfer (automatic),81.23,5602.25,2,9.3,0,0,0.488,High Risk
Female,0,Yes,Yes,6,Yes,Yes,DSL,No,Yes,Yes,No,No,No,Month-to-month,No,Electronic check,55.18,314.09,0,19.3,0,0,0.673,High Risk
Female,0,No,Yes,47,Yes,Yes,DSL,Yes,No,No,No,No,Yes,Month-to-month,Yes,Bank transfer (automatic),54.73,2567.03,0,20.1,0,0,0.33,Watch
Female,0,Yes,No,4,Yes,Yes,Fiber optic,Yes,Yes,Yes,Yes,No,No,Month-to-month,Yes,Mailed check,86.86,330.38,2,13.0,0,1,0.834,Critical Risk
Female,0,No,No,58,Yes,No,Fiber optic,Yes,Yes,Yes,No,No,No,Two year,Yes,Credit card (automatic),80.13,4642.07,2,17.9,1,0,0.126,Healthy
Female,0,No,No,34,Yes,No,No,No,No,No,No,No,No,Month-to-month,Yes,Mailed check,18.0,632.86,1,11.3,0,0,0.403,High Risk
Female,0,No,No,31,Yes,Yes,Fiber optic,Yes,No,No,Yes,No,No,Month-to-month,Yes,Credit card (automatic),73.59,2274.76,1,25.6,0,0,0.554,High Risk
Male,0,No,No,68,Yes,Yes,No,No,No,No,No,No,No,Month-to-month,No,Electronic check,18.0,1226.21,1,16.9,0,0,0.198,Healthy
Male,0,Yes,No,54,Yes,No,No,No,No,No,No,No,No,One year,No,Electronic check,18.0,964.12,3,19.5,1,0,0.221,Watch
Female,0,No,No,7,Yes,No,DSL,Yes,Yes,Yes,Yes,Yes,No,One year,No,Electronic check,70.75,490.52,1,15.0,0,0,0.407,High Risk
Male,0,No,No,19,Yes,No,No,No,No,No,No,No,No,Month-to-month,Yes,Credit card (automatic),18.0,333.9,3,19.7,0,0,0.53,High Risk
Male,0,No,No,19,Yes,No,No,No,No,No,No,No,No,Month-to-month,Yes,Bank transfer (automatic),19.31,341.7,1,21.6,1,0,0.581,High Risk
Male,0,Yes,Yes,44,Yes,No,Fiber optic,Yes,No,No,No,No,No,One year,Yes,Electronic check,65.36,2911.84,3,6.0,0,1,0.51,High Risk
Female,0,Yes,Yes,60,Yes,No,Fiber optic,Yes,No,No,Yes,Yes,Yes,One year,Yes,Electronic check,90.78,5453.44,1,17.6,2,0,0.452,High Risk
Male,0,No,Yes,46,Yes,No,DSL,Yes,Yes,Yes,No,Yes,No,Month-to-month,Yes,Credit card (automatic),62.46,2908.77,2,15.1,1,0,0.453,High Risk
Female,0,Yes,No,29,Yes,Yes,DSL,Yes,No,Yes,Yes,No,Yes,Month-to-month,No,Credit card (automatic),67.36,1966.16,1,6.4,2,1,0.661,High Risk
Male,1,No,No,54,Yes,Yes,DSL,No,No,Yes,No,No,Yes,Month-to-month,Yes,Electronic check,51.2,2729.18,2,13.3,2,1,0.627,High Risk
Male,0,Yes,No,55,Yes,No,DSL,Yes,No,No,Yes,Yes,No,Month-to-month,Yes,Electronic check,54.21,2988.88,0,9.1,1,0,0.473,High Risk
Male,1,No,Yes,5,Yes,Yes,Fiber optic,Yes,No,No,Yes,No,Yes,Month-to-month,No,Credit card (automatic),83.03,414.66,1,19.4,0,0,0.721,Critical Risk
Male,0,Yes,No,39,Yes,Yes,Fiber optic,No,Yes,Yes,Yes,Yes,Yes,Month-to-month,Yes,Mailed check,99.1,3859.94,1,9.7,0,0,0.613,High Risk
Female,0,Yes,No,51,Yes,Yes,DSL,Yes,No,No,Yes,No,Yes,Month-to-month,Yes,Electronic check,55.55,2826.61,0,19.8,1,1,0.449,High Risk
Male,0,Yes,No,44,Yes,No,DSL,No,No,Yes,No,Yes,No,One year,No,Credit card (automatic),44.83,1998.67,0,10.9,1,0,0.101,Healthy
Male,0,No,No,17,Yes,No,DSL,Yes,Yes,No,No,No,No,Month-to-month,No,Bank transfer (automatic),51.22,848.31,1,8.2,1,0,0.745,Critical Risk
Female,0,No,Yes,11,Yes,Yes,No,No,No,No,No,No,No,One year,Yes,Electronic check,22.06,237.23,2,7.8,2,1,0.586,High Risk
Female,0,No,Yes,21,Yes,Yes,No,No,No,No,No,No,No,One year,No,Mailed check,20.31,435.98,1,22.9,0,0,0.163,Healthy
Male,0,No,No,25,Yes,Yes,DSL,Yes,No,No,No,Yes,Yes,Two year,Yes,Mailed check,55.41,1372.28,0,15.8,1,0,0.167,Healthy
Female,0,No,Yes,67,Yes,No,No,No,No,No,No,No,No,Two year,No,Mailed check,18.0,1209.69,0,12.3,0,0,0.016,Healthy
Female,0,No,No,45,Yes,Yes,No,No,No,No,No,No,No,One year,No,Bank transfer (automatic),23.12,1062.1,1,21.7,1,0,0.116,Healthy
Male,0,No,No,61,Yes,No,No,No,No,No,No,No,No,One year,Yes,Electronic check,18.0,1110.25,0,26.2,1,0,0.083,Healthy
Female,0,No,Yes,1,Yes,No,No,No,No,No,No,No,No,Month-to-month,No,Mailed check,18.05,0.0,1,10.2,0,0,0.646,High Risk
Female,0,No,No,57,Yes,Yes,Fiber optic,No,Yes,No,Yes,Yes,No,Two year,Yes,Mailed check,83.01,4716.2,0,22.2,1,0,0.076,Healthy
Female,0,Yes,Yes,13,Yes,No,DSL,Yes,No,Yes,No,Yes,No,Two year,No,Bank transfer (automatic),56.86,721.5,0,12.8,1,0,0.234,Watch
Male,0,No,No,41,Yes,Yes,No,No,No,No,No,No,No,Month-to-month,Yes,Electronic check,18.0,750.76,1,15.3,2,0,0.561,High Risk
Male,0,Yes,No,28,Yes,Yes,No,No,No,No,No,No,No,Month-to-month,Yes,Credit card (automatic),20.49,563.63,0,10.5,1,0,0.446,High Risk
Male,0,Yes,No,63,Yes,Yes,DSL,Yes,No,No,Yes,No,No,One year,Yes,Mailed check,53.95,3399.65,1,16.4,0,0,0.073,Healthy
Female,0,No,Yes,49,Yes,Yes,Fiber optic,Yes,No,Yes,No,Yes,Yes,Month-to-month,No,Credit card (automatic),85.38,4172.44,1,18.4,1,0,0.663,High Risk
Female,0,No,No,33,Yes,Yes,Fiber optic,No,No,Yes,No,Yes,No,Two year,Yes,Mailed check,76.35,2516.6,1,18.6,0,0,0.182,Healthy
Male,0,Yes,No,37,Yes,No,Fiber optic,No,No,Yes,Yes,No,No,Two year,Yes,Credit card (automatic),72.96,2735.34,1,9.1,0,0,0.095,Healthy
Male,0,Yes,No,51,Yes,Yes,Fiber optic,Yes,Yes,No,Yes,No,No,Month-to-month,No,Electronic check,91.64,4720.08,1,23.0,0,1,0.655,High Risk
Female,0,No,No,52,Yes,Yes,DSL,No,Yes,Yes,No,Yes,Yes,Month-to-month,No,Credit card (automatic),65.52,3412.37,0,26.8,0,0,0.225,Watch
Female,0,Yes,No,41,Yes,No,Fiber optic,No,Yes,Yes,No,Yes,No,Two year,No,Bank transfer (automatic),77.36,3151.56,0,18.5,0,0,0.092,Healthy
Female,1,Yes,No,53,Yes,Yes,DSL,Yes,No,Yes,Yes,Yes,No,One year,No,Mailed check,61.53,3265.53,0,20.9,0,0,0.065,Healthy
Male,0,No,No,57,Yes,Yes,DSL,Yes,No,Yes,No,No,No,Month-to-month,Yes,Electronic check,52.48,3021.94,3,4.9,0,0,0.611,High Risk
Female,0,No,No,2,Yes,No,Fiber optic,No,Yes,No,No,No,No,Two year,Yes,Credit card (automatic),70.14,145.45,2,9.3,1,0,0.451,High Risk
Male,0,No,No,26,No,No,Fiber optic,No,No,Yes,Yes,No,No,Month-to-month,Yes,Mailed check,75.17,1921.02,1,23.4,1,1,0.706,Critical Risk
Female,0,No,No,65,Yes,Yes,Fiber optic,No,Yes,Yes,Yes,Yes,No,Month-to-month,Yes,Bank transfer (automatic),83.38,5416.39,1,21.6,0,0,0.304,Watch
Male,0,Yes,Yes,23,Yes,No,DSL,Yes,No,No,No,No,Yes,Two year,Yes,Mailed check,46.93,1053.04,2,15.6,0,0,0.144,Healthy
Male,0,Yes,No,60,Yes,Yes,Fiber optic,Yes,No,Yes,Yes,No,No,Two year,Yes,Electronic check,84.24,5035.33,3,11.9,0,0,0.179,Healthy
Male,0,No,Yes,40,Yes,No,DSL,Yes,Yes,Yes,Yes,Yes,Yes,One year,No,Electronic check,74.92,2994.3,1,14.8,0,0,0.187,Healthy
Female,0,No,Yes,19,Yes,Yes,DSL,No,No,Yes,No,Yes,No,Month-to-month,No,Credit card (automatic),51.68,965.09,1,17.4,0,0,0.516,High Risk
Female,0,Yes,No,25,Yes,Yes,Fiber optic,Yes,No,Yes,No,Yes,No,Month-to-month,Yes,Electronic check,83.57,2098.81,0,20.7,0,1,0.823,Critical Risk
Male,0,Yes,Yes,35,Yes,No,Fiber optic,Yes,Yes,No,No,Yes,No,Month-to-month,No,Mailed check,82.56,2908.65,2,13.1,0,0,0.768,Critical Risk
Female,1,Yes,Yes,9,Yes,Yes,Fiber optic,No,Yes,Yes,No,Yes,No,One year,No,Bank transfer (automatic),74.84,648.11,0,5.0,1,0,0.497,High Risk
Male,1,Yes,No,22,Yes,No,Fiber optic,No,No,Yes,No,Yes,Yes,One year,No,Bank transfer (automatic),83.48,1855.87,1,16.0,1,0,0.51,High Risk
Male,0,Yes,No,49,Yes,Yes,DSL,Yes,No,Yes,Yes,No,No,One year,Yes,Electronic check,60.83,2997.6,1,5.8,0,0,0.221,Watch
Male,0,Yes,Yes,66,Yes,Yes,DSL,Yes,No,Yes,Yes,Yes,Yes,One year,No,Bank transfer (automatic),58.51,3863.35,0,23.9,0,0,0.035,Healthy
Female,0,No,No,69,Yes,No,Fiber optic,No,No,No,No,Yes,No,Month-to-month,No,Electronic check,74.24,5129.06,2,18.5,1,0,0.66,High Risk
Male,0,Yes,Yes,27,Yes,Yes,Fiber optic,No,No,Yes,Yes,No,Yes,Month-to-month,No,Credit card (automatic),85.96,2333.07,0,22.5,1,1,0.629,High Risk
Female,0,No,No,57,Yes,Yes,Fiber optic,No,Yes,No,Yes,Yes,Yes,Two year,Yes,Credit card (automatic),92.78,5309.21,1,19.6,0,0,0.065,Healthy
Male,0,No,No,28,Yes,Yes,No,No,No,No,No,No,No,Two year,No,Credit card (automatic),18.0,470.41,0,18.1,1,0,0.059,Healthy
Male,1,No,Yes,58,Yes,No,No,No,No,No,No,No,No,One year,Yes,Electronic check,18.91,1115.06,1,8.1,1,0,0.139,Healthy
Male,1,No,No,66,Yes,Yes,DSL,No,No,No,No,Yes,Yes,Two year,Yes,Mailed check,51.68,3433.3,1,11.3,0,0,0.029,Healthy
Female,0,Yes,No,32,Yes,Yes,No,No,No,No,No,No,No,One year,No,Credit card (automatic),23.89,768.95,2,9.6,1,0,0.226,Watch
Male,0,Yes,No,43,Yes,Yes,Fiber optic,Yes,No,Yes,Yes,Yes,No,One year,No,Credit card (automatic),92.45,3992.35,4,11.6,0,0,0.371,Watch
Female,0,No,No,63,Yes,Yes,Fiber optic,Yes,Yes,Yes,No,Yes,Yes,One year,Yes,Credit card (automatic),95.54,5979.43,0,14.1,0,0,0.143,Healthy
Female,0,Yes,No,10,Yes,Yes,Fiber optic,Yes,No,No,Yes,Yes,No,Month-to-month,Yes,Bank transfer (automatic),77.62,793.31,1,9.7,1,1,0.856,Critical Risk
Male,0,Yes,No,18,Yes,Yes,Fiber optic,No,No,No,Yes,Yes,Yes,Two year,No,Credit card (automatic),77.99,1379.82,2,6.9,0,0,0.226,Watch
Female,0,Yes,No,45,Yes,No,DSL,No,Yes,No,Yes,Yes,Yes,Month-to-month,No,Electronic check,56.79,2575.34,0,3.4,0,0,0.336,Watch
Female,0,No,No,13,Yes,Yes,DSL,No,No,No,Yes,No,No,Month-to-month,Yes,Electronic check,44.49,617.96,2,7.6,1,1,0.807,Critical Risk
Male,0,Yes,No,57,Yes,Yes,DSL,No,Yes,No,Yes,Yes,No,Month-to-month,Yes,Bank transfer (automatic),59.32,3414.79,1,17.1,0,1,0.269,Watch
Male,0,No,Yes,19,Yes,No,DSL,No,No,Yes,Yes,No,Yes,One year,Yes,Credit card (automatic),54.37,1064.57,0,14.4,0,0,0.134,Healthy
Male,0,Yes,No,24,Yes,No,DSL,No,Yes,No,Yes,Yes,No,One year,Yes,Electronic check,55.44,1326.06,1,17.5,1,0,0.299,Watch
Female,0,No,No,59,Yes,No,DSL,No,No,Yes,No,No,No,Month-to-month,Yes,Credit card (automatic),49.73,2956.65,0,12.2,1,0,0.296,Watch
Male,1,Yes,No,38,Yes,No,No,No,No,No,No,No,No,Month-to-month,Yes,Electronic check,18.0,679.66,1,11.9,0,0,0.404,High Risk
Female,0,No,No,57,Yes,Yes,DSL,Yes,Yes,Yes,No,Yes,Yes,One year,Yes,Bank transfer (automatic),61.54,3536.78,3,16.7,0,0,0.16,Healthy
Female,0,No,No,45,Yes,Yes,No,No,No,No,No,No,No,One year,No,Mailed check,18.47,841.07,1,15.5,0,0,0.078,Healthy
Female,0,Yes,Yes,37,Yes,Yes,Fiber optic,No,No,No,No,No,Yes,Month-to-month,No,Bank transfer (automatic),63.4,2298.03,0,15.7,1,0,0.636,High Risk
Male,0,Yes,Yes,37,Yes,No,DSL,No,No,Yes,Yes,No,No,Month-to-month,No,Mailed check,51.15,1909.4,2,13.6,0,0,0.406,High Risk
Female,1,No,No,58,Yes,Yes,DSL,No,Yes,Yes,No,No,No,Month-to-month,No,Electronic check,48.08,2758.08,0,16.5,0,0,0.236,Watch
Male,0,No,No,72,Yes,No,DSL,No,No,Yes,Yes,No,No,One year,Yes,Credit card (automatic),46.97,3419.59,1,5.6,1,0,0.044,Healthy
Male,1,Yes,No,1,Yes,Yes,Fiber optic,Yes,No,Yes,No,No,No,Month-to-month,Yes,Credit card (automatic),71.14,87.84,1,15.9,1,0,0.834,Critical Risk
Male,0,Yes,No,36,No,No,DSL,Yes,Yes,Yes,No,Yes,No,Two year,Yes,Bank transfer (automatic),60.57,2177.96,3,10.8,0,0,0.136,Healthy
Male,0,Yes,No,57,Yes,No,No,No,No,No,No,No,No,Month-to-month,No,Credit card (automatic),18.0,1061.58,1,14.8,0,0,0.191,Healthy
Male,0,Yes,No,46,Yes,Yes,Fiber optic,No,No,Yes,Yes,Yes,Yes,One year,Yes,Electronic check,86.81,3998.0,1,9.6,0,0,0.282,Watch
Male,0,Yes,No,35,Yes,No,Fiber optic,Yes,No,No,Yes,Yes,Yes,Month-to-month,No,Mailed check,93.21,3244.56,1,4.7,0,0,0.745,Critical Risk
Male,0,Yes,Yes,57,Yes,No,Fiber optic,Yes,Yes,Yes,No,No,Yes,Month-to-month,No,Mailed check,90.77,5179.46,1,7.9,0,0,0.598,High Risk
Male,0,Yes,No,34,Yes,Yes,Fiber optic,No,Yes,No,No,No,Yes,Month-to-month,No,Bank transfer (automatic),75.53,2602.83,2,18.0,1,0,0.771,Critical Risk
Female,0,No,No,9,Yes,Yes,No,No,No,No,No,No,No,One year,No,Electronic check,20.11,190.58,0,11.9,2,0,0.448,High Risk
Male,0,No,No,19,Yes,No,Fiber optic,Yes,No,Yes,Yes,No,No,Month-to-month,No,Electronic check,76.3,1411.62,0,14.1,0,0,0.743,Critical Risk
Female,1,No,Yes,3,Yes,No,DSL,Yes,Yes,Yes,Yes,No,No,Month-to-month,No,Mailed check,66.54,205.82,1,15.4,0,0,0.615,High Risk
Female,0,No,No,51,Yes,Yes,No,No,No,No,No,No,No,Month-to-month,Yes,Bank transfer (automatic),18.0,927.53,2,7.4,1,1,0.479,High Risk
Female,0,No,No,71,Yes,No,No,No,No,No,No,No,No,Month-to-month,No,Bank transfer (automatic),19.85,1412.23,1,3.1,0,0,0.181,Healthy
Female,0,Yes,No,27,Yes,No,Fiber optic,Yes,Yes,No,Yes,No,Yes,Month-to-month,No,Credit card (automatic),90.23,2384.57,0,13.8,0,0,0.623,High Risk
Female,0,No,No,53,Yes,Yes,No,No,No,No,No,No,No,Two year,No,Credit card (automatic),21.08,1101.72,0,11.3,0,0,0.025,Healthy
Female,1,Yes,No,71,Yes,No,Fiber optic,No,Yes,Yes,No,Yes,No,Month-to-month,No,Bank transfer (automatic),81.88,5823.77,3,17.4,0,0,0.421,High Risk
Female,0,No,No,28,Yes,No,Fiber optic,No,Yes,No,Yes,No,Yes,Month-to-month,No,Electronic check,78.07,2217.36,0,11.9,2,0,0.818,Critical Risk
Female,0,No,No,64,Yes,No,Fiber optic,Yes,No,No,Yes,Yes,No,One year,No,Credit card (automatic),79.22,5051.82,0,0.0,0,0,0.128,Healthy
Male,0,No,Yes,1,Yes,No,Fiber optic,Yes,No,Yes,Yes,Yes,Yes,One year,Yes,Bank transfer (automatic),94.48,78.34,1,18.6,0,0,0.602,High Risk
Male,0,Yes,No,49,Yes,Yes,No,No,No,No,No,No,No,Month-to-month,Yes,Credit card (automatic),21.27,1024.77,0,17.9,1,0,0.287,Watch
Female,0,No,Yes,12,Yes,Yes,Fiber optic,No,No,No,Yes,Yes,No,Month-to-month,Yes,Mailed check,76.2,926.23,0,9.5,0,0,0.727,Critical Risk
Male,0,Yes,Yes,57,Yes,Yes,Fiber optic,No,Yes,No,No,No,No,Month-to-month,Yes,Electronic check,69.17,3954.56,0,13.3,0,0,0.54,High Risk
Female,1,Yes,No,0,Yes,Yes,Fiber optic,Yes,Yes,Yes,No,Yes,No,Two year,Yes,Bank transfer (automatic),86.38,11.98,1,9.9,0,0,0.392,Watch
Male,1,Yes,Yes,60,Yes,Yes,DSL,No,No,No,No,No,Yes,Two year,Yes,Electronic check,44.93,2687.11,1,13.4,0,1,0.049,Healthy
Male,0,Yes,No,28,Yes,Yes,Fiber optic,Yes,No,No,Yes,Yes,No,Two year,Yes,Credit card (automatic),75.68,2106.55,1,17.3,1,0,0.195,Healthy
Female,0,No,No,17,Yes,No,Fiber optic,No,Yes,No,No,No,No,Month-to-month,Yes,Bank transfer (automatic),64.54,1108.9,3,13.7,0,0,0.84,Critical Risk
Female,0,Yes,No,40,Yes,No,DSL,No,No,No,Yes,Yes,Yes,One year,No,Mailed check,52.89,2143.95,1,16.7,1,0,0.148,Healthy
Female,0,Yes,Yes,72,Yes,Yes,DSL,No,Yes,Yes,Yes,Yes,Yes,Month-to-month,No,Electronic check,68.06,4905.44,3,6.1,1,0,0.388,Watch
Male,0,No,No,11,Yes,No,DSL,Yes,No,Yes,Yes,Yes,No,One year,No,Electronic check,62.02,690.83,2,5.7,0,0,0.461,High Risk
Female,1,No,No,22,Yes,Yes,DSL,No,Yes,Yes,Yes,Yes,Yes,Month-to-month,Yes,Electronic check,71.98,1566.83,0,19.5,0,0,0.471,High Risk
Female,0,Yes,No,46,Yes,No,Fiber optic,Yes,No,No,Yes,Yes,Yes,Month-to-month,No,Electronic check,87.78,4015.68,3,14.4,1,1,0.809,Critical Risk
Female,0,No,No,6,Yes,Yes,Fiber optic,No,No,No,Yes,Yes,Yes,Month-to-month,Yes,Electronic check,87.31,535.78,0,13.4,0,1,0.854,Critical Risk
Female,0,No,No,69,Yes,No,Fiber optic,No,Yes,Yes,Yes,No,No,Month-to-month,No,Bank transfer (automatic),79.19,5456.13,3,24.3,0,0,0.34,Watch
Female,0,Yes,No,38,Yes,Yes,Fiber optic,Yes,Yes,Yes,No,Yes,Yes,Two year,No,Electronic check,90.94,3455.96,0,22.9,0,0,0.162,Healthy
Female,0,No,Yes,72,Yes,No,DSL,No,No,Yes,Yes,No,Yes,Month-to-month,No,Mailed check,57.06,4125.05,0,15.7,0,0,0.11,Healthy
Male,0,No,No,30,Yes,No,No,No,No,No,No,No,No,One year,No,Bank transfer (automatic),27.02,820.74,0,10.3,1,0,0.238,Watch
Female,0,Yes,No,60,Yes,Yes,Fiber optic,Yes,Yes,Yes,No,No,No,Month-to-month,Yes,Electronic check,80.27,4804.97,1,14.2,1,0,0.672,High Risk
Female,0,No,No,24,Yes,No,Fiber optic,Yes,No,No,Yes,Yes,No,Month-to-month,No,Credit card (automatic),83.45,2017.64,1,9.2,1,0,0.77,Critical Risk
Female,0,Yes,No,32,No,No,DSL,No,Yes,No,Yes,No,Yes,One year,Yes,Mailed check,53.14,1720.26,1,14.5,0,0,0.129,Healthy
Female,0,No,No,25,Yes,No,No,No,No,No,No,No,No,Month-to-month,Yes,Bank transfer (automatic),21.87,575.6,1,15.8,0,0,0.534,High Risk
Female,0,Yes,No,39,Yes,Yes,Fiber optic,No,Yes,No,Yes,No,No,One year,Yes,Electronic check,71.0,2763.82,3,22.4,2,0,0.506,High Risk
Male,0,Yes,No,16,Yes,No,No,No,No,No,No,No,No,Month-to-month,Yes,Electronic check,19.02,301.24,1,12.8,0,1,0.654,High Risk
Female,0,No,No,36,Yes,Yes,Fiber optic,Yes,Yes,Yes,No,No,Yes,Month-to-month,Yes,Electronic check,90.19,3228.44,2,14.9,2,1,0.897,Critical Risk
Male,1,No,No,61,Yes,Yes,No,No,No,No,No,No,No,One year,No,Electronic check,18.0,1114.36,1,14.4,0,0,0.071,Healthy
Male,0,Yes,Yes,11,Yes,Yes,Fiber optic,No,Yes,No,Yes,Yes,Yes,One year,Yes,Electronic check,94.08,1053.15,2,19.4,0,0,0.615,High Risk
Female,0,Yes,No,57,Yes,Yes,DSL,No,Yes,Yes,Yes,Yes,Yes,Two year,No,Electronic check,70.87,4042.25,1,3.1,0,0,0.062,Healthy
Female,0,Yes,No,62,Yes,Yes,Fiber optic,No,Yes,No,No,No,Yes,One year,Yes,Electronic check,77.03,4808.07,2,22.0,0,0,0.261,Watch
Male,0,No,No,2,Yes,No,DSL,No,Yes,Yes,Yes,No,No,Month-to-month,Yes,Electronic check,54.12,116.13,3,17.6,0,1,0.759,Critical Risk
Male,0,Yes,No,49,No,No,No,No,No,No,No,No,No,Two year,Yes,Credit card (automatic),21.33,1030.24,2,8.4,3,0,0.133,Healthy
Male,0,Yes,No,35,Yes,No,DSL,No,No,Yes,No,No,Yes,One year,No,Electronic check,54.25,1902.16,1,8.2,0,0,0.282,Watch
Male,0,No,No,46,Yes,Yes,Fiber optic,Yes,Yes,No,Yes,No,No,Month-to-month,No,Bank transfer (automatic),80.66,3706.98,3,6.1,0,0,0.638,High Risk
Male,0,Yes,No,21,Yes,No,Fiber optic,No,No,Yes,No,Yes,No,Two year,No,Credit card (automatic),72.42,1531.63,0,18.3,1,0,0.192,Healthy
Male,0,Yes,Yes,16,Yes,No,Fiber optic,Yes,Yes,No,Yes,Yes,No,One year,No,Credit card (automatic),86.11,1429.76,2,20.3,2,0,0.602,High Risk
Female,0,No,No,20,Yes,Yes,Fiber optic,Yes,Yes,No,Yes,No,Yes,Two year,No,Mailed check,82.57,1681.97,1,16.2,0,0,0.179,Healthy
Female,1,Yes,Yes,11,Yes,Yes,Fiber optic,No,Yes,No,No,No,No,Month-to-month,No,Electronic check,67.55,766.56,1,20.0,0,1,0.778,Critical Risk
Female,0,No,No,29,Yes,No,Fiber optic,No,Yes,No,Yes,Yes,Yes,One year,No,Credit card (automatic),86.13,2471.09,2,18.4,1,0,0.397,Watch
Male,0,No,No,63,Yes,Yes,Fiber optic,No,Yes,Yes,No,No,No,One year,Yes,Credit card (automatic),74.84,4743.31,1,5.8,0,0,0.137,Healthy
Male,0,Yes,Yes,56,Yes,No,Fiber optic,No,No,Yes,Yes,Yes,No,Month-to-month,No,Bank transfer (automatic),83.89,4713.32,3,6.6,0,0,0.656,High Risk
Male,0,No,Yes,13,Yes,No,No,No,No,No,No,No,No,Month-to-month,No,Bank transfer (automatic),18.0,262.9,0,15.3,1,0,0.607,High Risk
Female,0,No,No,40,Yes,No,DSL,Yes,Yes,Yes,Yes,No,Yes,Month-to-month,Yes,Electronic check,68.94,2724.04,1,4.9,2,0,0.674,High Risk
Male,0,No,Yes,5,Yes,No,DSL,Yes,No,No,No,No,Yes,Month-to-month,Yes,Bank transfer (automatic),44.44,208.3,1,7.8,0,0,0.734,Critical Risk
Male,0,No,No,4,Yes,Yes,Fiber optic,Yes,Yes,No,Yes,Yes,Yes,Month-to-month,Yes,Electronic check,93.07,386.44,1,22.6,1,1,0.898,Critical Risk
Male,0,Yes,No,45,Yes,Yes,Fiber optic,No,Yes,Yes,Yes,Yes,Yes,Two year,No,Electronic check,91.62,4091.37,3,18.6,0,0,0.158,Healthy
Female,0,Yes,Yes,22,Yes,No,No,No,No,No,No,No,No,Month-to-month,Yes,Mailed check,18.0,426.93,2,0.0,3,1,0.811,Critical Risk
Male,0,No,No,51,Yes,Yes,No,No,No,No,No,No,No,Two year,Yes,Mailed check,19.03,983.3,2,7.0,1,0,0.082,Healthy
Male,0,Yes,No,11,Yes,No,No,No,No,No,No,No,No,Month-to-month,No,Mailed check,18.0,201.6,2,11.2,1,0,0.681,High Risk
Female,0,Yes,Yes,8,Yes,Yes,Fiber optic,Yes,No,No,Yes,No,Yes,Month-to-month,Yes,Mailed check,82.46,642.67,4,6.0,1,0,0.933,Critical Risk
Female,0,No,No,52,Yes,No,Fiber optic,No,No,No,Yes,Yes,No,One year,No,Electronic check,75.43,3909.47,1,18.5,1,0,0.362,Watch
Male,1,Yes,No,15,Yes,No,DSL,No,Yes,Yes,Yes,No,Yes,Two year,No,Mailed check,55.23,806.59,1,3.9,0,0,0.085,Healthy
Male,0,No,No,4,Yes,No,DSL,Yes,No,Yes,No,Yes,Yes,Month-to-month,Yes,Electronic check,58.24,228.62,1,13.9,0,1,0.804,Critical Risk
Female,0,No,Yes,57,Yes,Yes,Fiber optic,Yes,No,No,No,No,Yes,Two year,Yes,Bank transfer (automatic),71.13,4072.58,1,13.2,1,0,0.158,Healthy
Female,0,No,No,51,No,No,Fiber optic,No,Yes,Yes,No,Yes,No,Two year,No,Mailed check,85.44,4350.72,1,22.5,2,0,0.203,Watch
Female,0,Yes,No,67,Yes,Yes,DSL,No,Yes,Yes,No,Yes,Yes,Month-to-month,Yes,Mailed check,59.02,3972.71,0,8.6,2,0,0.313,Watch
Male,1,Yes,No,43,Yes,Yes,No,No,No,No,No,No,No,Month-to-month,No,Credit card (automatic),18.0,747.07,2,3.3,1,0,0.343,Watch
Male,0,No,No,34,Yes,No,No,No,No,No,No,No,No,Month-to-month,Yes,Bank transfer (automatic),20.61,664.76,1,13.6,0,0,0.424,High Risk
Female,0,Yes,No,48,Yes,Yes,DSL,No,Yes,No,No,No,Yes,Month-to-month,No,Credit card (automatic),47.52,2304.57,1,6.9,1,0,0.317,Watch
Male,0,No,No,57,No,No,DSL,Yes,Yes,No,Yes,No,Yes,Month-to-month,No,Bank transfer (automatic),65.96,3746.56,1,17.9,0,0,0.276,Watch
Male,1,No,Yes,45,Yes,Yes,No,No,No,No,No,No,No,One year,Yes,Credit card (automatic),19.63,880.27,1,8.3,0,0,0.063,Healthy
Female,0,Yes,No,23,Yes,Yes,DSL,Yes,No,Yes,Yes,Yes,Yes,Month-to-month,No,Bank transfer (automatic),70.01,1593.05,1,17.5,0,0,0.532,High Risk
Female,0,Yes,No,64,Yes,Yes,DSL,No,No,Yes,No,No,Yes,One year,Yes,Electronic check,54.0,3461.39,1,15.4,0,0,0.116,Healthy
Male,0,No,No,51,Yes,No,Fiber optic,No,Yes,Yes,No,No,Yes,Month-to-month,Yes,Mailed check,85.5,4394.61,1,15.4,1,1,0.682,High Risk
Female,0,Yes,No,64,Yes,No,No,No,No,No,No,No,No,Month-to-month,Yes,Bank transfer (automatic),18.0,1136.59,3,0.4,1,0,0.427,High Risk
Male,0,No,No,40,Yes,Yes,Fiber optic,No,No,Yes,No,Yes,Yes,Two year,No,Credit card (automatic),84.05,3330.58,1,19.3,1,0,0.151,Healthy
Female,0,No,Yes,32,Yes,Yes,Fiber optic,No,Yes,No,Yes,Yes,No,One year,Yes,Mailed check,80.59,2555.55,3,15.0,0,0,0.406,High Risk
Female,0,Yes,No,61,No,No,No,No,No,No,No,No,No,Month-to-month,No,Electronic check,18.0,1098.99,0,17.7,0,0,0.207,Watch
Male,0,No,No,44,Yes,Yes,Fiber optic,No,No,No,Yes,Yes,No,Month-to-month,Yes,Mailed check,74.01,3232.84,0,10.7,0,0,0.458,High Risk
Female,0,Yes,No,56,Yes,Yes,Fiber optic,No,No,Yes,No,Yes,No,Month-to-month,Yes,Mailed check,76.74,4280.05,0,11.6,1,0,0.596,High Risk
Male,0,Yes,No,64,Yes,No,DSL,Yes,No,No,Yes,No,Yes,One year,Yes,Mailed check,52.92,3345.0,2,10.9,1,0,0.119,Healthy
Female,0,No,Yes,20,Yes,No,Fiber optic,No,No,No,No,No,Yes,One year,Yes,Electronic check,66.96,1344.93,0,12.7,0,1,0.503,High Risk
Male,0,No,No,14,Yes,Yes,Fiber optic,No,Yes,No,No,No,Yes,Two year,Yes,Electronic check,68.68,976.57,1,7.6,2,1,0.537,High Risk
Male,0,No,No,10,Yes,No,DSL,No,Yes,No,Yes,Yes,Yes,One year,Yes,Credit card (automatic),59.26,574.94,0,11.0,0,0,0.172,Healthy
Female,1,No,No,43,Yes,Yes,Fiber optic,No,No,No,Yes,Yes,Yes,Month-to-month,Yes,Mailed check,79.11,3387.89,0,14.4,0,0,0.411,High Risk
Female,0,No,No,58,Yes,No,DSL,No,No,No,Yes,No,Yes,Month-to-month,No,Credit card (automatic),49.47,2873.16,2,8.9,0,0,0.255,Watch
Male,0,Yes,No,71,Yes,No,DSL,Yes,Yes,No,Yes,Yes,Yes,Two year,No,Credit card (automatic),68.12,4847.3,1,14.4,0,0,0.016,Healthy
Female,0,Yes,Yes,2,Yes,No,Fiber optic,No,No,Yes,Yes,Yes,Yes,Month-to-month,Yes,Credit card (automatic),83.46,168.32,0,30.0,0,1,0.666,High Risk
Female,0,Yes,No,0,Yes,Yes,DSL,Yes,Yes,No,No,No,Yes,Month-to-month,No,Mailed check,62.04,2.01,0,13.8,0,0,0.727,Critical Risk
Male,0,Yes,No,49,Yes,No,DSL,Yes,Yes,Yes,Yes,Yes,Yes,Two year,Yes,Electronic check,71.18,3480.41,1,20.5,1,0,0.1,Healthy
Female,0,Yes,No,19,Yes,Yes,Fiber optic,No,Yes,No,No,No,Yes,Month-to-month,No,Credit card (automatic),78.63,1506.83,0,28.0,0,0,0.606,High Risk
Female,0,No,Yes,34,Yes,No,No,No,No,No,No,No,No,Month-to-month,Yes,Bank transfer (automatic),18.19,627.69,2,22.9,0,0,0.425,High Risk
Male,0,Yes,No,5,No,No,Fiber optic,No,No,No,No,No,Yes,Month-to-month,No,Electronic check,67.65,320.97,3,22.4,0,1,0.899,Critical Risk
Male,0,No,No,5,Yes,No,DSL,No,Yes,Yes,No,Yes,Yes,Month-to-month,Yes,Credit card (automatic),72.38,354.46,0,17.2,1,1,0.707,Critical Risk
Female,0,No,No,38,No,No,Fiber optic,Yes,No,No,Yes,No,Yes,Month-to-month,Yes,Bank transfer (automatic),81.67,3114.91,1,10.1,2,1,0.782,Critical Risk
Male,1,No,No,50,Yes,Yes,Fiber optic,No,Yes,No,Yes,Yes,Yes,One year,Yes,Bank transfer (automatic),85.58,4290.08,2,20.4,0,1,0.22,Watch
Female,0,Yes,No,64,Yes,Yes,DSL,No,No,No,Yes,No,No,Month-to-month,Yes,Mailed check,45.5,2891.6,2,9.8,1,0,0.318,Watch
Female,0,No,No,35,Yes,No,DSL,No,No,No,Yes,Yes,No,Two year,Yes,Bank transfer (automatic),48.59,1699.62,0,28.1,0,0,0.042,Healthy
Male,1,No,No,47,Yes,No,Fiber optic,No,Yes,No,Yes,No,No,Month-to-month,No,Mailed check,73.06,3425.6,0,18.6,0,0,0.291,Watch
Male,0,Yes,No,62,Yes,Yes,Fiber optic,No,No,No,No,Yes,Yes,Month-to-month,No,Mailed check,73.12,4495.79,1,3.4,1,1,0.605,High Risk
Female,0,Yes,No,31,Yes,Yes,DSL,Yes,Yes,Yes,No,No,No,One year,Yes,Bank transfer (automatic),54.87,1732.0,1,14.5,1,0,0.28,Watch
Male,0,Yes,Yes,15,Yes,No,DSL,No,No,No,No,No,Yes,Month-to-month,Yes,Mailed check,44.43,659.12,1,17.6,5,0,0.908,Critical Risk
Male,0,No,No,60,Yes,Yes,Fiber optic,Yes,Yes,Yes,Yes,Yes,Yes,Month-to-month,Yes,Mailed check,97.09,5809.31,1,9.6,1,1,0.554,High Risk
Female,0,No,No,0,Yes,No,Fiber optic,No,Yes,No,Yes,Yes,No,One year,Yes,Electronic check,86.95,0.0,0,16.8,0,0,0.621,High Risk
Female,0,No,Yes,20,Yes,Yes,Fiber optic,No,Yes,Yes,Yes,Yes,No,Month-to-month,Yes,Credit card (automatic),86.08,1712.43,1,9.6,1,1,0.727,Critical Risk
Female,0,No,No,9,Yes,No,No,No,No,No,No,No,No,Month-to-month,Yes,Credit card (automatic),18.0,188.83,1,17.6,1,0,0.572,High Risk
Female,1,Yes,Yes,46,Yes,No,DSL,No,Yes,Yes,No,No,Yes,Month-to-month,No,Electronic check,59.22,2747.02,0,7.7,1,0,0.433,High Risk
Female,1,Yes,No,19,Yes,No,Fiber optic,No,Yes,Yes,No,Yes,Yes,Month-to-month,Yes,Bank transfer (automatic),84.04,1596.13,2,18.4,1,1,0.826,Critical Risk
Male,0,No,No,25,Yes,Yes,Fiber optic,No,No,Yes,No,No,No,Two year,No,Electronic check,62.84,1589.13,2,13.1,0,0,0.321,Watch
Female,0,No,Yes,47,Yes,No,Fiber optic,No,No,No,Yes,No,Yes,Month-to-month,No,Electronic check,76.4,3591.16,3,11.2,0,0,0.694,High Risk
Female,0,No,Yes,21,Yes,No,Fiber optic,No,No,No,No,Yes,No,Month-to-month,No,Electronic check,68.07,1395.81,0,3.3,0,1,0.829,Critical Risk
Female,1,Yes,Yes,26,Yes,No,Fiber optic,Yes,No,No,Yes,Yes,No,One year,No,Electronic check,76.76,1996.01,0,13.8,1,0,0.49,High Risk
Female,0,Yes,Yes,36,Yes,No,Fiber optic,Yes,Yes,Yes,No,No,Yes,Month-to-month,No,Mailed check,85.01,3049.11,0,8.8,0,0,0.633,High Risk
Male,1,Yes,Yes,8,No,No,Fiber optic,No,No,Yes,No,Yes,No,Two year,Yes,Electronic check,76.93,600.79,1,9.8,1,0,0.478,High Risk
Female,0,Yes,No,68,No,No,Fiber optic,Yes,No,Yes,Yes,Yes,No,Month-to-month,No,Electronic check,83.78,5708.56,1,5.9,1,1,0.559,High Risk
Male,0,Yes,No,71,Yes,Yes,DSL,No,No,Yes,Yes,No,No,Month-to-month,No,Bank transfer (automatic),47.81,3436.04,0,15.2,2,0,0.187,Healthy
Female,0,No,No,52,Yes,Yes,Fiber optic,No,Yes,Yes,No,No,No,One year,No,Credit card (automatic),76.69,3972.36,1,15.9,0,0,0.183,Healthy
Male,0,No,Yes,7,Yes,No,No,No,No,No,No,No,No,Month-to-month,Yes,Mailed check,18.0,130.75,2,16.9,1,1,0.708,Critical Risk
Male,0,Yes,Yes,34,Yes,Yes,Fiber optic,Yes,No,Yes,Yes,No,No,Two year,Yes,Electronic check,79.64,2709.41,0,9.2,1,0,0.239,Watch
Male,1,Yes,Yes,25,Yes,No,DSL,No,No,Yes,Yes,Yes,No,One year,No,Bank transfer (automatic),56.83,1459.63,1,12.5,3,0,0.415,High Risk
Female,0,Yes,Yes,12,Yes,No,No,No,No,No,No,No,No,Month-to-month,Yes,Credit card (automatic),18.9,218.03,1,12.3,1,0,0.57,High Risk
Female,0,Yes,No,63,Yes,No,No,No,No,No,No,No,No,Month-to-month,No,Bank transfer (automatic),18.0,1168.17,0,17.4,0,0,0.156,Healthy
Male,0,No,Yes,30,No,No,Fiber optic,No,No,Yes,No,No,Yes,Month-to-month,No,Credit card (automatic),79.2,2339.25,3,10.2,1,0,0.829,Critical Risk
Male,0,Yes,No,47,Yes,Yes,Fiber optic,Yes,Yes,Yes,No,No,No,Month-to-month,Yes,Electronic check,72.05,3373.6,1,7.1,1,1,0.687,High Risk
Male,0,No,No,50,Yes,No,DSL,Yes,Yes,Yes,No,No,Yes,Month-to-month,No,Electronic check,64.45,3239.55,4,14.0,0,0,0.695,High Risk
Male,1,Yes,Yes,23,Yes,Yes,Fiber optic,Yes,No,Yes,Yes,Yes,No,Month-to-month,No,Bank transfer (automatic),87.47,1969.26,0,7.4,1,0,0.737,Critical Risk
Female,1,Yes,Yes,25,Yes,No,No,No,No,No,No,No,No,One year,Yes,Mailed check,24.37,603.6,2,8.8,1,0,0.334,Watch
Male,0,No,No,70,Yes,No,DSL,Yes,Yes,Yes,Yes,No,Yes,Two year,No,Electronic check,65.77,4576.09,1,22.6,3,0,0.062,Healthy
Male,0,Yes,No,60,No,No,DSL,Yes,No,No,Yes,No,No,Month-to-month,No,Credit card (automatic),50.79,3019.8,1,7.4,0,0,0.216,Watch
Male,0,Yes,Yes,36,Yes,No,No,No,No,No,No,No,No,Month-to-month,Yes,Mailed check,18.0,682.27,1,13.1,1,1,0.456,High Risk
Male,1,No,No,38,Yes,No,Fiber optic,Yes,Yes,Yes,Yes,Yes,Yes,Month-to-month,Yes,Credit card (automatic),97.47,3723.85,1,14.3,1,0,0.583,High Risk
Female,0,Yes,No,0,Yes,Yes,No,No,No,No,No,No,No,Two year,No,Credit card (automatic),19.26,3.3,1,10.3,0,0,0.128,Healthy
Female,0,Yes,No,14,Yes,Yes,DSL,Yes,Yes,No,Yes,Yes,Yes,Month-to-month,No,Electronic check,62.43,899.33,3,16.4,0,1,0.759,Critical Risk
Male,1,Yes,No,0,Yes,No,DSL,Yes,Yes,No,Yes,No,Yes,One year,No,Credit card (automatic),58.6,9.65,1,9.2,1,1,0.318,Watch
Female,1,Yes,No,58,No,No,No,No,No,No,No,No,No,Month-to-month,No,Bank transfer (automatic),18.0,1063.35,1,13.7,0,0,0.194,Healthy
Male,0,No,No,68,Yes,Yes,DSL,Yes,No,No,No,Yes,No,Two year,No,Bank transfer (automatic),50.0,3405.68,0,11.1,1,0,0.041,Healthy
Male,0,Yes,No,11,Yes,No,Fiber optic,Yes,Yes,Yes,Yes,No,No,Month-to-month,Yes,Electronic check,86.97,948.67,3,21.4,2,0,0.928,Critical Risk
Male,0,No,No,20,Yes,No,DSL,Yes,Yes,Yes,No,No,No,Month-to-month,No,Electronic check,51.21,1009.85,2,19.6,0,0,0.673,High Risk
Male,0,No,No,25,Yes,No,Fiber optic,No,Yes,Yes,No,No,Yes,Month-to-month,Yes,Mailed check,77.64,1936.29,0,10.1,1,0,0.769,Critical Risk
Male,0,Yes,No,59,Yes,No,DSL,No,Yes,Yes,Yes,Yes,Yes,Two year,No,Electronic check,70.71,4139.1,2,15.3,0,0,0.059,Healthy
Female,0,Yes,Yes,29,Yes,Yes,No,No,No,No,No,No,No,Month-to-month,Yes,Bank transfer (automatic),18.0,524.27,2,9.7,2,1,0.7,Critical Risk
Female,0,Yes,No,3,Yes,No,No,No,No,No,No,No,No,Month-to-month,Yes,Credit card (automatic),19.86,89.91,1,9.1,1,1,0.683,High Risk
Female,0,Yes,No,42,Yes,No,DSL,Yes,No,No,Yes,Yes,No,Month-to-month,Yes,Credit card (automatic),48.5,2019.88,2,18.0,1,0,0.386,Watch
Male,0,Yes,No,10,Yes,No,Fiber optic,No,No,No,Yes,Yes,Yes,One year,No,Electronic check,89.72,894.77,0,18.3,0,0,0.549,High Risk
Male,0,No,Yes,47,Yes,No,Fiber optic,Yes,No,Yes,Yes,Yes,No,Month-to-month,Yes,Mailed check,87.95,4090.76,4,8.9,0,1,0.718,Critical Risk
Male,1,Yes,No,62,No,No,No,No,No,No,No,No,No,Month-to-month,No,Electronic check,18.85,1170.43,1,17.6,1,0,0.273,Watch
Male,0,No,Yes,4,Yes,No,Fiber optic,Yes,No,No,Yes,Yes,Yes,Month-to-month,No,Electronic check,91.93,426.7,1,5.4,0,0,0.917,Critical Risk
Male,1,No,No,72,Yes,Yes,No,No,No,No,No,No,No,Month-to-month,Yes,Electronic check,21.69,1565.15,1,19.3,0,0,0.156,Healthy
Female,0,No,No,48,Yes,No,No,No,No,No,No,No,No,One year,No,Mailed check,21.36,1044.97,2,18.2,1,0,0.126,Healthy
Female,0,Yes,No,3,Yes,No,Fiber optic,No,No,No,Yes,Yes,No,Month-to-month,No,Electronic check,72.67,208.22,0,11.8,0,1,0.839,Critical Risk
Female,1,Yes,No,16,Yes,No,Fiber optic,No,Yes,Yes,No,No,No,Month-to-month,Yes,Electronic check,67.37,1089.9,1,12.5,2,0,0.879,Critical Risk
Female,0,No,Yes,12,Yes,Yes,Fiber optic,No,Yes,No,No,No,No,Two year,Yes,Electronic check,68.94,814.82,1,14.3,1,0,0.416,High Risk
Female,0,Yes,Yes,64,Yes,Yes,Fiber optic,No,Yes,No,Yes,No,Yes,One year,No,Electronic check,87.26,5588.8,2,11.0,0,0,0.242,Watch
Female,0,No,No,52,Yes,Yes,Fiber optic,No,No,Yes,Yes,No,No,Two year,Yes,Electronic check,75.07,3869.8,2,21.5,0,0,0.137,Healthy
Male,0,No,Yes,27,Yes,Yes,DSL,Yes,No,Yes,Yes,No,Yes,Month-to-month,Yes,Mailed check,52.71,1445.57,1,22.2,2,1,0.584,High Risk
Female,0,No,No,38,Yes,Yes,Fiber optic,Yes,No,No,Yes,Yes,Yes,Two year,Yes,Bank transfer (automatic),94.0,3581.88,0,14.1,1,0,0.208,Watch
Female,0,Yes,No,25,Yes,No,No,No,No,No,No,No,No,One year,No,Credit card (automatic),18.0,464.34,0,16.8,0,0,0.122,Healthy
Female,0,Yes,Yes,29,Yes,No,Fiber optic,Yes,Yes,Yes,Yes,No,No,Month-to-month,No,Electronic check,88.58,2560.26,1,14.1,0,1,0.766,Critical Risk
Female,0,No,No,46,Yes,Yes,Fiber optic,Yes,Yes,No,Yes,No,No,Month-to-month,Yes,Electronic check,76.57,3531.79,2,15.7,0,0,0.605,High Risk
Male,0,No,No,14,Yes,No,DSL,Yes,No,No,No,No,No,Month-to-month,No,Bank transfer (automatic),48.35,706.24,1,12.3,3,1,0.883,Critical Risk
Female,0,No,No,55,Yes,No,DSL,No,Yes,No,Yes,No,No,Two year,Yes,Mailed check,55.0,3009.96,0,7.2,0,0,0.035,Healthy
Male,0,No,No,69,Yes,No,DSL,Yes,No,No,No,Yes,No,One year,No,Credit card (automatic),50.47,3497.61,2,27.4,2,0,0.115,Healthy
Female,0,No,No,71,Yes,No,Fiber optic,No,Yes,Yes,No,Yes,Yes,One year,No,Mailed check,90.78,6445.13,0,27.9,1,1,0.12,Healthy
Female,0,No,No,12,Yes,No,Fiber optic,No,No,No,Yes,Yes,Yes,Two year,Yes,Credit card (automatic),79.83,989.1,2,23.1,1,0,0.27,Watch
Female,0,No,Yes,30,No,No,Fiber optic,Yes,Yes,Yes,Yes,Yes,No,Month-to-month,No,Electronic check,95.72,2857.08,1,23.8,0,1,0.733,Critical Risk
Male,0,Yes,Yes,19,Yes,No,DSL,Yes,Yes,No,No,No,Yes,Month-to-month,Yes,Credit card (automatic),56.7,1066.74,3,10.6,3,0,0.866,Critical Risk
Female,0,Yes,No,46,Yes,No,DSL,Yes,Yes,No,Yes,Yes,Yes,Month-to-month,Yes,Mailed check,62.87,2911.63,1,0.0,1,0,0.439,High Risk
Female,0,No,Yes,23,Yes,No,No,No,No,No,No,No,No,Two year,Yes,Credit card (automatic),23.42,535.39,2,11.1,0,0,0.094,Healthy
Male,0,No,No,28,Yes,Yes,DSL,Yes,No,Yes,No,No,No,One year,Yes,Electronic check,53.94,1520.21,2,7.3,0,0,0.448,High Risk
Male,1,Yes,No,10,Yes,No,No,No,No,No,No,No,No,Month-to-month,Yes,Electronic check,18.0,195.2,0,15.8,1,0,0.626,High Risk
Female,1,No,No,40,Yes,Yes,Fiber optic,No,No,No,No,No,No,Two year,No,Bank transfer (automatic),63.44,2541.85,0,8.9,1,0,0.139,Healthy
Female,0,Yes,No,39,Yes,Yes,No,No,No,No,No,No,No,Month-to-month,Yes,Electronic check,20.09,749.18,4,18.1,0,0,0.591,High Risk
Female,0,Yes,Yes,40,Yes,No,Fiber optic,No,No,No,No,Yes,No,Month-to-month,No,Mailed check,71.66,2879.72,1,22.1,0,1,0.615,High Risk
Female,0,No,Yes,24,Yes,No,No,No,No,No,No,No,No,Month-to-month,Yes,Electronic check,24.42,572.98,1,2.3,1,0,0.726,Critical Risk
Male,1,Yes,No,55,No,No,Fiber optic,Yes,Yes,No,No,No,Yes,Month-to-month,Yes,Mailed check,84.4,4612.13,4,7.3,0,0,0.732,Critical Risk
Female,0,No,No,44,Yes,Yes,DSL,Yes,No,Yes,No,No,No,Two year,Yes,Bank transfer (automatic),45.95,2056.55,1,6.3,0,0,0.063,Healthy
Male,0,No,No,12,Yes,No,No,No,No,No,No,No,No,Month-to-month,No,Bank transfer (automatic),18.0,239.26,0,0.0,0,0,0.544,High Risk
Female,0,No,Yes,26,Yes,Yes,DSL,No,No,Yes,Yes,No,No,One year,No,Bank transfer (automatic),56.92,1455.81,0,18.1,2,0,0.292,Watch
Male,0,Yes,No,48,Yes,No,Fiber optic,Yes,Yes,No,Yes,Yes,No,Month-to-month,Yes,Mailed check,85.63,4063.45,1,7.1,1,0,0.61,High Risk
Female,1,No,No,8,Yes,Yes,Fiber optic,No,No,Yes,No,No,Yes,Month-to-month,Yes,Bank transfer (automatic),75.79,601.58,1,16.0,1,0,0.841,Critical Risk
Male,1,Yes,No,25,Yes,No,No,No,No,No,No,No,No,Two year,Yes,Mailed check,18.0,483.48,1,6.6,1,0,0.119,Healthy
Female,0,No,Yes,63,No,No,Fiber optic,Yes,Yes,Yes,No,Yes,Yes,One year,No,Mailed check,92.77,5824.86,1,8.3,0,0,0.207,Watch
Male,0,Yes,No,32,No,No,No,No,No,No,No,No,No,Two year,Yes,Bank transfer (automatic),18.0,567.09,1,12.6,0,0,0.066,Healthy
Male,0,No,No,37,No,No,DSL,Yes,Yes,Yes,Yes,No,Yes,Month-to-month,No,Mailed check,69.29,2541.88,0,13.3,2,1,0.48,High Risk
Female,0,No,No,49,Yes,No,No,No,No,No,No,No,No,Month-to-month,No,Mailed check,18.0,888.56,1,12.2,2,0,0.493,High Risk
Male,1,Yes,Yes,23,Yes,Yes,No,No,No,No,No,No,No,Month-to-month,Yes,Electronic check,18.0,411.9,2,14.1,0,0,0.559,High Risk
Female,0,Yes,No,60,Yes,Yes,Fiber optic,Yes,No,Yes,Yes,Yes,Yes,Month-to-month,Yes,Bank transfer (automatic),101.65,6083.23,0,18.4,0,0,0.479,High Risk
Female,0,Yes,No,1,Yes,No,DSL,Yes,No,No,No,No,Yes,Month-to-month,Yes,Electronic check,53.14,23.27,1,17.1,0,1,0.827,Critical Risk
Female,0,No,No,34,Yes,No,DSL,Yes,Yes,Yes,Yes,Yes,No,Month-to-month,No,Electronic check,71.67,2441.53,1,12.9,0,0,0.566,High Risk
Male,0,No,No,43,Yes,Yes,DSL,No,No,Yes,Yes,Yes,Yes,Month-to-month,Yes,Electronic check,68.66,2969.57,2,12.6,0,0,0.52,High Risk
Male,0,No,Yes,17,Yes,Yes,Fiber optic,Yes,No,Yes,Yes,No,No,Month-to-month,Yes,Credit card (automatic),83.5,1408.02,5,14.6,1,1,0.901,Critical Risk
Male,0,No,No,57,Yes,No,DSL,Yes,No,No,Yes,No,Yes,Month-to-month,No,Credit card (automatic),60.13,3440.19,0,14.2,1,0,0.283,Watch
Female,1,Yes,No,5,Yes,Yes,Fiber optic,Yes,No,Yes,Yes,Yes,Yes,Month-to-month,Yes,Credit card (automatic),87.57,436.5,2,10.0,0,0,0.782,Critical Risk
Female,0,No,No,47,No,No,Fiber optic,Yes,No,Yes,Yes,No,Yes,Month-to-month,No,Mailed check,87.05,4131.49,1,21.5,0,1,0.436,High Risk
Female,0,Yes,No,46,Yes,No,Fiber optic,No,No,Yes,Yes,Yes,No,Two year,Yes,Electronic check,77.86,3608.89,0,14.7,0,0,0.094,Healthy
Female,0,No,No,57,Yes,No,No,No,No,No,No,No,No,Month-to-month,No,Credit card (automatic),18.0,1034.66,0,14.5,0,0,0.159,Healthy
Male,0,Yes,Yes,15,Yes,Yes,DSL,Yes,No,Yes,Yes,No,No,One year,Yes,Bank transfer (automatic),51.87,779.67,0,6.8,0,0,0.236,Watch
Male,0,No,No,11,Yes,Yes,Fiber optic,No,Yes,No,No,No,No,Month-to-month,No,Credit card (automatic),66.13,729.67,1,7.4,1,1,0.789,Critical Risk
Male,0,Yes,No,42,No,No,No,No,No,No,No,No,No,Month-to-month,Yes,Mailed check,21.76,914.09,0,6.4,0,0,0.286,Watch
Male,0,Yes,Yes,70,Yes,No,Fiber optic,Yes,Yes,No,Yes,No,No,Two year,Yes,Bank transfer (automatic),80.23,5614.05,2,14.3,0,0,0.061,Healthy
Male,0,Yes,No,57,Yes,No,Fiber optic,No,No,Yes,Yes,Yes,Yes,One year,Yes,Bank transfer (automatic),86.67,4904.6,1,14.9,1,0,0.257,Watch
Male,0,No,Yes,15,Yes,No,No,No,No,No,No,No,No,Month-to-month,No,Bank transfer (automatic),18.0,304.82,3,10.4,1,0,0.757,Critical Risk
Male,0,No,No,29,Yes,Yes,Fiber optic,Yes,No,No,Yes,No,No,Month-to-month,No,Electronic check,67.37,1930.16,1,8.3,0,0,0.749,Critical Risk
Male,1,Yes,No,19,Yes,No,No,No,No,No,No,No,No,One year,Yes,Credit card (automatic),18.0,368.61,1,13.7,1,0,0.191,Healthy
Female,1,Yes,No,56,Yes,No,No,No,No,No,No,No,No,Month-to-month,No,Mailed check,18.0,985.62,0,20.6,0,0,0.158,Healthy
Female,0,Yes,No,37,Yes,No,DSL,Yes,No,No,Yes,Yes,Yes,Month-to-month,Yes,Bank transfer (automatic),55.78,2055.25,4,11.1,2,1,0.76,Critical Risk
Female,0,No,Yes,31,Yes,No,Fiber optic,No,No,Yes,Yes,No,No,Month-to-month,Yes,Mailed check,77.99,2419.59,2,14.8,0,1,0.705,Critical Risk
Male,0,No,No,0,Yes,Yes,Fiber optic,No,Yes,No,No,Yes,No,Month-to-month,Yes,Electronic check,75.7,2.03,0,13.1,1,1,0.916,Critical Risk
Male,1,No,No,46,Yes,Yes,No,No,No,No,No,No,No,Two year,Yes,Mailed check,19.25,855.06,0,10.1,0,0,0.024,Healthy
Male,0,No,Yes,32,Yes,Yes,Fiber optic,Yes,No,No,No,Yes,Yes,Month-to-month,Yes,Mailed check,86.66,2790.07,2,12.3,3,1,0.934,Critical Risk
Male,0,Yes,Yes,2,Yes,Yes,No,No,No,No,No,No,No,Month-to-month,Yes,Credit card (automatic),18.0,24.65,0,22.3,1,0,0.556,High Risk
Female,0,Yes,No,14,Yes,Yes,DSL,No,No,Yes,No,No,No,Month-to-month,Yes,Credit card (automatic),43.5,620.33,1,11.8,1,0,0.652,High Risk
Female,1,No,No,53,Yes,Yes,Fiber optic,Yes,No,No,No,No,Yes,Month-to-month,Yes,Electronic check,71.98,3853.37,2,16.9,0,1,0.689,High Risk
Male,0,No,Yes,54,Yes,Yes,Fiber optic,No,No,Yes,Yes,No,Yes,Two year,Yes,Bank transfer (automatic),86.88,4690.82,1,13.5,0,0,0.104,Healthy
Male,0,Yes,Yes,36,Yes,No,No,No,No,No,No,No,No,Month-to-month,Yes,Mailed check,18.0,652.33,1,17.1,0,1,0.353,Watch
Male,0,No,No,55,Yes,Yes,DSL,Yes,No,Yes,No,No,No,Month-to-month,No,Bank transfer (automatic),50.48,2753.7,0,6.8,0,0,0.342,Watch
Male,0,Yes,No,53,Yes,No,DSL,Yes,No,Yes,No,No,Yes,One year,Yes,Mailed check,54.15,2870.64,1,16.2,0,0,0.134,Healthy
Female,1,Yes,No,44,Yes,No,No,No,No,No,No,No,No,One year,Yes,Mailed check,18.0,768.12,1,17.4,0,0,0.071,Healthy
Female,0,Yes,No,15,Yes,Yes,Fiber optic,No,No,No,No,Yes,No,Month-to-month,Yes,Bank transfer (automatic),66.13,988.35,2,10.2,1,0,0.895,Critical Risk
Female,0,No,No,30,Yes,No,DSL,Yes,No,Yes,No,Yes,Yes,Month-to-month,No,Credit card (automatic),55.24,1663.94,0,7.2,1,0,0.536,High Risk
Female,0,No,Yes,59,Yes,No,Fiber optic,Yes,Yes,No,Yes,Yes,Yes,Month-to-month,No,Electronic check,93.0,5462.01,1,27.6,0,0,0.522,High Risk
Female,0,No,No,22,Yes,No,No,No,No,No,No,No,No,Month-to-month,No,Electronic check,18.0,377.74,1,19.6,0,1,0.536,High Risk
Female,0,No,No,48,Yes,No,No,No,No,No,No,No,No,Month-to-month,No,Mailed check,18.97,923.27,0,18.9,0,0,0.185,Healthy
Female,0,No,No,60,Yes,No,DSL,No,Yes,No,No,No,Yes,One year,Yes,Bank transfer (automatic),55.92,3350.15,0,21.3,1,0,0.107,Healthy
Female,1,Yes,No,38,Yes,Yes,Fiber optic,No,Yes,No,No,No,No,One year,Yes,Credit card (automatic),69.08,2620.07,2,22.6,1,0,0.275,Watch
Male,0,No,No,37,No,No,Fiber optic,Yes,No,Yes,No,Yes,No,One year,No,Electronic check,78.39,2927.4,0,10.5,0,1,0.388,Watch
Female,0,Yes,No,13,Yes,No,Fiber optic,Yes,Yes,No,Yes,No,Yes,Month-to-month,Yes,Mailed check,86.71,1103.81,1,18.5,1,1,0.835,Critical Risk
Female,0,No,Yes,36,Yes,Yes,Fiber optic,No,Yes,Yes,Yes,No,No,Month-to-month,No,Credit card (automatic),81.55,2908.74,4,9.4,2,0,0.803,Critical Risk
Female,0,Yes,Yes,3,Yes,Yes,DSL,Yes,Yes,Yes,Yes,Yes,No,Month-to-month,No,Mailed check,70.27,216.54,5,10.4,0,1,0.837,Critical Risk
Female,0,Yes,No,8,Yes,No,Fiber optic,No,No,No,Yes,Yes,No,One year,Yes,Electronic check,73.28,628.79,1,14.2,1,0,0.662,High Risk
Female,0,No,No,39,No,No,DSL,No,No,No,Yes,Yes,Yes,Month-to-month,Yes,Credit card (automatic),57.05,2236.12,1,6.7,0,0,0.338,Watch
Female,0,Yes,Yes,15,Yes,Yes,DSL,Yes,No,No,No,Yes,Yes,One year,No,Electronic check,58.63,877.84,2,25.3,1,1,0.575,High Risk
Male,0,Yes,No,25,Yes,Yes,Fiber optic,No,Yes,Yes,Yes,Yes,Yes,Month-to-month,No,Credit card (automatic),101.13,2533.77,2,12.5,0,0,0.744,Critical Risk
Female,0,No,No,26,Yes,Yes,No,No,No,No,No,No,No,Two year,Yes,Electronic check,18.0,459.57,1,12.4,0,0,0.124,Healthy
Female,0,No,No,34,Yes,No,Fiber optic,Yes,Yes,Yes,Yes,No,No,Month-to-month,Yes,Bank transfer (automatic),89.16,3055.43,1,18.1,1,0,0.716,Critical Risk
Female,0,Yes,No,51,Yes,No,Fiber optic,Yes,Yes,Yes,No,Yes,Yes,Month-to-month,No,Credit card (automatic),93.36,4744.44,1,12.1,0,0,0.592,High Risk
Male,0,Yes,Yes,32,Yes,Yes,DSL,No,No,No,No,No,Yes,Month-to-month,Yes,Electronic check,48.67,1550.65,0,11.8,1,1,0.664,High Risk
Female,1,Yes,No,61,Yes,Yes,No,No,No,No,No,No,No,Month-to-month,Yes,Mailed check,18.0,1129.11,4,10.9,0,0,0.314,Watch
Male,0,No,No,35,Yes,No,Fiber optic,No,No,No,No,No,No,Month-to-month,Yes,Mailed check,63.37,2220.29,0,17.7,1,0,0.68,High Risk
Male,0,No,No,72,Yes,Yes,No,No,No,No,No,No,No,One year,No,Mailed check,18.0,1310.91,0,8.5,1,0,0.043,Healthy
Female,0,Yes,No,72,Yes,Yes,DSL,No,Yes,No,Yes,Yes,No,One year,Yes,Mailed check,53.43,3827.99,1,9.7,0,0,0.04,Healthy
Female,0,No,Yes,31,Yes,Yes,Fiber optic,Yes,Yes,No,Yes,Yes,Yes,Month-to-month,Yes,Mailed check,91.65,2827.66,1,11.9,1,1,0.767,Critical Risk
Female,0,No,Yes,55,Yes,No,DSL,No,No,Yes,Yes,No,No,One year,Yes,Bank transfer (automatic),49.93,2746.68,0,13.5,0,0,0.072,Healthy
Male,0,No,Yes,33,Yes,No,DSL,No,Yes,Yes,No,No,No,One year,Yes,Electronic check,48.43,1601.53,2,14.3,2,0,0.436,High Risk
Female,0,Yes,No,63,Yes,Yes,Fiber optic,No,Yes,No,Yes,No,Yes,Month-to-month,Yes,Bank transfer (automatic),80.95,5093.39,0,9.9,1,1,0.421,High Risk
Female,0,No,No,55,No,No,No,No,No,No,No,No,No,Month-to-month,Yes,Electronic check,19.03,1017.95,0,10.4,0,0,0.304,Watch
Female,0,No,No,24,Yes,No,DSL,Yes,Yes,Yes,No,Yes,Yes,Month-to-month,Yes,Electronic check,67.15,1618.35,0,18.5,1,0,0.682,High Risk
Female,0,Yes,No,23,Yes,No,Fiber optic,No,No,No,No,No,No,One year,Yes,Electronic check,60.39,1391.16,0,16.8,1,0,0.517,High Risk
Male,0,Yes,Yes,64,Yes,Yes,Fiber optic,Yes,No,No,Yes,No,Yes,Month-to-month,Yes,Credit card (automatic),76.75,4932.58,0,18.8,0,0,0.255,Watch
Female,0,Yes,No,39,No,No,Fiber optic,Yes,Yes,Yes,Yes,No,Yes,Month-to-month,No,Mailed check,96.17,3716.65,1,12.6,1,1,0.66,High Risk
Male,0,Yes,No,50,Yes,Yes,Fiber optic,No,No,Yes,Yes,No,No,Month-to-month,Yes,Electronic check,74.36,3695.73,2,17.3,0,0,0.646,High Risk
Female,0,No,Yes,49,Yes,No,Fiber optic,No,No,Yes,No,Yes,Yes,One year,No,Bank transfer (automatic),82.02,4004.56,2,9.5,1,0,0.495,High Risk
Male,0,No,No,12,Yes,Yes,No,No,No,No,No,No,No,Month-to-month,Yes,Mailed check,18.0,171.75,0,13.1,0,0,0.462,High Risk
Male,0,Yes,No,17,Yes,No,Fiber optic,Yes,No,Yes,No,Yes,No,Two year,No,Mailed check,80.68,1381.54,1,19.1,0,0,0.297,Watch
Female,0,No,No,65,Yes,Yes,No,No,No,No,No,No,No,One year,Yes,Mailed check,19.61,1262.2,1,14.5,1,0,0.073,Healthy
Female,1,Yes,Yes,20,Yes,Yes,Fiber optic,No,No,No,No,Yes,Yes,Month-to-month,No,Electronic check,73.17,1451.83,2,19.6,0,1,0.825,Critical Risk
Female,0,No,No,63,Yes,Yes,No,No,No,No,No,No,No,Two year,No,Credit card (automatic),22.01,1386.32,0,12.3,0,0,0.016,Healthy
Female,0,Yes,No,26,Yes,No,No,No,No,No,No,No,No,One year,Yes,Electronic check,18.0,443.7,0,13.3,0,0,0.226,Watch
Female,1,No,No,61,Yes,Yes,DSL,No,Yes,No,No,No,No,Month-to-month,Yes,Electronic check,45.65,2776.17,0,20.6,2,0,0.376,Watch
Male,0,No,Yes,42,Yes,Yes,Fiber optic,No,Yes,Yes,No,No,Yes,Month-to-month,No,Bank transfer (automatic),77.94,3290.38,0,1.7,0,0,0.545,High Risk
Male,0,No,Yes,7,Yes,Yes,No,No,No,No,No,No,No,Month-to-month,No,Mailed check,18.0,91.54,2,20.2,0,1,0.592,High Risk
Male,0,No,No,19,Yes,Yes,Fiber optic,No,No,Yes,Yes,Yes,Yes,Month-to-month,Yes,Mailed check,79.63,1495.34,0,15.6,3,0,0.827,Critical Risk
Male,0,Yes,No,69,Yes,Yes,Fiber optic,Yes,Yes,Yes,Yes,Yes,Yes,Two year,Yes,Bank transfer (automatic),100.65,6951.82,0,14.9,0,0,0.046,Healthy
Male,0,No,Yes,15,Yes,Yes,Fiber optic,No,Yes,No,Yes,Yes,Yes,Month-to-month,No,Bank transfer (automatic),87.69,1350.58,1,3.6,1,1,0.851,Critical Risk
Female,0,No,No,16,Yes,No,No,No,No,No,No,No,No,Month-to-month,No,Electronic check,18.0,304.62,2,9.5,1,0,0.772,Critical Risk
Female,0,Yes,Yes,10,Yes,Yes,DSL,Yes,Yes,No,Yes,No,No,Month-to-month,Yes,Electronic check,52.27,524.18,0,18.9,1,1,0.653,High Risk
Female,0,No,No,44,Yes,No,Fiber optic,Yes,Yes,Yes,No,Yes,No,Two year,Yes,Electronic check,91.47,4057.84,0,16.0,0,0,0.174,Healthy
Male,0,Yes,No,59,Yes,No,Fiber optic,No,No,No,No,Yes,No,Two year,No,Mailed check,72.03,4231.82,1,10.4,2,0,0.204,Watch
Female,0,Yes,No,68,Yes,Yes,DSL,Yes,No,Yes,No,Yes,Yes,Month-to-month,No,Credit card (automatic),65.39,4466.96,0,16.5,1,0,0.234,Watch
Female,0,No,No,64,Yes,No,DSL,No,No,No,No,Yes,Yes,Month-to-month,Yes,Electronic check,41.95,2695.06,2,10.9,0,0,0.384,Watch
Female,0,Yes,No,64,Yes,Yes,Fiber optic,Yes,No,Yes,Yes,No,Yes,One year,Yes,Bank transfer (automatic),94.27,6051.76,2,11.0,0,0,0.233,Watch
Male,0,Yes,No,66,Yes,No,No,No,No,No,No,No,No,Month-to-month,Yes,Electronic check,25.14,1700.31,0,30.0,0,0,0.183,Healthy
Male,1,Yes,Yes,41,Yes,No,No,No,No,No,No,No,No,Month-to-month,No,Mailed check,18.0,724.38,1,10.5,1,0,0.351,Watch
Female,0,No,No,59,Yes,Yes,No,No,No,No,No,No,No,Month-to-month,No,Mailed check,19.12,1121.31,2,0.0,1,1,0.399,Watch
Male,0,No,No,46,Yes,No,No,No,No,No,No,No,No,Two year,No,Electronic check,18.0,825.64,0,10.1,0,0,0.042,Healthy
Male,0,Yes,No,10,Yes,No,DSL,No,Yes,No,Yes,No,No,One year,Yes,Electronic check,54.21,564.95,0,4.1,0,0,0.326,Watch
Male,0,No,No,1,Yes,Yes,Fiber optic,Yes,Yes,No,No,Yes,No,Month-to-month,Yes,Bank transfer (automatic),86.61,57.86,1,8.8,1,0,0.931,Critical Risk
Female,0,No,Yes,7,Yes,No,DSL,No,Yes,Yes,Yes,No,Yes,One year,No,Credit card (automatic),56.71,419.1,1,11.4,1,0,0.247,Watch
Female,1,No,Yes,25,Yes,No,Fiber optic,Yes,Yes,Yes,Yes,Yes,No,Two year,No,Electronic check,87.99,2154.62,2,6.4,0,0,0.311,Watch
Male,0,No,No,36,Yes,Yes,No,No,No,No,No,No,No,Two year,No,Bank transfer (automatic),18.0,656.08,2,23.8,1,0,0.078,Healthy
Male,0,No,No,46,Yes,Yes,DSL,Yes,Yes,No,Yes,No,No,Month-to-month,No,Mailed check,64.61,2950.94,1,12.3,0,0,0.328,Watch
Female,1,Yes,Yes,38,Yes,No,Fiber optic,Yes,No,No,No,Yes,No,Two year,No,Bank transfer (automatic),80.63,3057.7,2,16.4,1,1,0.294,Watch
Female,0,Yes,Yes,26,No,No,Fiber optic,Yes,No,No,No,No,Yes,One year,Yes,Credit card (automatic),74.91,1938.41,1,7.9,0,0,0.448,High Risk
Female,1,No,Yes,53,Yes,No,DSL,Yes,No,No,Yes,No,No,Month-to-month,No,Bank transfer (automatic),56.81,3015.29,1,11.2,1,0,0.434,High Risk
Male,0,Yes,No,62,Yes,No,No,No,No,No,No,No,No,Month-to-month,No,Credit card (automatic),21.5,1335.97,0,13.6,1,0,0.19,Healthy
Female,0,Yes,Yes,16,Yes,No,Fiber optic,No,No,No,No,No,Yes,Two year,Yes,Mailed check,68.09,1116.39,2,9.3,0,0,0.363,Watch
Male,1,Yes,No,19,Yes,No,Fiber optic,Yes,No,No,Yes,No,No,Month-to-month,Yes,Electronic check,74.64,1392.93,1,17.6,0,0,0.776,Critical Risk
Female,0,Yes,No,67,Yes,No,No,No,No,No,No,No,No,Month-to-month,Yes,Electronic check,18.0,1207.02,1,9.8,0,0,0.249,Watch
Male,0,No,No,70,Yes,No,DSL,Yes,Yes,Yes,Yes,No,Yes,Month-to-month,No,Bank transfer (automatic),69.17,4846.16,2,10.5,0,0,0.224,Watch
Male,0,Yes,No,22,Yes,Yes,Fiber optic,No,No,No,Yes,No,Yes,Month-to-month,No,Mailed check,81.23,1779.45,1,21.1,0,1,0.681,High Risk
Male,0,No,Yes,37,Yes,Yes,Fiber optic,No,Yes,No,No,Yes,Yes,Month-to-month,No,Mailed check,82.9,3068.36,1,21.8,0,0,0.624,High Risk
Male,0,No,No,42,No,No,Fiber optic,Yes,No,No,Yes,Yes,No,Month-to-month,No,Bank transfer (automatic),78.69,3299.66,2,23.1,1,1,0.657,High Risk
Female,0,Yes,No,46,Yes,Yes,Fiber optic,Yes,No,No,No,No,No,Two year,Yes,Bank transfer (automatic),69.7,3236.97,1,23.0,1,0,0.153,Healthy
Male,0,Yes,No,63,Yes,No,Fiber optic,No,No,Yes,Yes,Yes,No,Month-to-month,Yes,Bank transfer (automatic),75.74,4786.96,0,11.2,1,0,0.416,High Risk
Male,0,Yes,No,7,Yes,No,DSL,Yes,No,No,Yes,Yes,Yes,Two year,Yes,Electronic check,67.26,481.55,0,16.1,0,0,0.219,Watch
Male,0,No,No,38,No,No,DSL,No,No,No,No,Yes,Yes,Two year,Yes,Credit card (automatic),49.84,1938.59,1,11.4,1,0,0.084,Healthy
Female,0,Yes,Yes,15,Yes,Yes,No,No,No,No,No,No,No,Month-to-month,No,Mailed check,18.0,266.27,0,18.2,1,0,0.542,High Risk
Female,0,No,No,55,No,No,DSL,Yes,Yes,No,No,No,No,One year,No,Bank transfer (automatic),46.96,2598.07,0,24.6,1,0,0.101,Healthy
Female,0,Yes,No,43,Yes,No,No,No,No,No,No,No,No,One year,Yes,Mailed check,18.0,760.28,1,18.2,0,0,0.088,Healthy
Female,0,Yes,No,54,Yes,Yes,DSL,No,No,Yes,No,No,No,Month-to-month,Yes,Electronic check,42.99,2320.34,1,23.0,1,1,0.458,High Risk
Female,0,Yes,Yes,66,Yes,Yes,No,No,No,No,No,No,No,Month-to-month,Yes,Mailed check,22.49,1477.68,0,9.0,0,0,0.167,Healthy
Female,0,Yes,Yes,57,Yes,Yes,No,No,No,No,No,No,No,One year,No,Electronic check,18.0,1027.26,3,11.8,0,0,0.162,Healthy
Male,0,Yes,Yes,62,Yes,Yes,DSL,Yes,No,No,Yes,No,Yes,Month-to-month,Yes,Electronic check,51.12,3184.24,3,19.4,0,0,0.378,Watch
Female,0,No,No,59,Yes,Yes,Fiber optic,Yes,No,Yes,Yes,Yes,Yes,Month-to-month,Yes,Electronic check,91.09,5373.55,2,16.4,0,1,0.628,High Risk
Female,0,Yes,No,45,Yes,Yes,Fiber optic,No,Yes,Yes,Yes,No,No,Month-to-month,No,Mailed check,85.45,3851.81,0,4.1,1,1,0.535,High Risk
Female,1,No,No,28,Yes,No,Fiber optic,No,No,No,Yes,Yes,No,One year,No,Electronic check,75.06,2088.7,0,23.8,0,0,0.319,Watch
Male,1,No,Yes,24,Yes,No,No,No,No,No,No,No,No,Month-to-month,Yes,Credit card (automatic),21.65,496.46,3,12.4,2,0,0.655,High Risk
Female,0,No,Yes,26,Yes,No,DSL,Yes,No,No,No,Yes,Yes,Two year,Yes,Electronic check,53.27,1381.22,1,8.4,1,0,0.298,Watch
Male,1,No,Yes,44,Yes,No,No,No,No,No,No,No,No,Month-to-month,Yes,Credit card (automatic),20.66,893.74,1,9.6,1,0,0.294,Watch
Male,1,Yes,Yes,58,Yes,No,Fiber optic,Yes,Yes,Yes,No,Yes,Yes,One year,No,Mailed check,99.56,5794.52,0,14.8,0,0,0.2,Watch
Female,0,No,No,26,Yes,Yes,DSL,Yes,No,No,Yes,No,No,Month-to-month,Yes,Bank transfer (automatic),47.95,1252.28,0,11.9,0,0,0.48,High Risk
Male,0,Yes,Yes,42,Yes,Yes,Fiber optic,No,No,Yes,No,Yes,No,One year,Yes,Credit card (automatic),73.72,3089.75,0,20.2,0,0,0.164,Healthy
Male,0,No,No,30,Yes,No,DSL,No,No,Yes,Yes,Yes,No,Two year,Yes,Bank transfer (automatic),57.34,1723.24,2,18.3,0,0,0.1,Healthy
Female,0,Yes,No,44,Yes,No,Fiber optic,Yes,Yes,Yes,Yes,No,No,Month-to-month,No,Mailed check,91.42,4021.88,1,11.8,0,0,0.541,High Risk
Male,0,No,No,59,Yes,Yes,DSL,Yes,No,No,No,No,Yes,Month-to-month,Yes,Bank transfer (automatic),52.46,3071.07,1,10.8,0,0,0.378,Watch
Female,0,No,No,30,Yes,Yes,No,No,No,No,No,No,No,One year,Yes,Credit card (automatic),20.02,595.5,0,27.5,0,0,0.085,Healthy
Male,0,No,No,28,Yes,Yes,Fiber optic,Yes,Yes,No,No,Yes,Yes,Two year,Yes,Electronic check,84.81,2371.4,1,15.0,2,0,0.504,High Risk
Male,1,Yes,No,14,Yes,Yes,Fiber optic,No,Yes,No,No,No,Yes,Month-to-month,No,Mailed check,69.81,992.82,1,22.2,0,0,0.695,High Risk
Female,0,No,Yes,36,No,No,No,No,No,No,No,No,No,One year,No,Mailed check,18.0,616.25,2,18.1,0,0,0.132,Healthy
Female,0,No,No,33,Yes,Yes,No,No,No,No,No,No,No,Month-to-month,Yes,Credit card (automatic),20.65,672.73,0,19.6,0,0,0.273,Watch
Male,0,No,Yes,11,Yes,No,Fiber optic,Yes,Yes,Yes,No,No,Yes,Two year,Yes,Electronic check,86.84,977.09,2,7.9,2,0,0.658,High Risk
Female,0,Yes,No,70,Yes,No,DSL,No,No,No,Yes,No,Yes,Two year,No,Bank transfer (automatic),52.49,3667.28,1,12.3,1,0,0.03,Healthy
Female,1,Yes,No,62,No,No,No,No,No,No,No,No,No,Two year,No,Electronic check,18.45,1161.14,1,17.7,2,0,0.051,Healthy
Male,0,Yes,No,21,Yes,No,DSL,No,Yes,No,Yes,No,No,Month-to-month,No,Bank transfer (automatic),54.48,1152.79,1,6.2,0,1,0.541,High Risk
Female,0,No,Yes,68,Yes,Yes,Fiber optic,No,Yes,Yes,No,Yes,No,Month-to-month,Yes,Electronic check,75.19,5128.8,0,11.5,3,0,0.654,High Risk
Male,0,Yes,Yes,19,Yes,No,No,No,No,No,No,No,No,Month-to-month,Yes,Credit card (automatic),18.0,336.87,1,13.4,1,0,0.533,High Risk
Female,0,No,Yes,30,Yes,Yes,DSL,No,Yes,No,Yes,No,No,Month-to-month,Yes,Electronic check,45.99,1350.67,1,9.3,0,0,0.51,High Risk
Female,0,No,No,9,Yes,Yes,DSL,No,No,Yes,Yes,Yes,Yes,Month-to-month,Yes,Credit card (automatic),66.96,599.37,2,5.7,0,0,0.653,High Risk
Female,0,No,No,44,Yes,Yes,Fiber optic,Yes,No,Yes,No,Yes,No,Month-to-month,No,Mailed check,84.57,3731.21,0,20.0,1,0,0.635,High Risk
Female,0,No,No,35,No,No,Fiber optic,No,No,No,No,Yes,Yes,Month-to-month,No,Credit card (automatic),71.2,2514.59,2,15.0,0,0,0.644,High Risk
Male,0,No,No,19,Yes,Yes,Fiber optic,No,Yes,No,Yes,Yes,No,Month-to-month,Yes,Electronic check,78.85,1480.7,1,27.1,0,1,0.731,Critical Risk
Male,0,No,Yes,21,Yes,No,No,No,No,No,No,No,No,Month-to-month,Yes,Credit card (automatic),18.74,386.97,0,17.5,0,0,0.351,Watch
Male,0,Yes,No,68,Yes,No,No,No,No,No,No,No,No,Month-to-month,Yes,Mailed check,24.26,1642.08,1,16.1,0,0,0.179,Healthy
Female,0,No,No,50,Yes,No,No,No,No,No,No,No,No,Month-to-month,No,Electronic check,19.39,1002.58,1,13.2,0,0,0.414,High Risk
Female,0,No,No,11,Yes,No,DSL,No,No,No,Yes,Yes,No,One year,Yes,Credit card (automatic),51.25,561.08,1,11.3,1,0,0.293,Watch
Male,0,Yes,No,9,Yes,No,Fiber optic,No,Yes,No,Yes,Yes,Yes,One year,Yes,Electronic check,91.09,825.78,1,23.1,0,0,0.554,High Risk
Female,0,No,No,5,Yes,No,No,No,No,No,No,No,No,Month-to-month,No,Electronic check,20.8,107.99,1,17.7,0,0,0.691,High Risk
Female,1,No,Yes,18,Yes,Yes,DSL,Yes,No,No,Yes,No,No,Month-to-month,Yes,Electronic check,53.7,922.17,2,14.8,0,0,0.688,High Risk
Female,0,No,No,53,No,No,Fiber optic,No,No,No,Yes,Yes,Yes,Two year,Yes,Mailed check,81.47,4323.62,1,17.7,0,0,0.093,Healthy
Male,0,No,No,4,Yes,Yes,DSL,No,No,Yes,No,No,Yes,Month-to-month,No,Bank transfer (automatic),47.8,188.4,2,16.8,0,0,0.704,Critical Risk
Female,0,No,No,18,Yes,No,DSL,Yes,Yes,No,No,No,Yes,Two year,No,Electronic check,56.24,991.18,0,13.0,1,0,0.228,Watch
Female,0,Yes,Yes,3,Yes,No,DSL,Yes,No,Yes,Yes,Yes,No,Month-to-month,No,Bank transfer (automatic),61.34,226.96,1,12.7,1,1,0.768,Critical Risk
Male,0,Yes,No,47,Yes,Yes,Fiber optic,No,Yes,Yes,Yes,No,Yes,Month-to-month,No,Credit card (automatic),88.35,4182.21,1,9.8,0,0,0.379,Watch
Male,0,Yes,No,59,Yes,No,Fiber optic,No,No,No,Yes,Yes,No,Two year,No,Mailed check,73.78,4359.2,0,15.8,0,0,0.055,Healthy
Male,0,No,Yes,38,Yes,Yes,DSL,No,Yes,Yes,No,No,Yes,One year,No,Credit card (automatic),55.77,2122.35,0,14.7,1,0,0.117,Healthy
Male,0,Yes,No,66,No,No,Fiber optic,No,No,No,No,No,Yes,One year,No,Electronic check,66.78,4437.89,3,0.0,0,0,0.331,Watch
Female,0,No,No,50,Yes,Yes,DSL,No,Yes,No,Yes,Yes,No,One year,No,Bank transfer (automatic),55.16,2780.53,3,9.4,1,0,0.23,Watch
Female,0,No,No,55,Yes,No,DSL,No,Yes,No,Yes,Yes,No,Two year,Yes,Bank transfer (automatic),58.43,3207.74,0,23.2,4,0,0.108,Healthy
Female,0,No,Yes,22,No,No,No,No,No,No,No,No,No,Month-to-month,Yes,Mailed check,18.0,398.79,2,9.1,2,0,0.698,High Risk
Male,0,Yes,No,63,Yes,No,Fiber optic,Yes,Yes,No,Yes,Yes,No,Month-to-month,Yes,Electronic check,92.99,5871.41,1,20.0,0,0,0.551,High Risk
Female,0,Yes,No,46,Yes,No,Fiber optic,Yes,Yes,No,No,No,Yes,Month-to-month,Yes,Mailed check,82.12,3763.99,0,9.6,1,1,0.639,High Risk
Male,0,Yes,No,6,Yes,No,DSL,Yes,No,No,Yes,No,No,One year,Yes,Electronic check,53.17,369.98,2,21.3,0,0,0.452,High Risk
Female,0,Yes,No,6,Yes,No,DSL,No,No,No,No,No,Yes,Month-to-month,Yes,Electronic check,42.85,273.81,2,13.7,1,1,0.848,Critical Risk
Male,1,Yes,No,65,Yes,Yes,No,No,No,No,No,No,No,One year,No,Mailed check,18.0,1161.1,4,15.4,2,0,0.144,Healthy
Male,0,Yes,No,20,Yes,Yes,DSL,No,No,No,No,Yes,No,Month-to-month,No,Bank transfer (automatic),43.24,956.5,0,21.1,1,0,0.586,High Risk
Female,0,Yes,No,34,Yes,No,DSL,No,No,No,No,Yes,Yes,Month-to-month,Yes,Credit card (automatic),46.42,1568.64,2,9.5,0,1,0.503,High Risk
Male,0,No,No,55,Yes,Yes,Fiber optic,No,No,Yes,Yes,No,No,Month-to-month,Yes,Electronic check,73.3,4052.53,1,20.0,1,1,0.597,High Risk
Female,0,Yes,No,56,Yes,Yes,Fiber optic,No,No,No,Yes,Yes,No,Two year,No,Credit card (automatic),76.37,4267.23,1,12.8,0,0,0.068,Healthy
Female,0,Yes,Yes,1,Yes,No,No,No,No,No,No,No,No,One year,Yes,Bank transfer (automatic),18.0,8.94,1,21.1,0,0,0.296,Watch
Female,0,No,No,44,Yes,No,No,No,No,No,No,No,No,Month-to-month,Yes,Bank transfer (automatic),18.44,820.33,3,6.4,0,1,0.443,High Risk
Female,0,No,Yes,66,Yes,Yes,DSL,Yes,No,Yes,Yes,Yes,No,One year,No,Electronic check,66.1,4365.45,0,18.5,0,0,0.076,Healthy
Male,0,No,No,25,Yes,No,DSL,No,No,Yes,No,No,Yes,Month-to-month,Yes,Credit card (automatic),56.5,1413.76,0,12.7,0,0,0.508,High Risk
Female,0,No,Yes,39,Yes,No,Fiber optic,No,No,No,No,No,Yes,Two year,No,Bank transfer (automatic),65.52,2560.26,0,12.1,1,0,0.161,Healthy
Male,0,Yes,No,19,Yes,Yes,DSL,No,Yes,No,No,No,No,Month-to-month,Yes,Electronic check,48.78,945.73,3,17.4,1,1,0.821,Critical Risk
Female,1,No,No,52,Yes,Yes,Fiber optic,No,Yes,Yes,No,Yes,No,Month-to-month,Yes,Mailed check,82.51,4315.89,2,6.0,0,1,0.631,High Risk
Male,0,No,No,8,No,No,Fiber optic,No,No,No,Yes,No,No,Month-to-month,No,Mailed check,68.11,611.34,1,12.9,0,0,0.743,Critical Risk
Male,0,No,No,37,Yes,Yes,No,No,No,No,No,No,No,Two year,No,Credit card (automatic),19.49,744.84,0,21.6,0,0,0.027,Healthy
Female,0,No,Yes,30,Yes,Yes,No,No,No,No,No,No,No,Two year,Yes,Credit card (automatic),18.0,535.36,2,15.0,2,1,0.127,Healthy
Male,0,Yes,No,46,Yes,Yes,DSL,No,Yes,No,No,No,Yes,Month-to-month,Yes,Bank transfer (automatic),41.27,1885.7,0,13.4,0,0,0.23,Watch
Female,0,No,No,36,Yes,No,DSL,Yes,Yes,Yes,Yes,Yes,No,Month-to-month,Yes,Mailed check,60.29,2188.68,0,23.2,1,0,0.351,Watch
Female,0,No,No,71,Yes,Yes,No,No,No,No,No,No,No,One year,Yes,Mailed check,20.13,1424.69,0,12.0,1,0,0.047,Healthy
Female,0,No,No,71,Yes,Yes,DSL,Yes,No,Yes,Yes,No,Yes,Month-to-month,Yes,Electronic check,57.37,4058.05,1,18.2,2,0,0.328,Watch
Female,0,Yes,No,20,Yes,No,DSL,Yes,Yes,No,Yes,Yes,Yes,Month-to-month,Yes,Bank transfer (automatic),75.32,1481.24,0,15.9,2,0,0.728,Critical Risk
Female,0,Yes,Yes,2,Yes,No,DSL,Yes,No,No,No,No,Yes,Month-to-month,No,Mailed check,54.64,105.37,1,22.8,0,0,0.738,Critical Risk
Male,0,Yes,Yes,35,Yes,No,DSL,No,No,No,Yes,Yes,No,One year,No,Mailed check,50.65,1742.72,1,18.8,0,0,0.136,Healthy
Male,0,Yes,No,43,Yes,Yes,DSL,Yes,Yes,No,Yes,Yes,No,Two year,No,Electronic check,59.14,2556.11,0,15.9,0,0,0.049,Healthy
Male,0,Yes,No,54,Yes,Yes,DSL,No,Yes,Yes,No,No,Yes,Month-to-month,Yes,Electronic check,60.9,3264.52,2,5.0,0,1,0.55,High Risk
Female,0,No,No,38,Yes,Yes,DSL,No,Yes,No,Yes,No,No,Month-to-month,No,Electronic check,52.33,2005.96,0,14.0,0,0,0.366,Watch
Male,0,Yes,No,42,Yes,Yes,No,No,No,No,No,No,No,Month-to-month,Yes,Mailed check,20.7,896.68,2,24.9,0,0,0.312,Watch
Male,1,Yes,No,1,Yes,No,DSL,No,No,Yes,No,Yes,No,Month-to-month,No,Mailed check,52.49,49.11,2,24.5,1,1,0.753,Critical Risk
Male,0,Yes,No,55,Yes,Yes,No,No,No,No,No,No,No,Month-to-month,No,Credit card (automatic),23.23,1238.16,0,11.4,0,0,0.195,Healthy
Male,0,No,No,24,Yes,No,Fiber optic,Yes,No,No,Yes,No,No,Month-to-month,Yes,Bank transfer (automatic),75.66,1852.62,2,15.2,0,1,0.762,Critical Risk
Male,0,No,Yes,28,Yes,Yes,Fiber optic,No,Yes,No,Yes,No,No,Month-to-month,No,Bank transfer (automatic),73.95,2071.56,0,5.5,0,1,0.63,High Risk
Male,0,No,No,30,Yes,Yes,No,No,No,No,No,No,No,Month-to-month,Yes,Electronic check,18.0,557.01,3,18.4,0,1,0.621,High Risk
Male,0,No,No,5,Yes,Yes,Fiber optic,Yes,Yes,Yes,No,Yes,Yes,Two year,No,Mailed check,96.82,458.88,1,7.8,0,0,0.422,High Risk
Male,1,No,Yes,36,Yes,Yes,DSL,No,No,No,No,Yes,No,Month-to-month,No,Credit card (automatic),43.25,1588.31,0,13.6,0,0,0.289,Watch
Male,0,No,No,27,Yes,Yes,Fiber optic,Yes,No,No,Yes,Yes,No,Two year,Yes,Mailed check,77.89,2059.44,2,19.2,1,0,0.3,Watch
Male,0,No,No,17,No,No,DSL,Yes,No,Yes,Yes,No,Yes,Two year,Yes,Mailed check,59.81,986.72,0,12.0,0,0,0.09,Healthy
Female,0,Yes,No,17,Yes,No,DSL,No,No,No,No,No,Yes,Month-to-month,Yes,Electronic check,39.68,702.24,1,15.0,2,0,0.814,Critical Risk
Male,0,No,Yes,2,Yes,Yes,No,No,No,No,No,No,No,Two year,Yes,Electronic check,18.22,14.07,2,21.1,1,0,0.279,Watch
Male,0,Yes,Yes,64,Yes,Yes,No,No,No,No,No,No,No,Month-to-month,No,Bank transfer (automatic),18.36,1193.14,1,21.3,0,0,0.165,Healthy
Male,0,No,No,21,Yes,Yes,Fiber optic,Yes,No,Yes,No,Yes,Yes,One year,Yes,Credit card (automatic),85.32,1804.18,1,11.1,2,1,0.616,High Risk
Female,0,Yes,Yes,63,Yes,Yes,Fiber optic,No,No,Yes,No,No,No,Two year,Yes,Bank transfer (automatic),73.56,4649.72,0,7.6,0,0,0.077,Healthy
Female,0,Yes,Yes,61,Yes,No,Fiber optic,Yes,Yes,No,No,Yes,No,One year,Yes,Credit card (automatic),78.48,4812.48,2,12.7,0,0,0.216,Watch
Female,0,Yes,No,33,Yes,Yes,DSL,No,No,Yes,Yes,No,No,Month-to-month,Yes,Credit card (automatic),52.11,1698.34,3,10.2,0,0,0.471,High Risk
Male,0,No,Yes,58,Yes,No,DSL,No,No,No,Yes,No,Yes,One year,Yes,Bank transfer (automatic),49.02,2878.86,1,5.1,2,0,0.176,Healthy
Male,0,No,No,15,Yes,No,Fiber optic,No,Yes,Yes,Yes,No,Yes,Month-to-month,Yes,Mailed check,84.9,1271.26,0,20.1,0,0,0.649,High Risk
Male,0,Yes,No,13,Yes,Yes,DSL,Yes,No,No,No,Yes,No,Month-to-month,No,Mailed check,51.11,680.05,0,5.8,1,0,0.762,Critical Risk
Female,0,No,Yes,65,Yes,Yes,DSL,No,Yes,Yes,No,Yes,No,Month-to-month,Yes,Credit card (automatic),52.23,3432.07,1,14.6,3,0,0.369,Watch
Female,0,Yes,No,47,Yes,No,Fiber optic,Yes,Yes,No,No,No,No,Month-to-month,Yes,Mailed check,75.33,3543.32,1,14.9,0,0,0.558,High Risk
Female,0,No,Yes,50,Yes,No,Fiber optic,No,No,No,No,No,Yes,One year,No,Mailed check,71.2,3611.5,1,7.6,0,0,0.324,Watch
Female,0,Yes,Yes,67,Yes,Yes,DSL,Yes,Yes,Yes,No,Yes,Yes,One year,No,Credit card (automatic),70.46,4680.79,0,13.8,0,0,0.052,Healthy
Female,0,Yes,No,1,No,No,No,No,No,No,No,No,No,Two year,Yes,Electronic check,18.0,55.41,0,19.2,0,0,0.161,Healthy
Female,0,No,No,12,Yes,No,Fiber optic,Yes,No,Yes,No,Yes,Yes,One year,No,Mailed check,92.46,1100.76,2,15.3,0,0,0.642,High Risk
Female,0,No,No,70,Yes,No,Fiber optic,No,No,Yes,Yes,No,No,Two year,No,Electronic check,74.79,5211.42,0,9.4,2,0,0.095,Healthy
Male,0,No,No,9,No,No,DSL,No,No,Yes,Yes,Yes,Yes,Month-to-month,Yes,Electronic check,62.09,616.02,0,19.8,0,0,0.595,High Risk
Male,0,No,No,32,Yes,Yes,Fiber optic,No,Yes,Yes,Yes,Yes,Yes,Month-to-month,Yes,Credit card (automatic),84.35,2673.95,0,13.0,0,0,0.453,High Risk
Female,0,No,No,1,Yes,No,Fiber optic,No,Yes,No,No,Yes,Yes,Month-to-month,Yes,Electronic check,77.86,58.43,2,18.2,1,0,0.932,Critical Risk
Male,1,Yes,No,23,Yes,Yes,Fiber optic,Yes,Yes,No,Yes,Yes,No,Month-to-month,No,Credit card (automatic),88.23,2050.02,0,16.4,1,1,0.624,High Risk
Male,1,Yes,No,12,Yes,Yes,Fiber optic,No,Yes,Yes,Yes,No,Yes,One year,No,Mailed check,87.45,1068.34,3,15.6,0,0,0.429,High Risk
Female,0,No,No,18,Yes,Yes,DSL,Yes,Yes,No,Yes,Yes,No,Month-to-month,Yes,Mailed check,63.77,1143.62,0,12.3,1,0,0.618,High Risk
Male,0,Yes,Yes,59,Yes,No,DSL,No,No,Yes,No,Yes,Yes,Two year,Yes,Credit card (automatic),54.69,3202.06,0,11.5,1,0,0.04,Healthy
Female,0,No,No,20,Yes,Yes,No,No,No,No,No,No,No,Month-to-month,Yes,Mailed check,21.0,414.63,0,12.2,0,0,0.454,High Risk
Female,1,Yes,No,59,Yes,Yes,DSL,Yes,No,No,Yes,No,No,Two year,No,Electronic check,54.97,3237.09,1,10.4,1,0,0.069,Healthy
Male,0,No,Yes,65,Yes,No,Fiber optic,Yes,No,No,Yes,Yes,Yes,One year,Yes,Bank transfer (automatic),89.89,5819.93,0,26.3,0,0,0.127,Healthy
Female,0,Yes,No,39,No,No,No,No,No,No,No,No,No,Two year,Yes,Mailed check,18.0,691.25,2,14.8,0,0,0.055,Healthy
Female,0,No,No,39,No,No,DSL,Yes,No,Yes,No,Yes,No,Month-to-month,No,Mailed check,60.15,2371.55,1,9.9,0,0,0.494,High Risk
Female,0,No,Yes,24,Yes,Yes,No,No,No,No,No,No,No,Month-to-month,No,Credit card (automatic),21.69,534.02,3,17.2,0,0,0.488,High Risk
Male,0,Yes,No,48,Yes,No,No,No,No,No,No,No,No,One year,Yes,Bank transfer (automatic),18.0,880.14,0,22.2,1,0,0.077,Healthy
Female,0,Yes,No,58,Yes,Yes,Fiber optic,No,No,Yes,Yes,Yes,Yes,Two year,No,Mailed check,87.15,5045.48,3,9.9,1,0,0.168,Healthy
Female,0,Yes,No,63,No,No,Fiber optic,Yes,Yes,Yes,Yes,Yes,Yes,Month-to-month,Yes,Electronic check,103.67,6512.13,1,18.0,0,0,0.533,High Risk
Female,0,Yes,No,14,Yes,No,No,No,No,No,No,No,No,One year,No,Electronic check,20.17,316.1,3,14.8,0,0,0.447,High Risk
Male,1,Yes,No,50,Yes,Yes,DSL,No,No,No,Yes,No,No,Month-to-month,Yes,Electronic check,44.27,2199.99,4,2.3,0,0,0.59,High Risk
Male,0,No,No,10,Yes,No,Fiber optic,No,No,No,Yes,No,Yes,Month-to-month,Yes,Credit card (automatic),75.32,728.87,0,6.5,0,0,0.692,High Risk
Female,0,Yes,No,35,Yes,No,DSL,Yes,No,No,No,Yes,No,One year,No,Electronic check,54.46,1912.98,1,10.1,0,1,0.343,Watch
Male,0,Yes,Yes,6,Yes,No,No,No,No,No,No,No,No,Month-to-month,No,Credit card (automatic),18.74,112.09,1,10.5,1,0,0.626,High Risk
Male,0,Yes,Yes,40,Yes,No,Fiber optic,No,Yes,No,Yes,Yes,No,Month-to-month,Yes,Bank transfer (automatic),82.08,3269.7,2,8.6,0,1,0.655,High Risk
Male,1,Yes,No,62,No,No,Fiber optic,No,Yes,Yes,No,No,No,Month-to-month,Yes,Mailed check,74.63,4605.38,0,12.9,1,0,0.393,Watch
Male,0,Yes,No,59,No,No,DSL,No,No,No,No,No,No,Month-to-month,No,Credit card (automatic),38.0,2219.27,0,19.4,0,0,0.164,Healthy
Male,0,No,No,52,Yes,Yes,DSL,No,No,Yes,Yes,Yes,No,Month-to-month,No,Electronic check,53.09,2768.26,2,9.2,0,0,0.449,High Risk
Male,1,No,Yes,42,Yes,Yes,No,No,No,No,No,No,No,Month-to-month,No,Electronic check,21.46,883.89,3,20.6,3,1,0.687,High Risk
Female,0,No,Yes,45,Yes,Yes,Fiber optic,No,No,Yes,No,No,No,Month-to-month,No,Electronic check,70.95,3220.79,0,20.6,0,0,0.55,High Risk
Male,0,Yes,Yes,7,Yes,Yes,Fiber optic,No,No,No,Yes,No,Yes,Month-to-month,Yes,Credit card (automatic),75.1,544.57,0,13.0,0,1,0.685,High Risk
Male,0,No,No,53,Yes,No,Fiber optic,Yes,No,No,Yes,No,No,Month-to-month,Yes,Bank transfer (automatic),75.54,4007.76,1,13.6,0,0,0.566,High Risk
Male,0,No,Yes,49,Yes,No,DSL,No,No,No,Yes,No,No,Month-to-month,Yes,Mailed check,44.7,2192.3,3,19.2,0,0,0.424,High Risk
Female,0,No,No,10,Yes,Yes,DSL,Yes,No,Yes,No,Yes,Yes,Month-to-month,Yes,Bank transfer (automatic),56.98,600.38,1,8.8,0,1,0.697,High Risk
Male,0,No,No,46,Yes,No,DSL,Yes,Yes,Yes,No,Yes,Yes,Month-to-month,No,Mailed check,71.95,3338.35,1,4.9,0,0,0.444,High Risk
Female,1,Yes,No,28,Yes,No,No,No,No,No,No,No,No,Month-to-month,Yes,Mailed check,18.0,532.37,0,3.4,0,0,0.407,High Risk
Female,0,No,No,37,Yes,No,DSL,Yes,Yes,No,No,No,No,Month-to-month,Yes,Credit card (automatic),49.68,1860.32,1,14.3,0,0,0.395,Watch
Female,0,No,Yes,59,Yes,Yes,Fiber optic,Yes,No,No,No,Yes,Yes,Month-to-month,Yes,Bank transfer (automatic),81.4,4797.27,1,8.3,2,0,0.771,Critical Risk
Female,0,No,No,23,Yes,No,No,No,No,No,No,No,No,One year,Yes,Bank transfer (automatic),18.0,454.69,1,0.0,1,0,0.302,Watch
Male,0,No,No,66,Yes,Yes,No,No,No,No,No,No,No,Month-to-month,Yes,Bank transfer (automatic),18.0,1190.56,2,23.3,0,0,0.184,Healthy
Female,1,No,Yes,30,Yes,Yes,Fiber optic,No,Yes,No,Yes,Yes,No,Month-to-month,Yes,Electronic check,81.06,2433.26,1,27.3,1,0,0.722,Critical Risk
Male,0,Yes,No,37,Yes,Yes,Fiber optic,No,Yes,Yes,No,No,Yes,Two year,No,Credit card (automatic),75.47,2784.98,1,10.9,1,0,0.134,Healthy
Female,0,No,No,2,Yes,No,No,No,No,No,No,No,No,Month-to-month,No,Electronic check,20.61,27.93,1,29.9,0,0,0.665,High Risk
Female,0,No,Yes,8,Yes,No,No,No,No,No,No,No,No,Month-to-month,Yes,Electronic check,22.67,184.46,2,14.6,0,0,0.748,Critical Risk
Female,0,No,No,20,Yes,No,No,No,No,No,No,No,No,One year,Yes,Mailed check,18.0,345.6,1,19.8,0,0,0.182,Healthy
Female,1,No,Yes,71,Yes,Yes,Fiber optic,No,No,No,No,No,No,Month-to-month,No,Credit card (automatic),64.86,4595.18,1,17.2,0,0,0.243,Watch
Male,0,Yes,Yes,18,No,No,Fiber optic,No,Yes,Yes,No,Yes,No,Month-to-month,No,Bank transfer (automatic),76.8,1409.62,0,13.5,2,0,0.827,Critical Risk
Female,0,Yes,Yes,28,Yes,Yes,Fiber optic,Yes,Yes,Yes,No,No,No,One year,No,Mailed check,84.5,2378.64,0,8.0,0,0,0.411,High Risk
Female,0,Yes,No,62,Yes,No,No,No,No,No,No,No,No,Two year,Yes,Electronic check,18.0,1127.59,3,14.8,1,0,0.081,Healthy
Female,0,No,No,23,Yes,Yes,Fiber optic,Yes,No,No,No,Yes,No,Two year,Yes,Electronic check,77.6,1755.98,5,5.1,1,1,0.725,Critical Risk
Male,0,No,No,59,No,No,DSL,Yes,Yes,No,Yes,No,No,Month-to-month,Yes,Electronic check,54.26,3249.89,3,3.0,0,1,0.472,High Risk
Female,0,No,No,8,Yes,Yes,Fiber optic,No,No,No,Yes,Yes,Yes,Two year,Yes,Electronic check,79.4,621.2,1,7.9,0,0,0.381,Watch
Male,0,No,No,9,Yes,No,Fiber optic,No,Yes,Yes,Yes,No,Yes,Month-to-month,No,Mailed check,89.68,804.87,1,16.8,1,1,0.801,Critical Risk
Male,0,No,No,0,Yes,Yes,DSL,Yes,Yes,Yes,Yes,Yes,No,Month-to-month,Yes,Electronic check,61.94,2.08,2,13.7,2,1,0.866,Critical Risk
Male,0,Yes,No,9,No,No,DSL,Yes,No,Yes,Yes,No,No,Month-to-month,Yes,Credit card (automatic),58.87,536.98,2,8.5,0,0,0.622,High Risk
Female,0,No,No,44,Yes,No,DSL,Yes,Yes,No,No,No,Yes,Month-to-month,Yes,Electronic check,53.5,2356.61,3,17.4,0,0,0.576,High Risk
Male,0,No,No,6,Yes,Yes,Fiber optic,No,No,Yes,No,No,Yes,Month-to-month,Yes,Credit card (automatic),74.61,438.85,1,17.9,0,0,0.764,Critical Risk
Male,0,No,No,44,No,No,DSL,No,No,Yes,No,Yes,Yes,One year,Yes,Credit card (automatic),56.8,2483.42,2,7.7,0,1,0.139,Healthy
Male,0,No,Yes,43,Yes,Yes,Fiber optic,Yes,No,No,No,No,Yes,Month-to-month,No,Electronic check,72.74,3118.02,2,10.1,2,0,0.862,Critical Risk
Female,0,No,No,17,Yes,Yes,No,No,No,No,No,No,No,One year,Yes,Electronic check,21.01,304.96,0,14.4,1,1,0.335,Watch
Male,0,Yes,Yes,2,No,No,DSL,Yes,No,Yes,Yes,No,Yes,Two year,Yes,Bank transfer (automatic),54.56,141.04,1,13.3,0,0,0.149,Healthy
Female,0,No,No,11,Yes,Yes,DSL,Yes,No,Yes,Yes,Yes,Yes,Month-to-month,No,Credit card (automatic),62.57,738.56,0,6.8,2,0,0.647,High Risk
Female,1,No,No,10,Yes,No,DSL,Yes,Yes,Yes,Yes,No,No,Month-to-month,No,Mailed check,59.15,628.7,3,15.4,2,0,0.755,Critical Risk
Female,0,Yes,Yes,38,Yes,Yes,No,No,No,No,No,No,No,Month-to-month,Yes,Mailed check,18.0,701.2,0,13.0,0,0,0.289,Watch
Female,0,Yes,No,67,Yes,Yes,DSL,Yes,Yes,No,No,Yes,Yes,Month-to-month,Yes,Electronic check,62.3,4189.51,1,14.0,1,0,0.436,High Risk
Male,1,Yes,No,31,Yes,Yes,DSL,Yes,No,Yes,Yes,No,No,Month-to-month,Yes,Bank transfer (automatic),52.28,1627.62,1,3.0,1,1,0.536,High Risk
Male,0,Yes,No,46,Yes,Yes,DSL,No,Yes,No,Yes,No,Yes,Month-to-month,Yes,Electronic check,59.7,2752.22,2,18.5,1,0,0.481,High Risk
Male,0,No,No,22,Yes,Yes,DSL,Yes,No,Yes,No,Yes,No,One year,Yes,Electronic check,56.56,1238.87,1,15.2,0,1,0.368,Watch
Female,0,Yes,No,6,Yes,No,Fiber optic,No,No,Yes,Yes,No,Yes,One year,No,Electronic check,72.97,426.79,3,20.6,0,0,0.591,High Risk
Female,0,Yes,Yes,15,Yes,No,Fiber optic,No,No,No,Yes,No,No,Month-to-month,Yes,Bank transfer (automatic),67.22,965.37,1,17.9,1,0,0.804,Critical Risk
Female,0,No,No,34,Yes,No,DSL,No,No,No,Yes,No,No,One year,Yes,Mailed check,46.66,1587.28,1,21.0,0,0,0.136,Healthy
Male,0,Yes,No,62,Yes,Yes,Fiber optic,Yes,No,Yes,Yes,No,Yes,One year,No,Credit card (automatic),92.29,5719.26,1,13.8,0,0,0.139,Healthy
Male,0,No,No,18,No,No,Fiber optic,No,Yes,No,No,No,Yes,One year,No,Electronic check,70.79,1277.43,0,5.8,0,1,0.487,High Risk
Male,0,Yes,No,71,Yes,Yes,No,No,No,No,No,No,No,Month-to-month,Yes,Bank transfer (automatic),21.97,1571.07,1,19.3,0,0,0.144,Healthy
Male,0,Yes,No,46,Yes,Yes,Fiber optic,Yes,Yes,No,No,Yes,Yes,Month-to-month,Yes,Credit card (automatic),82.52,3801.16,2,12.1,2,0,0.729,Critical Risk
Male,1,No,Yes,25,Yes,No,No,No,No,No,No,No,No,One year,Yes,Credit card (automatic),18.0,454.49,2,16.8,0,0,0.161,Healthy
Female,0,No,No,45,Yes,No,No,No,No,No,No,No,No,Month-to-month,No,Electronic check,18.0,798.14,1,9.2,0,1,0.373,Watch
Male,0,No,No,50,Yes,Yes,Fiber optic,Yes,No,Yes,No,No,Yes,Month-to-month,No,Bank transfer (automatic),85.08,4255.73,1,16.3,1,1,0.736,Critical Risk
Female,1,No,No,50,Yes,Yes,DSL,Yes,Yes,Yes,Yes,Yes,Yes,Month-to-month,No,Credit card (automatic),70.06,3509.82,1,5.8,2,1,0.424,High Risk
Male,0,Yes,Yes,63,No,No,Fiber optic,No,No,Yes,No,No,No,Month-to-month,Yes,Credit card (automatic),70.67,4440.38,0,20.1,1,1,0.368,Watch
Male,0,No,No,48,Yes,Yes,DSL,No,No,Yes,No,Yes,No,One year,Yes,Credit card (automatic),48.09,2302.69,1,14.4,2,0,0.146,Healthy
Female,0,Yes,No,1,Yes,No,Fiber optic,No,No,Yes,No,Yes,No,Month-to-month,Yes,Credit card (automatic),74.35,37.48,0,18.1,1,1,0.838,Critical Risk
Female,0,No,Yes,27,Yes,Yes,Fiber optic,Yes,No,No,No,No,No,Month-to-month,Yes,Electronic check,68.47,1889.92,0,8.3,0,1,0.821,Critical Risk
Male,0,Yes,Yes,66,No,No,Fiber optic,No,No,No,No,Yes,No,Two year,Yes,Electronic check,72.68,4772.0,1,13.5,0,0,0.112,Healthy
Male,0,No,No,15,Yes,Yes,Fiber optic,No,Yes,Yes,No,Yes,No,Month-to-month,Yes,Credit card (automatic),78.88,1198.64,1,17.3,0,0,0.726,Critical Risk
Male,0,Yes,Yes,36,Yes,No,Fiber optic,Yes,Yes,No,Yes,Yes,Yes,Month-to-month,No,Credit card (automatic),98.54,3560.9,1,16.9,0,0,0.606,High Risk
Female,0,Yes,No,36,Yes,No,DSL,Yes,Yes,Yes,Yes,Yes,No,One year,No,Electronic check,71.0,2540.15,1,15.7,0,1,0.218,Watch
Male,0,Yes,No,40,Yes,Yes,DSL,Yes,No,No,Yes,Yes,No,Month-to-month,Yes,Credit card (automatic),54.08,2182.61,2,10.1,1,0,0.473,High Risk
Female,0,No,No,63,Yes,No,Fiber optic,No,No,No,No,Yes,Yes,Two year,Yes,Electronic check,79.84,5040.33,1,13.6,0,0,0.148,Healthy
Male,0,Yes,No,39,Yes,Yes,DSL,No,No,No,No,No,No,One year,No,Credit card (automatic),34.38,1317.37,1,12.2,0,0,0.103,Healthy
Female,0,No,No,0,Yes,Yes,No,No,No,No,No,No,No,Month-to-month,No,Electronic check,19.66,0.0,3,4.8,1,1,0.866,Critical Risk
Male,0,Yes,Yes,17,Yes,No,Fiber optic,No,No,No,No,No,Yes,Month-to-month,Yes,Bank transfer (automatic),67.54,1139.56,0,10.0,1,1,0.831,Critical Risk
Female,0,No,No,46,No,No,No,No,No,No,No,No,No,Month-to-month,No,Credit card (automatic),20.57,957.25,0,11.8,0,0,0.176,Healthy
Female,0,Yes,Yes,57,Yes,No,No,No,No,No,No,No,No,Month-to-month,Yes,Bank transfer (automatic),19.45,1121.87,0,10.7,0,0,0.236,Watch
Male,0,No,Yes,47,Yes,No,Fiber optic,No,No,Yes,No,Yes,No,Month-to-month,No,Electronic check,77.68,3639.76,0,13.6,1,0,0.685,High Risk
Male,1,Yes,Yes,53,Yes,Yes,Fiber optic,No,No,Yes,No,No,Yes,Month-to-month,Yes,Electronic check,77.77,4132.81,1,15.9,0,0,0.624,High Risk
Female,0,Yes,No,17,Yes,No,No,No,No,No,No,No,No,One year,No,Bank transfer (automatic),21.08,353.8,1,13.9,0,0,0.244,Watch
Male,0,Yes,Yes,6,Yes,Yes,DSL,Yes,No,Yes,Yes,Yes,Yes,Month-to-month,Yes,Bank transfer (automatic),59.5,362.49,2,11.5,0,0,0.682,High Risk
Male,0,Yes,Yes,69,Yes,No,Fiber optic,No,Yes,No,No,Yes,No,Month-to-month,Yes,Credit card (automatic),75.1,5193.07,3,19.1,2,0,0.594,High Risk
Male,0,Yes,No,41,Yes,No,DSL,Yes,Yes,Yes,Yes,Yes,Yes,Month-to-month,Yes,Bank transfer (automatic),71.96,2965.31,1,7.3,1,0,0.489,High Risk
Male,0,Yes,Yes,53,Yes,Yes,Fiber optic,Yes,Yes,No,Yes,No,Yes,Month-to-month,Yes,Electronic check,86.35,4567.32,1,9.4,0,0,0.642,High Risk
Male,1,No,No,69,Yes,No,No,No,No,No,No,No,No,Two year,Yes,Electronic check,18.0,1212.59,1,7.7,0,0,0.025,Healthy
Male,1,No,No,13,Yes,Yes,Fiber optic,No,Yes,No,No,Yes,No,Month-to-month,No,Bank transfer (automatic),74.02,959.19,3,16.9,1,1,0.887,Critical Risk
Male,0,Yes,No,63,No,No,Fiber optic,Yes,Yes,No,No,No,Yes,Two year,Yes,Mailed check,85.09,5362.64,1,16.8,1,1,0.119,Healthy
Male,0,Yes,Yes,26,Yes,Yes,Fiber optic,Yes,No,No,Yes,Yes,No,One year,Yes,Electronic check,83.36,2127.47,0,16.4,1,0,0.57,High Risk
Male,0,Yes,Yes,45,Yes,No,Fiber optic,Yes,No,No,Yes,No,Yes,Month-to-month,Yes,Credit card (automatic),81.07,3641.92,2,24.4,0,0,0.484,High Risk
Male,0,Yes,No,28,Yes,No,Fiber optic,Yes,No,No,No,Yes,No,Month-to-month,No,Mailed check,76.78,2136.37,1,9.7,0,0,0.809,Critical Risk
Female,0,Yes,No,14,Yes,No,No,No,No,No,No,No,No,Month-to-month,Yes,Bank transfer (automatic),18.0,238.16,1,14.2,2,0,0.739,Critical Risk
Male,0,Yes,Yes,64,Yes,Yes,DSL,No,Yes,No,No,No,Yes,Month-to-month,Yes,Bank transfer (automatic),49.99,3181.21,2,17.1,2,0,0.435,High Risk
Male,0,Yes,No,25,No,No,DSL,No,Yes,No,Yes,Yes,No,One year,Yes,Electronic check,55.43,1396.94,0,12.1,1,1,0.297,Watch
Male,1,No,No,1,Yes,No,DSL,Yes,No,No,No,Yes,Yes,Two year,Yes,Credit card (automatic),55.76,30.15,1,17.5,1,0,0.225,Watch
Female,0,No,Yes,10,Yes,Yes,Fiber optic,No,No,No,Yes,No,Yes,Month-to-month,No,Bank transfer (automatic),75.3,764.2,1,19.2,0,0,0.739,Critical Risk
Male,0,No,No,70,Yes,No,No,No,No,No,No,No,No,Two year,Yes,Bank transfer (automatic),18.63,1323.89,2,18.4,2,0,0.043,Healthy
Male,1,Yes,No,60,Yes,Yes,DSL,No,No,Yes,Yes,No,No,Two year,No,Mailed check,47.77,2892.5,1,23.5,0,0,0.016,Healthy
Male,0,No,No,48,Yes,Yes,Fiber optic,Yes,No,Yes,No,No,Yes,Month-to-month,No,Bank transfer (automatic),77.59,3728.64,1,23.9,0,1,0.487,High Risk
Male,0,Yes,No,56,No,No,No,No,No,No,No,No,No,Month-to-month,Yes,Credit card (automatic),18.0,1033.35,2,17.1,0,0,0.224,Watch
Male,0,Yes,No,47,Yes,No,DSL,Yes,Yes,No,No,No,Yes,Month-to-month,No,Electronic check,55.23,2589.23,0,9.9,0,0,0.398,Watch
Male,0,No,No,66,Yes,No,No,No,No,No,No,No,No,Month-to-month,Yes,Credit card (automatic),19.37,1277.69,3,30.0,2,0,0.286,Watch
Female,0,Yes,No,7,Yes,Yes,No,No,No,No,No,No,No,Month-to-month,No,Electronic check,18.0,143.03,0,7.2,1,0,0.719,Critical Risk
Female,0,Yes,No,4,Yes,No,No,No,No,No,No,No,No,Month-to-month,Yes,Mailed check,18.6,76.36,0,13.4,2,1,0.728,Critical Risk
Male,0,No,No,50,Yes,Yes,DSL,Yes,Yes,No,Yes,Yes,Yes,Two year,Yes,Credit card (automatic),66.91,3331.46,0,19.2,0,0,0.031,Healthy
Female,0,No,No,70,Yes,No,Fiber optic,No,No,Yes,Yes,No,No,Two year,Yes,Bank transfer (automatic),74.82,5215.12,1,15.7,0,0,0.041,Healthy
Female,0,No,Yes,42,Yes,No,DSL,No,Yes,No,No,Yes,Yes,Month-to-month,No,Electronic check,53.65,2268.69,0,15.4,0,0,0.407,High Risk
Male,0,Yes,No,70,Yes,No,DSL,No,No,No,No,No,Yes,Month-to-month,Yes,Mailed check,46.24,3239.7,0,16.6,0,0,0.168,Healthy
Male,0,Yes,No,29,Yes,No,DSL,Yes,Yes,No,No,Yes,No,One year,No,Bank transfer (automatic),50.84,1474.59,1,18.8,1,0,0.291,Watch
Male,0,No,Yes,49,Yes,Yes,DSL,No,No,No,Yes,No,No,One year,No,Electronic check,43.09,2122.13,1,7.4,1,0,0.215,Watch
Female,0,Yes,No,37,Yes,No,No,No,No,No,No,No,No,Month-to-month,No,Electronic check,20.03,720.56,1,18.9,1,0,0.523,High Risk
Male,0,Yes,No,64,Yes,No,Fiber optic,Yes,No,Yes,No,No,Yes,Two year,Yes,Credit card (automatic),80.36,5151.05,3,15.0,1,0,0.141,Healthy
Female,0,Yes,No,47,Yes,No,DSL,Yes,No,No,No,No,No,One year,No,Electronic check,37.7,1770.38,2,18.6,1,0,0.224,Watch
Male,0,No,No,32,Yes,No,Fiber optic,Yes,No,No,Yes,No,Yes,Month-to-month,Yes,Electronic check,84.47,2681.6,2,14.3,0,1,0.822,Critical Risk
Female,0,No,Yes,17,Yes,Yes,Fiber optic,Yes,Yes,Yes,No,No,No,Month-to-month,Yes,Bank transfer (automatic),75.93,1280.98,0,7.7,1,0,0.819,Critical Risk
Female,0,Yes,No,22,Yes,No,DSL,No,No,Yes,Yes,No,Yes,Month-to-month,Yes,Bank transfer (automatic),53.04,1193.08,1,17.7,0,1,0.454,High Risk
Male,0,No,Yes,5,Yes,Yes,DSL,No,Yes,Yes,Yes,No,Yes,Month-to-month,No,Electronic check,66.7,321.88,0,6.0,3,1,0.858,Critical Risk
Male,0,Yes,No,11,Yes,No,Fiber optic,No,Yes,Yes,No,Yes,Yes,Month-to-month,Yes,Mailed check,90.45,999.91,0,17.1,1,0,0.826,Critical Risk
Female,0,No,No,37,Yes,Yes,No,No,No,No,No,No,No,Month-to-month,No,Electronic check,18.0,682.42,1,29.1,0,0,0.361,Watch
Male,0,Yes,No,2,Yes,No,DSL,Yes,Yes,Yes,Yes,No,Yes,Two year,Yes,Credit card (automatic),67.04,123.89,0,10.4,0,0,0.115,Healthy
Male,0,Yes,Yes,34,Yes,Yes,No,No,No,No,No,No,No,Month-to-month,No,Bank transfer (automatic),18.0,654.24,2,8.5,0,0,0.467,High Risk
Female,0,Yes,No,3,Yes,Yes,Fiber optic,No,No,Yes,No,Yes,Yes,Two year,No,Bank transfer (automatic),82.97,267.2,0,15.1,1,0,0.422,High Risk
Male,0,No,No,11,Yes,No,Fiber optic,Yes,No,Yes,No,No,Yes,Month-to-month,Yes,Bank transfer (automatic),86.77,945.21,0,12.0,0,0,0.831,Critical Risk
Male,0,No,No,50,Yes,No,DSL,No,Yes,Yes,No,Yes,Yes,One year,Yes,Electronic check,60.15,3009.68,1,15.7,0,0,0.191,Healthy
Male,0,No,Yes,2,Yes,Yes,Fiber optic,No,No,Yes,Yes,No,Yes,One year,Yes,Electronic check,79.6,62.89,1,10.1,0,0,0.611,High Risk
Male,0,Yes,Yes,24,No,No,Fiber optic,No,No,No,No,No,No,Month-to-month,Yes,Mailed check,64.42,1553.77,1,7.3,3,0,0.893,Critical Risk
Female,1,Yes,No,13,Yes,No,DSL,Yes,No,Yes,No,No,No,Month-to-month,No,Bank transfer (automatic),50.97,712.68,0,0.0,0,1,0.666,High Risk
Female,0,Yes,No,3,Yes,Yes,No,No,No,No,No,No,No,Month-to-month,No,Credit card (automatic),18.31,57.68,1,7.0,0,0,0.577,High Risk
Male,1,Yes,No,15,Yes,No,Fiber optic,Yes,Yes,Yes,No,Yes,No,One year,No,Electronic check,86.7,1290.34,1,14.9,0,0,0.593,High Risk
Male,0,Yes,No,8,Yes,No,DSL,Yes,Yes,No,No,Yes,No,Two year,No,Credit card (automatic),54.33,442.87,1,19.6,0,0,0.131,Healthy
Female,0,No,No,5,Yes,Yes,DSL,Yes,Yes,No,No,No,No,Month-to-month,No,Electronic check,45.12,190.86,4,17.4,1,0,0.881,Critical Risk
Male,0,No,No,48,Yes,Yes,DSL,Yes,Yes,Yes,No,No,No,Month-to-month,Yes,Electronic check,52.49,2544.84,3,17.9,0,0,0.481,High Risk
Male,0,No,Yes,9,Yes,No,No,No,No,No,No,No,No,Two year,No,Mailed check,18.0,158.33,0,18.2,1,0,0.116,Healthy
Male,0,Yes,Yes,68,Yes,Yes,DSL,Yes,Yes,No,No,Yes,Yes,Month-to-month,No,Mailed check,63.88,4327.99,1,10.0,0,1,0.269,Watch
Male,0,Yes,Yes,35,No,No,Fiber optic,Yes,No,No,No,No,No,Month-to-month,Yes,Credit card (automatic),69.95,2435.04,0,2.2,1,0,0.716,Critical Risk
Female,0,No,No,29,Yes,Yes,Fiber optic,Yes,Yes,No,Yes,No,Yes,Month-to-month,No,Mailed check,86.76,2523.76,3,12.9,0,1,0.777,Critical Risk
Male,0,Yes,No,63,Yes,No,DSL,Yes,No,No,Yes,No,No,Month-to-month,No,Bank transfer (automatic),48.25,3057.18,1,4.3,0,0,0.262,Watch
Male,1,No,No,56,Yes,Yes,Fiber optic,No,Yes,No,Yes,Yes,No,Month-to-month,No,Credit card (automatic),81.92,4586.48,0,15.1,0,0,0.287,Watch
Female,0,No,No,30,Yes,Yes,Fiber optic,No,Yes,Yes,No,Yes,Yes,One year,No,Mailed check,85.19,2569.56,0,13.2,0,0,0.323,Watch
Male,0,Yes,No,71,Yes,Yes,No,No,No,No,No,No,No,Month-to-month,Yes,Mailed check,19.92,1423.54,0,25.9,1,0,0.128,Healthy
Female,0,Yes,No,38,No,No,Fiber optic,Yes,Yes,Yes,Yes,Yes,Yes,One year,Yes,Electronic check,100.97,3812.29,1,21.3,2,1,0.518,High Risk
Male,0,No,No,51,Yes,Yes,DSL,Yes,No,Yes,No,No,No,One year,Yes,Bank transfer (automatic),49.71,2550.76,2,16.9,0,0,0.178,Healthy
Male,1,No,Yes,70,Yes,Yes,DSL,Yes,Yes,Yes,Yes,Yes,Yes,Month-to-month,Yes,Credit card (automatic),79.26,5556.18,0,10.5,0,0,0.119,Healthy
Male,0,No,Yes,52,Yes,Yes,Fiber optic,No,No,Yes,Yes,No,No,Two year,No,Electronic check,73.55,3820.93,1,5.2,1,0,0.183,Healthy
Female,1,No,No,43,Yes,No,Fiber optic,Yes,No,No,No,Yes,Yes,Two year,Yes,Credit card (automatic),85.15,3684.76,0,26.2,1,0,0.112,Healthy
Female,0,No,No,44,Yes,Yes,No,No,No,No,No,No,No,Two year,Yes,Credit card (automatic),26.08,1146.35,3,13.2,1,0,0.079,Healthy
Male,0,Yes,No,47,Yes,Yes,DSL,No,No,Yes,Yes,No,Yes,Month-to-month,Yes,Bank transfer (automatic),51.62,2439.16,1,16.2,1,0,0.297,Watch
Male,0,No,No,71,Yes,No,DSL,No,No,Yes,Yes,Yes,Yes,One year,Yes,Bank transfer (automatic),65.95,4655.6,0,9.2,2,0,0.093,Healthy
Male,0,No,No,51,Yes,No,Fiber optic,Yes,No,No,Yes,Yes,Yes,Month-to-month,No,Credit card (automatic),88.71,4550.84,1,24.1,0,0,0.496,High Risk
Female,0,Yes,No,21,Yes,No,DSL,Yes,Yes,Yes,No,Yes,Yes,Month-to-month,No,Credit card (automatic),68.74,1474.01,2,8.4,1,0,0.712,Critical Risk
Male,0,Yes,Yes,1,No,No,Fiber optic,No,No,Yes,Yes,Yes,Yes,Month-to-month,Yes,Bank transfer (automatic),78.29,53.76,2,11.5,1,1,0.867,Critical Risk
Female,1,No,No,57,Yes,Yes,DSL,No,Yes,No,Yes,Yes,No,One year,No,Electronic check,51.86,2932.97,2,16.2,0,0,0.098,Healthy
Female,0,No,No,35,Yes,No,No,No,No,No,No,No,No,Month-to-month,No,Bank transfer (automatic),23.18,815.02,2,19.9,1,1,0.537,High Risk
Female,0,Yes,Yes,30,Yes,No,DSL,Yes,Yes,No,Yes,No,Yes,Month-to-month,No,Electronic check,68.57,2090.54,1,11.9,3,1,0.831,Critical Risk
Male,0,No,No,68,Yes,Yes,Fiber optic,Yes,No,No,No,No,Yes,Two year,Yes,Mailed check,71.68,4896.01,1,14.4,1,0,0.091,Healthy
Male,1,No,No,11,Yes,Yes,Fiber optic,No,No,Yes,Yes,No,Yes,One year,Yes,Bank transfer (automatic),86.97,957.13,2,10.0,1,0,0.584,High Risk
Male,0,No,No,2,Yes,Yes,DSL,No,No,Yes,No,No,No,Two year,Yes,Mailed check,40.45,82.53,2,13.4,1,0,0.26,Watch
Female,0,Yes,Yes,53,Yes,No,Fiber optic,No,Yes,No,Yes,Yes,Yes,Month-to-month,No,Electronic check,88.7,4684.53,1,17.0,1,1,0.689,High Risk
Female,0,Yes,No,67,Yes,No,Fiber optic,No,Yes,Yes,No,No,Yes,One year,Yes,Mailed check,79.34,5329.22,0,23.0,0,0,0.092,Healthy
Female,0,Yes,No,60,Yes,No,No,No,No,No,No,No,No,One year,No,Mailed check,18.79,1107.65,0,14.7,0,0,0.052,Healthy
Male,0,No,Yes,63,Yes,Yes,Fiber optic,Yes,No,No,No,No,Yes,Month-to-month,Yes,Credit card (automatic),73.18,4638.62,1,6.9,0,0,0.456,High Risk
Male,0,No,No,63,Yes,No,Fiber optic,Yes,No,Yes,Yes,No,No,Month-to-month,No,Electronic check,83.73,5283.38,0,24.1,2,0,0.59,High Risk
Female,0,Yes,No,50,Yes,Yes,Fiber optic,No,No,No,Yes,Yes,No,Month-to-month,No,Credit card (automatic),74.3,3686.5,4,18.3,1,1,0.703,Critical Risk
Female,0,No,No,67,Yes,No,Fiber optic,No,No,No,No,No,Yes,Month-to-month,Yes,Mailed check,76.59,5138.34,1,16.6,1,0,0.546,High Risk
Female,0,Yes,No,24,Yes,No,Fiber optic,Yes,No,No,Yes,Yes,No,Month-to-month,No,Electronic check,85.91,2061.64,2,25.0,0,0,0.821,Critical Risk
Female,0,No,No,54,No,No,DSL,Yes,No,No,No,No,Yes,Month-to-month,Yes,Electronic check,47.11,2516.3,3,23.4,0,1,0.535,High Risk
Male,0,Yes,No,6,Yes,Yes,Fiber optic,Yes,Yes,No,No,Yes,No,Two year,Yes,Electronic check,80.89,476.49,3,7.8,0,0,0.61,High Risk
Male,0,No,No,38,Yes,No,No,No,No,No,No,No,No,Two year,No,Mailed check,18.47,718.23,0,13.0,0,0,0.039,Healthy
Male,0,No,No,21,No,No,Fiber optic,Yes,Yes,No,No,Yes,No,One year,No,Credit card (automatic),79.98,1688.66,2,5.6,0,0,0.491,High Risk
Female,0,No,No,68,Yes,No,Fiber optic,Yes,No,Yes,No,No,Yes,Month-to-month,No,Bank transfer (automatic),78.6,5345.8,2,13.7,0,0,0.49,High Risk
Female,1,Yes,No,31,Yes,No,Fiber optic,No,Yes,No,Yes,No,Yes,Month-to-month,Yes,Electronic check,83.75,2593.19,3,15.6,0,1,0.787,Critical Risk
Male,0,Yes,No,15,No,No,Fiber optic,No,Yes,No,No,Yes,Yes,Month-to-month,No,Mailed check,83.68,1233.07,0,3.5,1,0,0.854,Critical Risk
Female,0,Yes,No,41,Yes,No,Fiber optic,No,No,No,Yes,Yes,Yes,One year,Yes,Electronic check,82.71,3386.47,2,13.3,1,0,0.495,High Risk
Female,0,No,No,5,No,No,DSL,No,No,No,No,No,No,One year,Yes,Electronic check,38.32,199.96,1,11.1,1,0,0.532,High Risk
Female,0,Yes,No,9,Yes,Yes,DSL,No,Yes,No,No,Yes,Yes,Month-to-month,Yes,Electronic check,54.99,487.64,1,20.6,2,1,0.83,Critical Risk
Female,0,No,No,31,Yes,No,DSL,No,Yes,No,Yes,Yes,No,Month-to-month,No,Bank transfer (automatic),59.56,1863.53,0,24.0,1,0,0.451,High Risk
Male,0,No,No,46,Yes,Yes,Fiber optic,Yes,Yes,No,No,No,Yes,One year,Yes,Bank transfer (automatic),85.06,3892.12,0,20.9,0,0,0.217,Watch
Male,0,Yes,No,42,Yes,No,Fiber optic,Yes,Yes,Yes,No,Yes,No,One year,Yes,Electronic check,84.36,3545.25,2,12.6,1,0,0.535,High Risk
Female,0,Yes,No,4,Yes,No,No,No,No,No,No,No,No,Two year,Yes,Electronic check,18.59,79.02,1,19.0,0,0,0.185,Healthy
Female,0,Yes,No,49,Yes,No,DSL,Yes,No,Yes,No,Yes,Yes,Month-to-month,Yes,Bank transfer (automatic),64.2,3165.25,2,11.6,0,0,0.585,High Risk
Male,1,No,Yes,4,Yes,No,DSL,No,No,No,Yes,No,Yes,One year,Yes,Electronic check,45.91,195.74,3,8.9,0,0,0.454,High Risk
Male,0,No,Yes,59,No,No,Fiber optic,No,Yes,Yes,No,No,Yes,One year,No,Electronic check,78.73,4629.25,1,9.1,0,0,0.244,Watch
Female,0,Yes,No,2,No,No,DSL,No,Yes,No,Yes,No,Yes,One year,Yes,Mailed check,60.2,139.85,3,20.6,1,0,0.46,High Risk
Female,0,No,No,1,No,No,Fiber optic,Yes,Yes,Yes,Yes,No,Yes,One year,No,Credit card (automatic),94.3,85.6,0,24.5,0,0,0.368,Watch
Male,0,Yes,Yes,37,Yes,No,DSL,Yes,No,Yes,Yes,No,No,Two year,Yes,Credit card (automatic),59.07,2172.92,2,13.3,0,0,0.067,Healthy
Female,0,Yes,No,58,Yes,Yes,DSL,Yes,No,No,Yes,Yes,No,One year,Yes,Electronic check,62.65,3627.86,3,18.1,1,0,0.292,Watch
Male,0,No,No,55,Yes,No,Fiber optic,Yes,No,No,Yes,No,No,Two year,Yes,Mailed check,72.84,4007.22,0,10.4,0,0,0.08,Healthy
Male,0,No,Yes,43,Yes,No,Fiber optic,No,Yes,Yes,No,Yes,Yes,Month-to-month,Yes,Credit card (automatic),92.33,3994.95,1,19.2,2,0,0.703,Critical Risk
Female,0,Yes,No,13,No,No,DSL,Yes,Yes,No,Yes,No,No,Month-to-month,No,Mailed check,52.79,695.82,1,4.4,0,1,0.602,High Risk
Male,0,No,Yes,69,Yes,No,DSL,Yes,Yes,Yes,Yes,No,Yes,Month-to-month,Yes,Mailed check,64.75,4490.69,3,21.0,1,0,0.278,Watch
Female,1,No,No,1,Yes,Yes,DSL,Yes,No,Yes,No,Yes,No,Month-to-month,No,Credit card (automatic),51.81,67.28,0,21.4,2,0,0.708,Critical Risk
Male,0,No,No,25,Yes,Yes,DSL,No,Yes,No,No,No,No,Two year,Yes,Bank transfer (automatic),45.48,1159.94,1,10.2,1,0,0.171,Healthy
Female,0,No,No,55,Yes,No,No,No,No,No,No,No,No,One year,Yes,Mailed check,19.71,1080.6,1,22.4,0,0,0.076,Healthy
Male,0,Yes,No,45,Yes,Yes,Fiber optic,Yes,No,Yes,Yes,Yes,No,Two year,Yes,Electronic check,89.24,3962.96,1,0.0,1,0,0.259,Watch
Female,1,Yes,Yes,57,Yes,Yes,DSL,Yes,Yes,No,Yes,Yes,No,One year,Yes,Electronic check,57.87,3331.31,1,12.1,2,0,0.194,Healthy
Male,0,No,No,55,Yes,No,Fiber optic,No,No,Yes,Yes,No,Yes,One year,No,Electronic check,79.92,4403.91,0,19.6,1,0,0.242,Watch
Female,0,No,No,68,Yes,No,DSL,No,Yes,Yes,No,No,No,Two year,No,Bank transfer (automatic),46.76,3202.6,1,13.4,0,0,0.022,Healthy
Male,0,Yes,No,37,Yes,Yes,DSL,No,No,No,Yes,Yes,No,Month-to-month,No,Mailed check,51.55,1858.27,1,3.7,1,0,0.511,High Risk
Male,0,Yes,Yes,59,Yes,Yes,No,No,No,No,No,No,No,Two year,Yes,Bank transfer (automatic),18.0,1090.67,2,15.1,0,0,0.037,Healthy
Male,0,Yes,No,11,Yes,No,DSL,No,No,Yes,No,No,No,Two year,Yes,Electronic check,45.57,538.35,1,9.1,2,0,0.357,Watch
Female,1,No,Yes,12,Yes,No,No,No,No,No,No,No,No,Two year,No,Mailed check,18.0,255.97,1,22.0,2,0,0.135,Healthy
Male,0,Yes,No,3,Yes,No,No,No,No,No,No,No,No,Month-to-month,Yes,Bank transfer (automatic),19.61,35.41,3,3.5,1,1,0.834,Critical Risk
Female,0,Yes,No,14,Yes,No,Fiber optic,No,Yes,Yes,Yes,No,Yes,Two year,Yes,Credit card (automatic),79.64,1074.56,2,13.9,0,0,0.191,Healthy
Female,0,Yes,No,8,No,No,Fiber optic,Yes,No,Yes,No,No,No,Month-to-month,Yes,Electronic check,80.37,623.65,3,4.9,0,1,0.942,Critical Risk
Female,0,No,Yes,60,Yes,Yes,DSL,No,No,No,Yes,No,Yes,Month-to-month,No,Electronic check,52.38,3144.75,1,14.6,0,0,0.309,Watch
Female,1,No,Yes,36,Yes,No,No,No,No,No,No,No,No,Month-to-month,Yes,Credit card (automatic),18.0,661.38,1,7.3,0,1,0.297,Watch
Male,0,Yes,Yes,32,Yes,Yes,No,No,No,No,No,No,No,Month-to-month,Yes,Electronic check,18.0,565.33,4,13.1,1,0,0.749,Critical Risk
Female,0,Yes,No,46,Yes,Yes,Fiber optic,Yes,No,Yes,No,Yes,No,Month-to-month,No,Mailed check,81.7,3773.54,0,10.6,1,0,0.636,High Risk
Female,0,Yes,No,26,Yes,Yes,DSL,No,No,Yes,No,Yes,Yes,Two year,Yes,Credit card (automatic),56.86,1471.26,4,10.7,0,0,0.197,Healthy
Male,0,No,No,41,Yes,No,DSL,No,Yes,No,No,Yes,Yes,One year,Yes,Mailed check,51.76,2119.2,0,14.8,0,1,0.107,Healthy
Male,0,No,Yes,0,Yes,Yes,DSL,Yes,No,No,Yes,Yes,No,One year,No,Bank transfer (automatic),54.59,0.0,1,18.4,0,0,0.354,Watch
Female,0,No,Yes,52,Yes,No,DSL,Yes,No,Yes,Yes,Yes,Yes,Two year,No,Electronic check,63.81,3291.35,0,14.8,1,0,0.079,Healthy
Male,0,No,No,63,Yes,No,Fiber optic,No,Yes,No,Yes,No,No,Two year,Yes,Bank transfer (automatic),79.33,4990.45,1,13.2,1,0,0.09,Healthy
Female,0,Yes,No,2,Yes,Yes,No,No,No,No,No,No,No,Two year,Yes,Credit card (automatic),18.0,34.34,1,21.2,0,0,0.101,Healthy
Male,0,Yes,No,5,Yes,No,Fiber optic,Yes,Yes,Yes,No,Yes,No,Two year,Yes,Mailed check,85.33,415.36,0,9.0,1,0,0.422,High Risk
Male,0,Yes,Yes,9,Yes,Yes,Fiber optic,Yes,No,No,No,Yes,No,Two year,Yes,Credit card (automatic),73.43,648.59,1,17.4,1,0,0.357,Watch
Female,0,Yes,Yes,44,Yes,No,Fiber optic,No,No,Yes,Yes,Yes,Yes,Month-to-month,Yes,Electronic check,90.91,4004.25,1,12.1,1,0,0.735,Critical Risk
Male,0,Yes,No,55,Yes,No,Fiber optic,No,No,Yes,No,Yes,No,One year,No,Credit card (automatic),72.27,3941.26,1,27.2,0,0,0.149,Healthy
Female,0,No,No,60,Yes,Yes,Fiber optic,Yes,No,No,Yes,Yes,Yes,Month-to-month,No,Credit card (automatic),82.98,5000.26,4,9.1,1,0,0.669,High Risk
Female,1,Yes,No,57,Yes,Yes,No,No,No,No,No,No,No,Month-to-month,Yes,Credit card (automatic),18.14,1062.53,0,7.8,1,0,0.201,Watch
Male,0,No,Yes,42,Yes,Yes,DSL,Yes,Yes,No,Yes,No,Yes,Month-to-month,No,Electronic check,61.43,2574.23,2,13.3,1,0,0.562,High Risk
Male,1,Yes,Yes,51,Yes,Yes,No,No,No,No,No,No,No,Month-to-month,Yes,Bank transfer (automatic),18.0,927.15,2,12.6,1,0,0.405,High Risk
Female,0,Yes,No,20,Yes,No,DSL,Yes,Yes,No,No,No,No,Two year,Yes,Electronic check,49.22,998.63,0,15.1,0,0,0.149,Healthy
Female,0,No,Yes,54,Yes,Yes,Fiber optic,No,Yes,No,No,Yes,No,Month-to-month,No,Electronic check,74.0,4018.12,0,14.1,1,0,0.667,High Risk
Male,0,Yes,No,13,Yes,Yes,Fiber optic,Yes,No,Yes,Yes,Yes,No,One year,Yes,Electronic check,88.71,1153.05,2,13.4,1,0,0.753,Critical Risk
Female,0,Yes,Yes,70,Yes,Yes,Fiber optic,Yes,Yes,Yes,No,Yes,Yes,Month-to-month,Yes,Electronic check,97.57,6849.03,1,22.1,0,1,0.515,High Risk
Male,0,Yes,No,3,Yes,No,Fiber optic,Yes,No,No,Yes,No,Yes,Month-to-month,Yes,Mailed check,75.95,241.34,0,22.0,0,1,0.754,Critical Risk
Male,0,No,Yes,68,Yes,Yes,DSL,No,No,Yes,Yes,No,No,Two year,Yes,Bank transfer (automatic),51.33,3478.71,1,14.2,0,0,0.02,Healthy
Female,0,Yes,No,33,Yes,No,Fiber optic,Yes,Yes,No,No,No,Yes,Month-to-month,No,Electronic check,76.39,2502.67,1,13.4,0,1,0.771,Critical Risk
Male,0,No,Yes,47,Yes,No,Fiber optic,No,Yes,Yes,No,No,No,One year,Yes,Electronic check,68.64,3204.8,1,14.8,0,0,0.241,Watch
Female,0,No,Yes,11,Yes,No,Fiber optic,No,No,Yes,Yes,No,No,Month-to-month,Yes,Mailed check,70.55,746.53,0,16.7,0,1,0.648,High Risk
Female,0,No,No,23,Yes,No,No,No,No,No,No,No,No,Month-to-month,No,Mailed check,18.0,407.31,0,4.0,1,0,0.525,High Risk
Female,0,Yes,Yes,62,Yes,No,Fiber optic,No,No,No,Yes,No,No,Month-to-month,Yes,Mailed check,68.65,4259.72,0,22.3,1,0,0.378,Watch
Female,0,No,Yes,1,Yes,Yes,No,No,No,No,No,No,No,One year,No,Mailed check,20.93,5.78,3,19.4,3,0,0.621,High Risk
Male,1,Yes,Yes,13,Yes,No,DSL,No,No,No,Yes,Yes,No,Month-to-month,Yes,Credit card (automatic),53.82,687.26,1,12.1,1,0,0.622,High Risk
Male,1,No,No,46,Yes,No,DSL,Yes,No,Yes,No,No,No,One year,Yes,Electronic check,41.07,1867.33,2,9.6,1,0,0.215,Watch
Female,0,No,No,58,Yes,Yes,DSL,Yes,Yes,Yes,No,Yes,Yes,Month-to-month,No,Bank transfer (automatic),64.47,3756.33,0,6.5,0,0,0.308,Watch
Female,0,Yes,No,31,Yes,Yes,No,No,No,No,No,No,No,One year,No,Credit card (automatic),21.22,662.17,1,17.3,1,1,0.162,Healthy
Male,0,Yes,No,6,Yes,No,Fiber optic,No,Yes,No,No,Yes,No,One year,Yes,Mailed check,76.27,467.54,1,25.2,0,1,0.514,High Risk
Female,0,No,No,10,Yes,Yes,No,No,No,No,No,No,No,Month-to-month,No,Electronic check,18.0,173.02,1,0.0,0,1,0.693,High Risk
Male,1,No,Yes,64,Yes,Yes,Fiber optic,Yes,No,No,No,No,No,Month-to-month,Yes,Mailed check,71.97,4599.46,1,13.6,0,0,0.45,High Risk
Female,0,No,No,15,Yes,No,DSL,No,No,No,Yes,Yes,No,Month-to-month,Yes,Bank transfer (automatic),53.34,800.36,1,3.6,0,1,0.675,High Risk
Male,0,No,No,42,Yes,No,Fiber optic,No,No,Yes,No,No,Yes,Month-to-month,Yes,Electronic check,75.77,3154.73,3,11.2,1,1,0.844,Critical Risk
Female,0,No,No,68,Yes,No,Fiber optic,No,No,Yes,Yes,Yes,Yes,Month-to-month,Yes,Bank transfer (automatic),85.06,5784.23,2,11.3,0,0,0.424,High Risk
Male,0,No,Yes,27,Yes,Yes,DSL,Yes,No,Yes,No,No,No,Month-to-month,Yes,Electronic check,46.26,1243.11,0,22.3,1,0,0.641,High Risk
Male,1,No,No,4,Yes,No,Fiber optic,No,No,Yes,No,Yes,No,Month-to-month,No,Bank transfer (automatic),76.86,279.79,0,15.0,0,0,0.797,Critical Risk
Female,0,Yes,No,59,Yes,No,No,No,No,No,No,No,No,One year,Yes,Mailed check,18.0,1051.31,0,18.6,0,0,0.052,Healthy
Male,0,No,No,57,Yes,No,DSL,Yes,Yes,No,Yes,Yes,Yes,Two year,Yes,Bank transfer (automatic),65.84,3744.29,1,10.8,2,0,0.088,Healthy
Male,0,No,Yes,47,Yes,No,Fiber optic,Yes,No,No,No,No,Yes,Month-to-month,No,Electronic check,70.2,3283.68,1,15.5,0,0,0.638,High Risk
Female,1,Yes,No,65,Yes,No,Fiber optic,Yes,Yes,No,Yes,Yes,No,One year,Yes,Credit card (automatic),86.77,5667.11,1,15.1,0,0,0.099,Healthy
Male,0,Yes,No,56,Yes,No,DSL,No,No,No,No,Yes,Yes,Month-to-month,Yes,Bank transfer (automatic),50.58,2853.46,0,25.9,0,0,0.277,Watch
Male,0,Yes,No,50,No,No,DSL,No,Yes,No,No,Yes,No,Month-to-month,No,Bank transfer (automatic),52.35,2613.4,0,13.2,0,0,0.347,Watch
Male,1,Yes,No,24,Yes,Yes,Fiber optic,Yes,No,Yes,No,No,No,Month-to-month,Yes,Credit card (automatic),75.95,1830.03,2,15.4,1,1,0.77,Critical Risk
Female,0,No,No,4,Yes,Yes,Fiber optic,No,Yes,Yes,No,Yes,No,Two year,Yes,Electronic check,78.59,307.86,1,20.9,0,0,0.385,Watch
Female,1,Yes,No,52,Yes,No,Fiber optic,Yes,Yes,No,No,No,No,Two year,No,Electronic check,83.05,4317.44,2,9.8,0,0,0.247,Watch
Female,0,No,Yes,61,Yes,Yes,DSL,No,Yes,No,No,Yes,No,Month-to-month,No,Electronic check,50.82,3114.62,4,4.8,0,0,0.577,High Risk
Male,0,Yes,No,50,Yes,Yes,DSL,Yes,Yes,Yes,Yes,No,No,Month-to-month,Yes,Electronic check,66.26,3292.81,2,11.5,0,0,0.523,High Risk
Male,0,No,No,47,Yes,Yes,Fiber optic,Yes,No,No,No,Yes,Yes,Month-to-month,No,Electronic check,80.1,3755.39,3,17.8,0,1,0.764,Critical Risk
Male,0,No,Yes,52,No,No,Fiber optic,Yes,No,No,No,Yes,No,Month-to-month,No,Credit card (automatic),74.72,3886.71,2,12.0,2,1,0.775,Critical Risk
Female,0,No,No,20,Yes,No,Fiber optic,Yes,No,No,Yes,Yes,No,Month-to-month,Yes,Mailed check,78.39,1546.93,0,14.9,1,1,0.771,Critical Risk
Male,0,No,No,8,No,No,DSL,Yes,No,Yes,Yes,Yes,Yes,Month-to-month,No,Electronic check,70.2,568.08,0,10.7,1,0,0.762,Critical Risk
Male,0,Yes,No,45,Yes,No,Fiber optic,Yes,Yes,No,No,No,No,One year,Yes,Bank transfer (automatic),80.71,3655.0,3,13.1,0,1,0.422,High Risk
Female,0,No,No,68,Yes,Yes,DSL,Yes,Yes,No,No,Yes,No,Month-to-month,No,Mailed check,47.92,3273.11,1,6.6,1,0,0.286,Watch
Female,0,No,No,9,Yes,Yes,DSL,No,No,Yes,Yes,Yes,No,One year,Yes,Electronic check,52.91,491.37,0,18.2,2,0,0.416,High Risk
Female,0,Yes,Yes,5,Yes,Yes,Fiber optic,Yes,No,No,No,No,No,One year,Yes,Credit card (automatic),65.74,313.03,0,18.0,1,1,0.524,High Risk
Male,0,No,No,51,Yes,Yes,Fiber optic,Yes,Yes,No,Yes,No,No,Two year,Yes,Credit card (automatic),82.2,4191.57,0,23.4,0,0,0.057,Healthy
Female,1,Yes,No,30,Yes,No,No,No,No,No,No,No,No,Month-to-month,Yes,Bank transfer (automatic),18.27,568.72,1,7.5,2,0,0.613,High Risk
Female,1,No,No,65,Yes,No,No,No,No,No,No,No,No,Two year,Yes,Mailed check,18.0,1148.66,3,26.0,0,0,0.023,Healthy
Male,0,Yes,Yes,34,Yes,Yes,Fiber optic,Yes,Yes,Yes,Yes,No,Yes,One year,No,Electronic check,95.7,3228.17,1,11.4,0,0,0.412,High Risk
Female,0,No,Yes,38,Yes,Yes,Fiber optic,No,No,Yes,Yes,No,No,One year,Yes,Mailed check,73.98,2811.58,1,1.8,3,0,0.518,High Risk
Female,0,Yes,No,4,Yes,Yes,Fiber optic,No,Yes,No,No,No,Yes,One year,Yes,Mailed check,78.02,308.56,0,20.8,0,0,0.486,High Risk
Male,0,Yes,No,69,Yes,No,Fiber optic,No,Yes,No,Yes,No,Yes,Month-to-month,No,Mailed check,80.76,5596.58,3,20.8,1,0,0.454,High Risk
Female,0,Yes,No,24,Yes,No,DSL,No,No,No,Yes,No,No,Month-to-month,No,Mailed check,40.79,1000.59,2,11.2,2,0,0.66,High Risk
Female,0,No,No,31,Yes,No,Fiber optic,Yes,Yes,Yes,No,Yes,Yes,One year,Yes,Mailed check,93.1,2887.04,0,7.5,0,1,0.417,High Risk
Female,0,Yes,No,45,Yes,No,No,No,No,No,No,No,No,Two year,Yes,Bank transfer (automatic),18.51,828.43,3,0.0,0,0,0.08,Healthy
Female,0,No,No,62,No,No,DSL,No,Yes,Yes,No,No,Yes,Two year,No,Electronic check,63.52,3932.12,0,5.6,0,0,0.049,Healthy
Female,0,No,No,58,Yes,Yes,DSL,Yes,No,Yes,Yes,No,Yes,Month-to-month,Yes,Electronic check,69.08,3985.9,0,8.7,0,0,0.377,Watch
Female,0,No,No,56,Yes,Yes,DSL,Yes,No,Yes,Yes,No,No,Month-to-month,Yes,Mailed check,59.61,3326.58,1,18.3,1,0,0.363,Watch
Male,0,Yes,Yes,7,Yes,Yes,Fiber optic,Yes,Yes,No,No,Yes,Yes,Month-to-month,No,Credit card (automatic),89.65,602.17,0,15.7,0,0,0.783,Critical Risk
Female,0,No,No,6,Yes,No,Fiber optic,No,No,Yes,Yes,Yes,Yes,Month-to-month,Yes,Credit card (automatic),85.1,506.3,0,14.9,0,0,0.697,High Risk
Female,0,No,No,60,Yes,Yes,Fiber optic,Yes,No,Yes,No,Yes,Yes,Month-to-month,No,Mailed check,86.78,5195.73,0,11.2,2,0,0.667,High Risk
Female,0,Yes,Yes,66,Yes,Yes,Fiber optic,Yes,Yes,No,Yes,Yes,No,One year,Yes,Bank transfer (automatic),87.01,5752.45,2,13.7,0,0,0.182,Healthy
Male,0,Yes,No,45,Yes,Yes,No,No,No,No,No,No,No,Month-to-month,No,Mailed check,18.4,847.5,1,18.2,1,0,0.309,Watch
Male,0,No,Yes,66,Yes,No,DSL,Yes,Yes,No,No,Yes,No,Two year,Yes,Electronic check,47.95,3173.9,1,17.3,0,0,0.041,Healthy
Female,0,Yes,No,23,Yes,Yes,Fiber optic,No,No,Yes,Yes,Yes,No,Month-to-month,No,Mailed check,80.27,1854.91,2,15.7,0,0,0.71,Critical Risk
Female,0,Yes,Yes,25,Yes,Yes,No,No,No,No,No,No,No,Two year,No,Mailed check,18.0,466.91,0,20.0,0,0,0.061,Healthy
Female,0,Yes,No,12,Yes,Yes,Fiber optic,Yes,Yes,Yes,Yes,Yes,Yes,Two year,Yes,Credit card (automatic),95.69,1149.05,1,6.6,0,1,0.213,Watch
Male,0,No,No,57,Yes,No,DSL,Yes,Yes,No,No,No,Yes,Month-to-month,Yes,Mailed check,51.58,2984.08,1,7.4,1,1,0.431,High Risk
Male,0,No,Yes,48,Yes,Yes,No,No,No,No,No,No,No,Two year,Yes,Electronic check,18.0,877.41,0,18.8,0,0,0.033,Healthy
Female,0,No,No,16,Yes,No,Fiber optic,No,Yes,Yes,Yes,Yes,No,One year,No,Electronic check,88.61,1407.79,0,10.8,1,0,0.572,High Risk
Male,0,No,No,72,Yes,Yes,DSL,Yes,No,No,Yes,No,Yes,Month-to-month,Yes,Electronic check,55.96,4018.89,3,12.2,1,1,0.412,High Risk
Female,1,Yes,No,2,Yes,No,DSL,Yes,No,No,No,No,No,Month-to-month,No,Mailed check,52.55,89.07,0,9.4,1,1,0.787,Critical Risk
Male,0,Yes,No,56,Yes,No,No,No,No,No,No,No,No,Month-to-month,Yes,Credit card (automatic),18.0,1008.46,2,10.5,0,0,0.264,Watch
Male,0,Yes,No,15,Yes,Yes,DSL,Yes,No,Yes,No,No,Yes,Month-to-month,Yes,Electronic check,60.88,885.85,1,9.9,0,0,0.789,Critical Risk
Female,1,Yes,No,57,Yes,Yes,Fiber optic,Yes,No,No,Yes,Yes,Yes,Month-to-month,Yes,Electronic check,83.4,4749.52,0,23.3,0,1,0.451,High Risk
Male,0,Yes,No,35,Yes,Yes,Fiber optic,No,No,No,No,No,No,One year,Yes,Electronic check,61.69,2106.7,2,14.5,0,0,0.472,High Risk
Female,0,No,No,17,Yes,Yes,Fiber optic,Yes,No,Yes,No,Yes,Yes,Month-to-month,Yes,Bank transfer (automatic),84.49,1461.6,1,16.0,0,1,0.825,Critical Risk
Female,0,Yes,No,4,Yes,No,Fiber optic,Yes,Yes,No,Yes,Yes,Yes,One year,Yes,Credit card (automatic),89.59,356.43,1,4.8,1,0,0.609,High Risk
Female,0,Yes,No,45,Yes,Yes,DSL,Yes,No,No,No,No,No,Two year,Yes,Bank transfer (automatic),44.34,2045.07,1,9.0,0,0,0.067,Healthy
Male,0,Yes,No,11,Yes,Yes,Fiber optic,Yes,No,No,No,Yes,No,Month-to-month,Yes,Bank transfer (automatic),77.5,852.17,4,9.0,0,1,0.928,Critical Risk
Male,1,Yes,No,32,Yes,No,DSL,Yes,Yes,Yes,No,Yes,Yes,One year,Yes,Bank transfer (automatic),73.47,2348.22,0,16.4,1,0,0.256,Watch
Female,1,Yes,No,69,Yes,Yes,DSL,Yes,No,No,Yes,No,No,Two year,No,Credit card (automatic),55.41,3801.78,1,9.3,0,0,0.017,Healthy
Male,0,Yes,Yes,64,Yes,No,DSL,No,Yes,No,Yes,Yes,Yes,Month-to-month,No,Bank transfer (automatic),62.27,3981.44,1,16.8,1,0,0.266,Watch
Male,0,Yes,No,36,Yes,Yes,Fiber optic,Yes,Yes,Yes,Yes,No,Yes,Month-to-month,Yes,Bank transfer (automatic),94.18,3428.71,2,3.8,0,1,0.722,Critical Risk
Male,0,No,No,53,Yes,No,DSL,Yes,Yes,No,No,Yes,Yes,Month-to-month,No,Credit card (automatic),59.58,3162.45,1,7.6,0,0,0.362,Watch
Female,0,No,No,60,Yes,No,Fiber optic,No,Yes,No,No,No,Yes,Two year,Yes,Mailed check,71.45,4309.12,1,4.6,0,0,0.092,Healthy
Male,0,No,No,44,Yes,No,DSL,No,No,No,Yes,No,Yes,One year,No,Electronic check,52.39,2305.92,3,13.5,1,1,0.275,Watch
Male,0,No,No,15,Yes,No,Fiber optic,Yes,No,Yes,Yes,No,Yes,Month-to-month,No,Credit card (automatic),86.73,1331.34,1,7.4,0,0,0.754,Critical Risk
Female,0,No,No,59,Yes,No,DSL,No,Yes,Yes,Yes,No,No,Month-to-month,Yes,Mailed check,54.59,3237.26,1,12.5,0,0,0.211,Watch
Male,0,No,No,6,Yes,No,Fiber optic,No,No,No,No,Yes,Yes,One year,Yes,Credit card (automatic),75.99,440.96,0,5.0,1,0,0.607,High Risk
Female,0,No,No,38,Yes,Yes,No,No,No,No,No,No,No,Month-to-month,No,Mailed check,18.0,695.84,0,4.2,0,0,0.314,Watch
Female,0,No,No,56,Yes,No,DSL,Yes,No,Yes,No,No,Yes,Month-to-month,No,Credit card (automatic),56.0,3158.05,1,9.4,0,0,0.321,Watch
Female,0,Yes,Yes,41,No,No,Fiber optic,No,Yes,No,Yes,No,No,Two year,Yes,Bank transfer (automatic),76.41,3091.1,1,23.2,2,0,0.153,Healthy
Female,1,Yes,No,25,Yes,No,Fiber optic,Yes,No,Yes,Yes,Yes,Yes,One year,No,Bank transfer (automatic),91.9,2284.06,0,4.8,1,0,0.481,High Risk
Male,0,Yes,No,30,Yes,No,DSL,Yes,No,Yes,No,No,Yes,One year,Yes,Bank transfer (automatic),60.58,1784.29,2,12.2,0,0,0.346,Watch
Male,0,Yes,No,33,Yes,Yes,DSL,No,Yes,No,Yes,No,No,Month-to-month,No,Credit card (automatic),52.29,1743.94,0,16.2,1,0,0.336,Watch
Male,0,No,No,54,Yes,Yes,DSL,No,No,No,Yes,Yes,Yes,Month-to-month,No,Credit card (automatic),53.69,2911.91,2,14.7,1,0,0.348,Watch
Male,0,Yes,Yes,72,No,No,Fiber optic,Yes,Yes,Yes,No,Yes,No,Month-to-month,No,Mailed check,81.37,5855.7,0,8.8,1,0,0.374,Watch
Female,1,No,No,56,Yes,No,DSL,Yes,No,Yes,No,No,Yes,One year,No,Bank transfer (automatic),57.75,3232.11,2,7.5,4,1,0.436,High Risk
Female,1,No,No,23,Yes,No,No,No,No,No,No,No,No,Two year,No,Credit card (automatic),21.12,490.61,2,13.9,1,0,0.093,Healthy
Female,0,No,No,8,Yes,No,Fiber optic,No,No,No,Yes,No,No,Two year,Yes,Bank transfer (automatic),67.47,546.25,2,20.3,0,0,0.278,Watch
Female,0,Yes,No,34,Yes,No,Fiber optic,Yes,No,Yes,Yes,Yes,Yes,Month-to-month,Yes,Electronic check,95.75,3303.56,1,11.2,1,1,0.842,Critical Risk
Female,0,Yes,No,62,Yes,Yes,No,No,No,No,No,No,No,Month-to-month,Yes,Electronic check,21.44,1324.82,3,15.7,1,0,0.475,High Risk
Male,0,Yes,No,46,Yes,Yes,DSL,Yes,Yes,Yes,Yes,No,No,Month-to-month,Yes,Bank transfer (automatic),67.89,3125.47,2,13.5,1,0,0.46,High Risk
Male,0,No,No,23,Yes,Yes,Fiber optic,No,No,Yes,Yes,No,Yes,Month-to-month,Yes,Electronic check,85.1,1969.73,1,23.1,2,1,0.85,Critical Risk
Female,0,No,No,6,Yes,No,DSL,No,Yes,Yes,Yes,No,No,One year,No,Bank transfer (automatic),48.12,307.71,2,7.3,0,0,0.281,Watch
Male,0,No,Yes,18,Yes,No,Fiber optic,No,No,Yes,Yes,Yes,No,Month-to-month,Yes,Credit card (automatic),79.35,1431.05,2,20.2,0,0,0.702,Critical Risk
Female,0,No,Yes,52,No,No,DSL,No,No,No,Yes,No,No,Two year,No,Mailed check,43.31,2258.89,1,7.3,1,0,0.057,Healthy
Female,0,No,No,48,Yes,No,No,No,No,No,No,No,No,Month-to-month,No,Electronic check,22.85,1096.35,1,11.8,0,0,0.359,Watch
Female,0,No,No,32,Yes,Yes,Fiber optic,Yes,No,No,No,Yes,No,Month-to-month,No,Credit card (automatic),77.23,2466.19,0,20.2,0,0,0.627,High Risk
Female,0,Yes,No,24,Yes,Yes,Fiber optic,No,Yes,Yes,No,No,Yes,One year,Yes,Mailed check,78.9,1951.7,0,19.1,1,0,0.365,Watch
Female,0,Yes,No,12,Yes,No,No,No,No,No,No,No,No,Two year,No,Electronic check,20.92,253.86,2,6.1,0,0,0.209,Watch
Female,0,Yes,Yes,70,Yes,No,DSL,Yes,No,Yes,No,Yes,Yes,Two year,Yes,Mailed check,59.56,4201.27,0,14.0,1,0,0.034,Healthy
Female,0,No,No,31,Yes,No,No,No,No,No,No,No,No,Month-to-month,Yes,Bank transfer (automatic),18.0,552.72,0,20.3,0,0,0.356,Watch
Male,0,No,No,56,Yes,Yes,Fiber optic,No,Yes,No,Yes,No,Yes,Month-to-month,No,Bank transfer (automatic),84.96,4737.55,0,17.2,0,0,0.398,Watch
Male,0,No,Yes,33,Yes,Yes,Fiber optic,Yes,No,No,Yes,Yes,No,Month-to-month,Yes,Mailed check,76.04,2481.81,1,6.8,0,0,0.682,High Risk
Female,0,No,No,41,Yes,No,Fiber optic,No,No,Yes,No,Yes,Yes,Two year,No,Electronic check,76.1,3113.8,1,12.3,4,0,0.481,High Risk
Female,1,No,No,46,Yes,Yes,No,No,No,No,No,No,No,Month-to-month,No,Mailed check,18.74,822.02,2,16.6,2,1,0.398,Watch
Female,0,Yes,No,25,Yes,Yes,No,No,No,No,No,No,No,One year,Yes,Bank transfer (automatic),18.0,476.84,1,12.3,1,1,0.274,Watch
Female,0,Yes,No,68,No,No,Fiber optic,No,Yes,Yes,No,Yes,No,Month-to-month,Yes,Electronic check,84.7,5756.1,3,6.8,0,0,0.65,High Risk
Female,0,No,No,33,Yes,Yes,Fiber optic,No,No,Yes,No,Yes,Yes,Month-to-month,No,Credit card (automatic),86.28,2850.72,1,14.6,1,0,0.745,Critical Risk
Female,0,No,Yes,55,Yes,No,No,No,No,No,No,No,No,Month-to-month,No,Electronic check,20.91,1131.17,1,25.7,2,0,0.479,High Risk
Female,0,No,No,66,No,No,Fiber optic,Yes,No,No,No,No,No,One year,Yes,Electronic check,69.82,4580.03,2,14.3,0,0,0.283,Watch
Male,0,Yes,Yes,27,Yes,Yes,No,No,No,No,No,No,No,Month-to-month,Yes,Electronic check,18.0,464.77,1,3.6,0,0,0.614,High Risk
Male,0,No,No,17,Yes,No,Fiber optic,No,Yes,Yes,No,No,Yes,Month-to-month,Yes,Electronic check,79.75,1379.37,1,6.2,0,1,0.855,Critical Risk
Male,0,No,No,70,Yes,Yes,DSL,Yes,No,Yes,No,Yes,No,Month-to-month,No,Electronic check,59.14,4158.56,1,19.6,0,0,0.3,Watch
Male,0,No,No,57,Yes,Yes,No,No,No,No,No,No,No,Month-to-month,No,Mailed check,18.0,1023.98,2,16.6,0,1,0.263,Watch
Female,0,Yes,No,57,Yes,No,Fiber optic,No,Yes,Yes,No,No,No,Month-to-month,Yes,Credit card (automatic),75.89,4301.37,3,16.1,0,0,0.545,High Risk
Male,0,No,No,69,Yes,No,DSL,No,No,No,No,No,Yes,One year,Yes,Electronic check,45.7,3155.25,0,17.0,1,0,0.102,Healthy
Male,0,No,No,2,No,No,DSL,No,Yes,No,Yes,No,No,Two year,No,Electronic check,48.26,120.64,2,23.8,0,0,0.174,Healthy
Male,0,No,No,68,Yes,No,DSL,Yes,No,Yes,No,No,No,One year,Yes,Electronic check,53.37,3667.27,0,17.7,1,0,0.12,Healthy
Female,0,No,Yes,8,Yes,Yes,Fiber optic,Yes,No,Yes,No,No,Yes,Month-to-month,Yes,Electronic check,82.81,708.45,2,12.3,0,0,0.916,Critical Risk
Female,0,No,Yes,10,No,No,No,No,No,No,No,No,No,Month-to-month,No,Electronic check,18.0,187.26,1,12.7,1,1,0.708,Critical Risk
Male,0,No,No,15,Yes,Yes,No,No,No,No,No,No,No,Month-to-month,No,Electronic check,21.72,310.61,2,16.4,0,0,0.696,High Risk
Female,0,No,No,8,No,No,DSL,No,No,No,No,No,No,Month-to-month,Yes,Electronic check,38.02,309.64,1,1.6,0,0,0.77,Critical Risk
Female,0,Yes,Yes,6,No,No,DSL,Yes,No,Yes,No,Yes,No,Month-to-month,No,Electronic check,57.06,327.99,0,26.3,2,0,0.821,Critical Risk
Female,0,Yes,No,9,No,No,DSL,No,No,Yes,Yes,Yes,Yes,Month-to-month,Yes,Credit card (automatic),64.82,608.16,0,12.1,1,1,0.574,High Risk
Female,0,Yes,Yes,35,Yes,Yes,Fiber optic,No,Yes,Yes,No,Yes,No,Month-to-month,Yes,Electronic check,78.7,2782.94,1,7.6,0,1,0.758,Critical Risk
Female,0,No,No,27,Yes,Yes,No,No,No,No,No,No,No,One year,No,Bank transfer (automatic),25.85,694.49,2,13.7,2,0,0.418,High Risk
Male,0,Yes,No,24,Yes,Yes,No,No,No,No,No,No,No,Month-to-month,Yes,Electronic check,18.0,446.91,1,10.4,1,0,0.638,High Risk
Female,0,Yes,Yes,12,Yes,Yes,DSL,No,Yes,No,No,No,Yes,Month-to-month,No,Mailed check,49.13,613.62,0,25.9,0,0,0.457,High Risk
Male,1,No,Yes,71,Yes,Yes,Fiber optic,Yes,Yes,Yes,Yes,Yes,Yes,Month-to-month,Yes,Electronic check,103.47,7322.83,0,14.2,1,0,0.442,High Risk
Male,0,No,No,24,Yes,Yes,Fiber optic,No,No,No,Yes,No,No,Month-to-month,Yes,Electronic check,69.91,1700.0,1,15.8,0,1,0.737,Critical Risk
Female,0,Yes,No,34,Yes,No,No,No,No,No,No,No,No,Two year,No,Electronic check,18.0,616.15,0,18.4,0,0,0.063,Healthy
Female,0,Yes,No,10,Yes,Yes,Fiber optic,No,No,No,Yes,No,Yes,Two year,Yes,Bank transfer (automatic),76.52,755.68,2,10.4,1,0,0.396,Watch
Female,0,No,Yes,15,No,No,Fiber optic,Yes,No,No,No,Yes,No,Month-to-month,Yes,Credit card (automatic),76.01,1113.46,0,13.5,0,1,0.768,Critical Risk
Male,0,Yes,No,17,Yes,Yes,Fiber optic,No,Yes,Yes,Yes,Yes,No,Month-to-month,Yes,Mailed check,82.2,1405.13,3,15.7,2,1,0.877,Critical Risk
Male,0,Yes,No,70,Yes,No,DSL,No,Yes,No,No,No,Yes,Month-to-month,Yes,Bank transfer (automatic),49.81,3500.5,3,17.3,1,0,0.347,Watch
Male,0,Yes,No,12,Yes,Yes,Fiber optic,Yes,No,Yes,No,No,No,One year,Yes,Mailed check,79.63,999.68,5,7.1,0,0,0.776,Critical Risk
Female,1,Yes,No,37,Yes,Yes,Fiber optic,Yes,Yes,No,Yes,Yes,Yes,Month-to-month,Yes,Credit card (automatic),99.04,3647.9,1,9.4,1,0,0.668,High Risk
Female,0,No,Yes,39,Yes,No,No,No,No,No,No,No,No,Two year,Yes,Mailed check,18.0,725.95,0,0.0,0,0,0.05,Healthy
Female,0,Yes,No,5,Yes,Yes,DSL,Yes,Yes,No,No,Yes,No,Month-to-month,Yes,Electronic check,61.67,335.63,3,10.3,0,1,0.885,Critical Risk
Female,0,No,No,25,Yes,No,No,No,No,No,No,No,No,Month-to-month,Yes,Bank transfer (automatic),20.96,516.64,1,15.1,0,0,0.531,High Risk
Male,1,Yes,No,5,Yes,No,DSL,No,No,Yes,Yes,No,Yes,Two year,Yes,Credit card (automatic),58.12,311.0,0,20.0,0,0,0.07,Healthy
Male,1,Yes,No,12,Yes,Yes,Fiber optic,Yes,Yes,Yes,Yes,Yes,Yes,One year,Yes,Credit card (automatic),98.57,1155.54,5,17.9,0,0,0.551,High Risk
Male,0,Yes,Yes,49,Yes,No,No,No,No,No,No,No,No,Month-to-month,No,Credit card (automatic),18.0,922.17,0,9.1,0,0,0.236,Watch
Male,1,No,Yes,41,Yes,No,DSL,No,No,Yes,Yes,No,Yes,Month-to-month,No,Electronic check,56.92,2330.45,1,11.5,0,1,0.374,Watch
Male,1,Yes,Yes,36,Yes,Yes,Fiber optic,Yes,No,Yes,No,Yes,Yes,Two year,Yes,Mailed check,87.02,3117.51,0,19.1,1,0,0.176,Healthy
Male,0,Yes,No,15,Yes,No,Fiber optic,Yes,No,No,Yes,Yes,No,Two year,No,Mailed check,76.34,1143.89,0,11.8,0,1,0.224,Watch
Male,1,Yes,Yes,45,Yes,No,No,No,No,No,No,No,No,One year,No,Credit card (automatic),20.74,935.88,0,12.5,0,0,0.048,Healthy
Female,0,No,Yes,66,Yes,Yes,DSL,No,No,No,No,No,No,Month-to-month,No,Electronic check,35.98,2357.64,2,21.8,0,1,0.295,Watch
Male,0,Yes,Yes,62,Yes,Yes,No,No,No,No,No,No,No,Month-to-month,No,Mailed check,18.0,1141.97,1,18.7,1,0,0.232,Watch
Male,0,No,Yes,12,Yes,Yes,No,No,No,No,No,No,No,One year,Yes,Bank transfer (automatic),21.22,262.21,4,8.1,0,0,0.42,High Risk
Male,0,No,No,49,Yes,Yes,Fiber optic,Yes,No,Yes,Yes,No,Yes,Month-to-month,No,Electronic check,86.83,4257.51,0,10.5,0,0,0.626,High Risk
Male,0,No,No,17,Yes,No,Fiber optic,No,No,No,No,Yes,Yes,Month-to-month,No,Credit card (automatic),74.94,1252.65,2,24.2,1,1,0.827,Critical Risk
Female,0,No,No,62,Yes,Yes,Fiber optic,Yes,Yes,No,Yes,No,No,Month-to-month,Yes,Bank transfer (automatic),82.95,5158.67,0,16.1,0,0,0.368,Watch
Male,1,Yes,No,34,Yes,Yes,DSL,No,No,No,Yes,Yes,No,Month-to-month,Yes,Electronic check,49.47,1701.28,1,21.5,0,1,0.425,High Risk
Male,0,No,No,54,Yes,No,Fiber optic,Yes,Yes,No,Yes,No,No,One year,Yes,Bank transfer (automatic),81.18,4394.46,1,7.1,1,0,0.317,Watch
Male,1,No,No,39,Yes,No,DSL,No,No,No,Yes,Yes,Yes,Two year,Yes,Bank transfer (automatic),58.6,2284.39,1,16.9,0,0,0.052,Healthy
Female,0,Yes,Yes,49,Yes,No,DSL,No,Yes,Yes,No,No,No,Month-to-month,Yes,Electronic check,46.22,2256.84,2,17.9,1,0,0.577,High Risk
Female,0,No,Yes,68,Yes,Yes,DSL,Yes,No,Yes,Yes,Yes,No,Two year,Yes,Credit card (automatic),70.93,4828.53,1,21.3,0,0,0.021,Healthy
Male,0,Yes,No,9,Yes,Yes,Fiber optic,Yes,No,No,Yes,Yes,Yes,Month-to-month,Yes,Mailed check,93.87,848.96,0,21.6,0,0,0.781,Critical Risk
Male,0,No,No,65,Yes,Yes,Fiber optic,Yes,No,No,Yes,Yes,Yes,Two year,Yes,Mailed check,82.34,5370.18,0,11.6,0,0,0.052,Healthy
Male,0,No,No,35,Yes,Yes,Fiber optic,Yes,Yes,No,No,No,No,One year,No,Bank transfer (automatic),76.08,2671.83,0,15.9,0,0,0.304,Watch
Male,0,No,Yes,10,Yes,No,DSL,No,Yes,No,No,Yes,No,Month-to-month,Yes,Electronic check,50.76,473.08,1,12.7,2,1,0.851,Critical Risk
Female,0,Yes,Yes,31,Yes,No,Fiber optic,No,Yes,Yes,Yes,No,Yes,Two year,Yes,Bank transfer (automatic),92.03,2862.01,2,17.9,2,0,0.335,Watch
Female,0,No,Yes,4,Yes,No,Fiber optic,No,Yes,No,Yes,No,Yes,One year,Yes,Electronic check,82.66,322.12,0,5.1,0,0,0.593,High Risk
Female,0,No,No,39,Yes,Yes,Fiber optic,No,No,Yes,No,Yes,Yes,One year,Yes,Credit card (automatic),83.56,3236.89,1,2.3,0,1,0.325,Watch
Male,1,Yes,No,34,Yes,No,DSL,No,No,No,Yes,No,Yes,Two year,Yes,Credit card (automatic),50.7,1696.57,1,15.7,0,0,0.041,Healthy
Male,0,No,Yes,28,Yes,Yes,Fiber optic,Yes,Yes,Yes,No,No,Yes,Month-to-month,No,Bank transfer (automatic),78.88,2194.11,2,13.9,0,0,0.757,Critical Risk
Male,0,No,Yes,32,Yes,Yes,Fiber optic,No,No,Yes,Yes,Yes,Yes,Month-to-month,No,Electronic check,84.14,2656.67,1,15.6,0,1,0.706,Critical Risk
Male,0,No,Yes,45,No,No,No,No,No,No,No,No,No,Month-to-month,Yes,Mailed check,18.7,835.79,1,12.1,0,1,0.266,Watch
Female,1,No,Yes,60,Yes,Yes,Fiber optic,Yes,No,Yes,No,Yes,No,Month-to-month,No,Credit card (automatic),82.52,4975.09,1,20.5,2,0,0.575,High Risk
Male,0,Yes,No,28,Yes,No,DSL,No,Yes,Yes,Yes,No,Yes,Two year,Yes,Mailed check,55.55,1555.54,1,17.1,0,0,0.06,Healthy
Male,0,Yes,No,1,Yes,Yes,DSL,No,No,Yes,No,No,No,Two year,Yes,Electronic check,45.0,18.32,1,11.2,0,0,0.267,Watch
Female,0,Yes,No,40,Yes,Yes,DSL,Yes,No,No,No,Yes,No,One year,Yes,Electronic check,50.14,1984.84,1,13.1,1,0,0.326,Watch
Male,0,Yes,No,68,Yes,No,DSL,Yes,Yes,Yes,Yes,No,Yes,One year,Yes,Electronic check,70.69,4853.7,3,3.0,0,0,0.155,Healthy
Male,0,Yes,No,28,Yes,Yes,No,No,No,No,No,No,No,Month-to-month,Yes,Electronic check,18.0,508.22,5,27.7,0,1,0.707,Critical Risk
Male,0,No,No,8,Yes,No,Fiber optic,Yes,Yes,No,Yes,Yes,Yes,Two year,Yes,Electronic check,92.21,742.75,1,12.4,0,0,0.402,High Risk
Male,0,Yes,No,65,Yes,No,DSL,Yes,No,No,Yes,Yes,No,Month-to-month,Yes,Mailed check,57.47,3736.85,0,17.7,0,0,0.192,Healthy
Male,0,No,No,30,Yes,Yes,No,No,No,No,No,No,No,Month-to-month,No,Mailed check,18.0,503.93,2,15.6,1,0,0.55,High Risk
Male,0,Yes,No,27,Yes,Yes,DSL,No,Yes,Yes,No,Yes,Yes,Two year,Yes,Mailed check,54.7,1442.52,1,13.8,0,0,0.092,Healthy
Male,1,Yes,Yes,21,Yes,No,Fiber optic,No,No,Yes,Yes,Yes,Yes,Two year,No,Mailed check,86.04,1784.76,0,15.2,1,1,0.179,Healthy
Male,0,No,Yes,53,Yes,No,DSL,Yes,Yes,No,Yes,No,Yes,One year,No,Credit card (automatic),52.9,2789.97,0,0.8,0,0,0.066,Healthy
Male,0,No,No,10,Yes,No,Fiber optic,No,No,No,No,Yes,No,Month-to-month,Yes,Credit card (automatic),70.04,681.08,4,18.0,1,1,0.906,Critical Risk
Female,0,Yes,No,44,Yes,No,Fiber optic,Yes,Yes,Yes,Yes,No,Yes,Month-to-month,Yes,Mailed check,95.54,4201.2,1,11.0,0,1,0.555,High Risk
Male,0,No,Yes,25,Yes,No,DSL,No,No,Yes,Yes,No,No,Month-to-month,Yes,Mailed check,49.65,1261.52,3,18.3,0,0,0.587,High Risk
Female,0,No,No,28,Yes,No,DSL,Yes,No,Yes,Yes,Yes,Yes,Month-to-month,Yes,Credit card (automatic),70.76,2007.32,2,17.7,1,0,0.628,High Risk
Female,0,Yes,No,15,No,No,Fiber optic,No,No,No,No,Yes,No,Two year,No,Electronic check,74.76,1111.07,1,13.4,0,0,0.428,High Risk
Male,0,No,No,58,Yes,Yes,Fiber optic,Yes,No,Yes,No,Yes,Yes,One year,Yes,Mailed check,85.24,4939.6,1,21.2,0,0,0.223,Watch
Female,0,No,No,33,Yes,No,No,No,No,No,No,No,No,Two year,Yes,Bank transfer (automatic),18.0,601.41,0,25.4,2,0,0.085,Healthy
Male,0,Yes,Yes,67,Yes,No,Fiber optic,No,Yes,Yes,No,No,Yes,Month-to-month,No,Mailed check,85.69,5745.73,1,9.0,0,0,0.432,High Risk
Male,0,No,No,60,Yes,Yes,DSL,No,No,No,Yes,No,No,Month-to-month,No,Mailed check,39.57,2375.73,0,10.8,2,0,0.281,Watch
Male,1,No,Yes,55,Yes,No,Fiber optic,No,No,No,Yes,No,No,Two year,Yes,Electronic check,76.09,4197.87,2,3.0,1,0,0.236,Watch
Male,0,Yes,No,32,Yes,Yes,No,No,No,No,No,No,No,Month-to-month,Yes,Mailed check,18.31,601.61,1,13.5,0,0,0.404,High Risk
Male,0,No,No,69,Yes,No,DSL,No,No,Yes,No,Yes,No,Month-to-month,Yes,Credit card (automatic),49.22,3414.52,0,15.9,2,0,0.241,Watch
Male,0,Yes,Yes,42,Yes,No,DSL,Yes,No,Yes,No,No,Yes,Two year,Yes,Credit card (automatic),49.83,2093.99,0,8.8,2,0,0.078,Healthy
Female,0,Yes,No,31,Yes,Yes,Fiber optic,No,No,Yes,Yes,No,Yes,Month-to-month,Yes,Bank transfer (automatic),84.22,2627.83,3,12.6,0,0,0.771,Critical Risk
Male,1,Yes,No,25,Yes,Yes,No,No,No,No,No,No,No,Month-to-month,Yes,Credit card (automatic),18.37,402.67,2,26.2,0,1,0.374,Watch
Female,0,Yes,No,66,Yes,No,Fiber optic,Yes,No,No,No,Yes,Yes,One year,Yes,Bank transfer (automatic),79.01,5217.54,1,16.0,1,1,0.265,Watch
Female,0,Yes,No,18,Yes,No,Fiber optic,No,No,Yes,Yes,Yes,No,Month-to-month,No,Electronic check,78.54,1427.07,4,13.4,2,1,0.941,Critical Risk
Female,0,Yes,Yes,63,Yes,Yes,DSL,No,No,Yes,No,Yes,No,Two year,Yes,Bank transfer (automatic),46.43,2903.56,1,16.3,0,0,0.032,Healthy
Male,0,No,No,16,Yes,No,Fiber optic,No,No,No,Yes,Yes,No,Month-to-month,No,Credit card (automatic),72.32,1180.27,0,16.1,0,0,0.628,High Risk
Female,1,Yes,Yes,55,Yes,Yes,Fiber optic,Yes,No,No,Yes,Yes,No,Month-to-month,Yes,Bank transfer (automatic),75.34,4100.78,1,1.5,1,1,0.615,High Risk
Female,0,Yes,Yes,20,Yes,No,DSL,Yes,No,Yes,Yes,No,No,Two year,Yes,Credit card (automatic),56.26,1088.69,2,13.0,0,0,0.106,Healthy
Female,0,No,No,60,Yes,Yes,DSL,No,No,No,Yes,No,No,Month-to-month,No,Bank transfer (automatic),47.51,2851.78,0,11.4,1,0,0.27,Watch
Male,0,Yes,No,60,Yes,Yes,Fiber optic,No,Yes,No,Yes,No,No,Month-to-month,Yes,Electronic check,78.92,4684.24,0,21.6,1,0,0.501,High Risk
Female,0,No,No,53,No,No,DSL,No,No,Yes,No,Yes,No,Month-to-month,Yes,Electronic check,49.94,2647.54,2,12.2,0,0,0.523,High Risk
Female,0,No,No,72,Yes,No,No,No,No,No,No,No,No,Month-to-month,No,Bank transfer (automatic),18.98,1392.65,2,24.1,2,0,0.258,Watch
Male,0,Yes,No,37,Yes,Yes,No,No,No,No,No,No,No,Month-to-month,Yes,Electronic check,18.0,665.79,1,19.2,0,0,0.416,High Risk
Male,0,Yes,No,61,Yes,No,Fiber optic,Yes,No,Yes,No,No,No,Month-to-month,No,Mailed check,79.79,4852.73,0,22.3,1,0,0.523,High Risk
Male,0,No,Yes,40,Yes,No,Fiber optic,No,Yes,Yes,No,No,No,Two year,Yes,Electronic check,71.99,2899.64,0,9.5,1,0,0.195,Healthy
Female,0,Yes,No,2,Yes,Yes,No,No,No,No,No,No,No,Month-to-month,Yes,Electronic check,19.54,0.0,1,15.0,1,1,0.784,Critical Risk
Male,0,No,No,30,Yes,Yes,Fiber optic,No,No,No,Yes,Yes,No,One year,No,Electronic check,74.32,2238.31,2,25.6,2,1,0.6,High Risk
Male,0,No,No,2,Yes,No,Fiber optic,No,No,No,No,Yes,No,One year,Yes,Mailed check,69.32,138.04,1,4.9,0,0,0.664,High Risk
Female,0,No,No,48,Yes,Yes,DSL,Yes,Yes,No,Yes,Yes,No,Month-to-month,Yes,Electronic check,64.37,3058.93,2,17.6,0,0,0.433,High Risk
Male,0,Yes,No,11,Yes,Yes,No,No,No,No,No,No,No,Month-to-month,No,Credit card (automatic),18.0,189.46,1,20.8,0,0,0.419,High Risk
Male,0,No,No,23,Yes,No,DSL,No,Yes,No,Yes,Yes,No,Month-to-month,Yes,Credit card (automatic),56.64,1303.18,0,13.3,0,0,0.359,Watch
Female,1,Yes,No,63,Yes,Yes,DSL,Yes,No,No,No,Yes,Yes,One year,No,Electronic check,56.7,3577.43,1,15.7,1,0,0.165,Healthy
Female,0,No,No,53,No,No,Fiber optic,Yes,Yes,No,No,Yes,Yes,Month-to-month,Yes,Electronic check,90.79,4847.96,1,22.1,0,0,0.702,Critical Risk
Female,0,No,No,24,Yes,Yes,DSL,Yes,Yes,No,No,No,No,Month-to-month,No,Electronic check,45.88,1096.17,0,24.2,1,0,0.584,High Risk
Female,0,Yes,No,36,Yes,No,DSL,Yes,No,Yes,No,No,No,One year,Yes,Bank transfer (automatic),52.19,1872.4,1,4.5,0,0,0.246,Watch
Male,0,Yes,No,42,Yes,Yes,Fiber optic,No,No,No,No,No,Yes,One year,Yes,Mailed check,67.58,2826.14,0,20.9,2,0,0.327,Watch
Female,0,Yes,Yes,25,Yes,No,DSL,Yes,Yes,No,Yes,No,No,Two year,No,Electronic check,53.3,1318.45,1,7.1,0,0,0.15,Healthy
Female,0,No,No,54,Yes,No,No,No,No,No,No,No,No,Two year,No,Bank transfer (automatic),18.0,1009.07,2,18.0,1,0,0.061,Healthy
Male,0,Yes,No,10,Yes,Yes,No,No,No,No,No,No,No,One year,Yes,Mailed check,18.0,201.13,4,4.3,0,0,0.421,High Risk
Male,1,No,Yes,31,Yes,Yes,Fiber optic,Yes,No,Yes,No,No,No,Month-to-month,No,Mailed check,76.65,2346.7,2,4.9,1,1,0.828,Critical Risk
Male,0,No,Yes,18,Yes,Yes,DSL,Yes,No,Yes,No,Yes,Yes,Two year,Yes,Bank transfer (automatic),62.03,1121.18,1,27.8,0,0,0.138,Healthy
Male,0,Yes,No,49,Yes,Yes,Fiber optic,No,No,Yes,No,No,Yes,One year,Yes,Electronic check,70.65,3452.23,0,19.3,1,1,0.346,Watch
Male,0,No,Yes,46,Yes,Yes,DSL,No,Yes,No,No,No,Yes,Month-to-month,No,Credit card (automatic),48.85,2250.61,0,0.9,0,0,0.248,Watch
Male,1,Yes,No,58,Yes,Yes,Fiber optic,Yes,Yes,No,Yes,Yes,No,One year,No,Electronic check,87.51,5025.1,1,7.6,0,1,0.243,Watch
Female,1,Yes,Yes,26,Yes,No,DSL,Yes,Yes,No,No,No,Yes,Month-to-month,Yes,Mailed check,59.75,1520.24,0,8.6,0,1,0.553,High Risk
Male,0,No,Yes,16,Yes,Yes,Fiber optic,No,No,No,Yes,Yes,Yes,Two year,No,Credit card (automatic),83.47,1332.05,1,11.4,1,0,0.28,Watch
Female,0,Yes,Yes,2,Yes,Yes,DSL,No,Yes,No,No,Yes,No,Two year,No,Credit card (automatic),53.27,120.67,0,8.6,0,0,0.151,Healthy
Female,0,No,No,62,Yes,Yes,No,No,No,No,No,No,No,Month-to-month,No,Bank transfer (automatic),18.6,1150.74,4,5.4,1,0,0.466,High Risk
Female,0,No,No,24,Yes,No,DSL,Yes,Yes,No,No,No,No,Month-to-month,Yes,Bank transfer (automatic),55.99,1319.26,3,10.2,0,1,0.733,Critical Risk
Female,0,Yes,No,55,Yes,No,Fiber optic,Yes,Yes,Yes,No,No,No,One year,Yes,Mailed check,80.35,4428.74,0,12.8,2,0,0.347,Watch
Male,0,No,No,26,Yes,No,DSL,Yes,Yes,No,Yes,No,No,Two year,No,Electronic check,55.13,1427.91,1,8.2,2,0,0.257,Watch
Female,0,Yes,No,24,Yes,Yes,Fiber optic,Yes,No,Yes,No,No,Yes,One year,No,Mailed check,77.53,1854.97,1,19.4,0,0,0.38,Watch
Male,1,No,Yes,17,Yes,No,No,No,No,No,No,No,No,Month-to-month,Yes,Electronic check,18.0,288.54,1,7.3,1,1,0.696,High Risk
Female,1,No,Yes,57,Yes,Yes,DSL,Yes,No,Yes,Yes,Yes,Yes,Two year,Yes,Credit card (automatic),70.98,4075.63,2,17.0,0,0,0.036,Healthy
Male,1,No,No,20,Yes,No,DSL,No,No,Yes,No,No,Yes,One year,No,Electronic check,55.18,1098.18,2,16.1,0,0,0.365,Watch
Male,0,No,Yes,21,Yes,No,DSL,Yes,No,No,No,Yes,Yes,Two year,No,Bank transfer (automatic),57.45,1228.04,2,10.8,1,0,0.276,Watch
Female,0,Yes,No,51,Yes,Yes,Fiber optic,No,Yes,No,No,No,No,Month-to-month,Yes,Credit card (automatic),68.59,3492.35,2,10.2,0,1,0.575,High Risk
Male,0,No,No,37,Yes,Yes,Fiber optic,Yes,Yes,No,Yes,No,No,Month-to-month,Yes,Electronic check,77.16,2820.05,2,19.8,1,1,0.758,Critical Risk
Female,0,Yes,No,54,No,No,No,No,No,No,No,No,No,One year,No,Bank transfer (automatic),18.0,979.31,1,9.0,1,0,0.124,Healthy
Male,0,No,No,7,Yes,No,No,No,No,No,No,No,No,One year,Yes,Mailed check,18.0,137.17,2,20.2,0,0,0.288,Watch
Male,1,Yes,No,69,Yes,No,DSL,No,No,No,Yes,No,Yes,Month-to-month,No,Electronic check,51.91,3552.41,3,14.0,0,0,0.283,Watch
Female,0,Yes,No,17,Yes,Yes,No,No,No,No,No,No,No,Month-to-month,No,Bank transfer (automatic),18.34,332.67,0,21.5,1,0,0.519,High Risk
Female,0,Yes,No,8,Yes,No,No,No,No,No,No,No,No,Two year,Yes,Mailed check,18.0,135.36,2,4.6,0,0,0.174,Healthy
Male,0,Yes,No,7,No,No,Fiber optic,No,No,Yes,No,No,Yes,One year,No,Mailed check,71.97,528.56,2,13.0,0,0,0.553,High Risk
Male,0,Yes,No,22,Yes,No,DSL,Yes,Yes,Yes,Yes,Yes,Yes,Month-to-month,Yes,Electronic check,72.73,1605.01,2,9.7,1,0,0.765,Critical Risk
Male,0,Yes,No,30,Yes,Yes,Fiber optic,Yes,Yes,Yes,Yes,No,Yes,Month-to-month,Yes,Mailed check,93.07,2778.06,1,23.7,1,0,0.704,Critical Risk
Female,0,No,No,5,Yes,Yes,Fiber optic,Yes,No,Yes,No,No,Yes,Two year,No,Electronic check,78.76,383.86,2,15.1,0,0,0.496,High Risk
Female,0,No,No,45,Yes,No,Fiber optic,Yes,Yes,Yes,Yes,No,Yes,Month-to-month,Yes,Bank transfer (automatic),88.71,4025.88,2,10.7,1,0,0.654,High Risk
Male,0,Yes,No,44,Yes,No,DSL,Yes,Yes,Yes,No,Yes,Yes,One year,Yes,Bank transfer (automatic),67.24,2974.23,3,7.2,0,0,0.252,Watch
Male,0,No,Yes,56,Yes,No,Fiber optic,Yes,Yes,Yes,Yes,No,Yes,Month-to-month,Yes,Electronic check,92.97,5212.08,0,8.4,0,0,0.561,High Risk
Male,0,Yes,No,1,Yes,No,Fiber optic,Yes,No,Yes,No,Yes,Yes,Two year,No,Electronic check,87.92,105.9,1,16.5,0,1,0.533,High Risk
Male,0,No,No,7,Yes,No,DSL,Yes,Yes,No,No,No,No,One year,Yes,Credit card (automatic),51.53,379.31,0,17.9,1,0,0.32,Watch
Female,0,Yes,No,14,Yes,No,No,No,No,No,No,No,No,One year,Yes,Mailed check,18.0,274.87,2,23.8,1,0,0.332,Watch
Female,0,No,Yes,31,Yes,No,DSL,Yes,Yes,Yes,No,No,No,One year,Yes,Bank transfer (automatic),50.02,1583.31,0,14.2,0,0,0.166,Healthy
Male,0,Yes,No,42,No,No,DSL,Yes,No,Yes,Yes,No,No,Two year,Yes,Electronic check,51.51,2191.25,0,1.9,1,0,0.082,Healthy
Female,0,Yes,No,14,Yes,No,Fiber optic,No,No,No,Yes,Yes,No,Month-to-month,Yes,Electronic check,74.65,1086.33,1,16.4,0,1,0.838,Critical Risk
Male,0,No,No,26,Yes,No,Fiber optic,Yes,No,Yes,No,Yes,Yes,Month-to-month,No,Electronic check,83.03,2150.4,4,17.0,0,0,0.914,Critical Risk
Male,0,No,No,37,Yes,No,DSL,Yes,Yes,Yes,Yes,Yes,Yes,Month-to-month,Yes,Bank transfer (automatic),74.6,2748.81,1,11.4,2,0,0.622,High Risk
Male,1,No,No,39,Yes,No,Fiber optic,Yes,No,No,Yes,No,Yes,Two year,Yes,Mailed check,82.65,3264.15,2,17.6,1,0,0.186,Healthy
Male,0,Yes,No,38,Yes,No,Fiber optic,Yes,Yes,Yes,Yes,No,Yes,One year,Yes,Credit card (automatic),88.63,3375.21,3,15.0,1,0,0.359,Watch
Male,0,No,Yes,46,No,No,DSL,No,Yes,No,No,Yes,Yes,Month-to-month,No,Electronic check,52.59,2413.33,2,17.4,1,1,0.522,High Risk
Female,1,No,No,55,Yes,No,DSL,Yes,Yes,Yes,Yes,Yes,No,Month-to-month,Yes,Mailed check,65.55,3595.02,0,5.6,0,0,0.243,Watch
Female,0,Yes,No,61,Yes,Yes,Fiber optic,No,No,Yes,Yes,Yes,Yes,One year,No,Mailed check,85.57,5229.41,1,16.6,0,0,0.138,Healthy
Male,0,Yes,No,70,Yes,Yes,Fiber optic,Yes,Yes,No,Yes,Yes,Yes,Month-to-month,Yes,Electronic check,98.5,6881.48,1,5.5,1,0,0.619,High Risk
Female,0,Yes,No,28,Yes,Yes,DSL,No,Yes,Yes,No,Yes,No,One year,No,Mailed check,59.63,1652.26,0,7.8,0,0,0.213,Watch
Female,0,Yes,No,23,Yes,Yes,Fiber optic,No,Yes,No,Yes,Yes,No,Month-to-month,Yes,Mailed check,80.28,1850.1,2,14.6,1,0,0.782,Critical Risk
Female,0,Yes,Yes,20,Yes,Yes,Fiber optic,No,Yes,No,Yes,No,Yes,One year,No,Mailed check,79.47,1594.45,0,10.5,0,0,0.303,Watch
Female,0,Yes,No,25,Yes,Yes,No,No,No,No,No,No,No,Month-to-month,Yes,Credit card (automatic),18.5,469.61,1,10.6,1,0,0.529,High Risk
Male,0,No,No,39,Yes,No,Fiber optic,No,No,Yes,No,Yes,Yes,Month-to-month,No,Mailed check,79.02,3064.07,5,14.4,0,1,0.814,Critical Risk
Female,0,No,No,44,Yes,No,DSL,No,Yes,No,Yes,Yes,No,Month-to-month,No,Credit card (automatic),54.22,2371.72,1,13.9,0,0,0.227,Watch
Female,0,No,No,5,Yes,Yes,Fiber optic,Yes,Yes,No,Yes,Yes,Yes,One year,Yes,Bank transfer (automatic),99.3,514.93,0,5.1,2,1,0.745,Critical Risk
Female,0,No,No,72,Yes,Yes,DSL,Yes,No,Yes,Yes,No,No,One year,Yes,Credit card (automatic),50.63,3646.22,2,12.5,0,0,0.038,Healthy
Male,0,Yes,No,3,Yes,No,Fiber optic,No,Yes,No,No,No,Yes,Two year,No,Bank transfer (automatic),75.82,263.38,2,19.3,0,0,0.386,Watch
Male,0,No,No,29,Yes,No,DSL,Yes,No,Yes,Yes,No,No,One year,Yes,Bank transfer (automatic),61.2,1777.99,6,15.5,0,0,0.491,High Risk
Male,0,No,No,33,Yes,No,No,No,No,No,No,No,No,One year,Yes,Electronic check,20.59,675.15,0,26.3,0,0,0.146,Healthy
Male,0,No,No,25,No,No,Fiber optic,No,No,No,No,No,No,Month-to-month,Yes,Electronic check,69.12,1696.03,0,17.0,0,0,0.801,Critical Risk
Male,0,Yes,Yes,15,Yes,No,No,No,No,No,No,No,No,Month-to-month,Yes,Bank transfer (automatic),18.0,251.85,0,23.4,2,1,0.64,High Risk
Male,0,No,No,38,Yes,No,Fiber optic,Yes,Yes,No,No,No,Yes,One year,No,Electronic check,77.99,2945.36,2,6.1,1,0,0.592,High Risk
Female,0,No,No,0,Yes,Yes,Fiber optic,Yes,Yes,No,Yes,No,No,Month-to-month,No,Mailed check,78.97,4.95,0,13.4,1,1,0.835,Critical Risk
Male,0,No,No,54,Yes,No,DSL,Yes,Yes,Yes,Yes,Yes,Yes,One year,Yes,Electronic check,67.28,3602.51,0,7.2,0,0,0.123,Healthy
Female,0,No,Yes,49,Yes,No,DSL,No,Yes,Yes,No,Yes,No,Month-to-month,No,Bank transfer (automatic),54.8,2687.0,4,9.2,1,1,0.681,High Risk
Male,0,No,No,56,Yes,Yes,No,No,No,No,No,No,No,Month-to-month,Yes,Bank transfer (automatic),18.51,1040.22,2,24.3,0,0,0.268,Watch
Female,0,No,No,59,Yes,No,No,No,No,No,No,No,No,One year,No,Mailed check,18.09,1040.21,0,3.3,2,0,0.125,Healthy
Male,0,No,Yes,64,Yes,No,DSL,No,Yes,Yes,No,Yes,Yes,Two year,Yes,Mailed check,57.47,3673.48,2,19.7,0,0,0.033,Healthy
Female,0,No,No,10,Yes,No,Fiber optic,No,No,Yes,Yes,No,Yes,One year,No,Bank transfer (automatic),72.5,707.76,1,16.9,0,0,0.369,Watch
Male,0,No,No,60,Yes,No,DSL,No,Yes,Yes,No,No,Yes,One year,No,Credit card (automatic),55.48,3332.49,2,18.0,1,0,0.101,Healthy
Male,1,Yes,Yes,41,Yes,Yes,Fiber optic,Yes,Yes,Yes,Yes,Yes,No,Two year,Yes,Electronic check,87.82,3593.08,0,12.1,1,0,0.14,Healthy
Male,0,No,No,9,Yes,Yes,No,No,No,No,No,No,No,Month-to-month,Yes,Electronic check,18.0,186.24,2,22.4,1,1,0.74,Critical Risk
Female,0,Yes,No,71,Yes,No,DSL,Yes,No,No,No,No,Yes,One year,Yes,Bank transfer (automatic),50.52,3545.58,0,15.1,2,0,0.112,Healthy
Male,0,Yes,No,59,Yes,No,DSL,No,Yes,Yes,Yes,No,Yes,Month-to-month,Yes,Mailed check,60.99,3623.57,0,17.5,0,0,0.168,Healthy
Female,0,Yes,No,19,Yes,Yes,Fiber optic,Yes,Yes,Yes,No,No,No,Two year,No,Mailed check,78.9,1468.83,0,1.9,0,0,0.24,Watch
Female,0,No,No,65,Yes,Yes,DSL,No,No,Yes,No,No,Yes,One year,No,Mailed check,53.68,3505.26,2,7.1,0,0,0.104,Healthy
Male,0,Yes,No,53,No,No,DSL,No,No,Yes,Yes,No,No,Month-to-month,No,Bank transfer (automatic),52.46,2753.07,2,11.4,1,0,0.426,High Risk
Male,1,Yes,No,32,Yes,No,Fiber optic,Yes,Yes,Yes,No,No,Yes,Month-to-month,No,Credit card (automatic),90.69,2910.69,3,17.3,0,1,0.726,Critical Risk
Male,0,Yes,Yes,11,Yes,Yes,Fiber optic,Yes,No,Yes,No,Yes,No,One year,Yes,Electronic check,86.06,965.29,2,6.2,1,0,0.82,Critical Risk
Male,1,No,No,53,Yes,No,No,No,No,No,No,No,No,Month-to-month,No,Electronic check,18.0,945.28,1,3.4,0,0,0.366,Watch
Male,0,No,No,68,Yes,No,No,No,No,No,No,No,No,Month-to-month,Yes,Credit card (automatic),21.33,1460.34,3,14.2,0,0,0.206,Watch
Male,1,No,No,14,Yes,No,Fiber optic,Yes,Yes,Yes,No,Yes,No,One year,No,Credit card (automatic),88.72,1227.1,1,7.8,2,1,0.657,High Risk
Female,0,Yes,No,0,Yes,Yes,Fiber optic,No,Yes,Yes,No,Yes,Yes,One year,No,Mailed check,92.33,22.16,1,15.2,0,1,0.619,High Risk
Male,0,Yes,No,16,Yes,Yes,Fiber optic,Yes,Yes,No,No,No,Yes,Month-to-month,No,Mailed check,77.15,1216.17,0,11.6,2,0,0.862,Critical Risk
Male,0,No,No,21,Yes,Yes,Fiber optic,Yes,Yes,Yes,No,Yes,Yes,Month-to-month,Yes,Mailed check,92.65,1928.81,1,17.1,0,1,0.775,Critical Risk
Female,0,Yes,No,27,Yes,No,DSL,No,Yes,Yes,No,No,Yes,One year,Yes,Mailed check,51.79,1399.28,1,4.7,0,0,0.238,Watch
Female,0,No,Yes,71,Yes,No,DSL,No,Yes,Yes,No,No,No,Month-to-month,Yes,Bank transfer (automatic),45.59,3252.71,1,10.1,2,0,0.298,Watch
Male,0,No,No,70,Yes,Yes,Fiber optic,Yes,Yes,No,Yes,Yes,No,Two year,Yes,Mailed check,89.68,6262.85,3,11.6,3,0,0.216,Watch
Male,0,No,No,48,Yes,Yes,No,No,No,No,No,No,No,One year,No,Bank transfer (automatic),20.91,999.8,0,19.2,1,0,0.08,Healthy
Male,0,Yes,No,15,Yes,Yes,Fiber optic,Yes,No,Yes,Yes,Yes,No,Month-to-month,Yes,Bank transfer (automatic),84.61,1262.14,0,10.5,2,1,0.866,Critical Risk
Female,0,Yes,No,15,Yes,Yes,No,No,No,No,No,No,No,Two year,Yes,Mailed check,21.98,351.56,1,13.7,0,0,0.12,Healthy
Female,1,No,Yes,5,Yes,No,DSL,Yes,No,Yes,No,No,No,One year,No,Bank transfer (automatic),53.83,287.15,2,7.2,0,0,0.458,High Risk
Male,0,Yes,Yes,57,Yes,No,DSL,No,No,Yes,No,Yes,Yes,Two year,Yes,Mailed check,54.53,3089.25,0,16.8,2,0,0.07,Healthy
Male,0,No,Yes,16,Yes,Yes,No,No,No,No,No,No,No,Two year,Yes,Credit card (automatic),20.85,275.23,1,17.5,0,0,0.082,Healthy
Male,0,No,Yes,65,Yes,No,DSL,No,Yes,Yes,No,Yes,Yes,Month-to-month,Yes,Mailed check,59.66,3843.72,1,12.9,0,0,0.237,Watch
Female,0,Yes,No,43,No,No,Fiber optic,No,No,Yes,No,Yes,Yes,Month-to-month,Yes,Bank transfer (automatic),75.78,3286.12,3,9.9,0,0,0.697,High Risk
Male,0,Yes,No,35,Yes,No,DSL,Yes,Yes,No,No,Yes,No,Two year,Yes,Electronic check,52.64,1875.16,0,10.0,1,0,0.152,Healthy
Male,1,No,Yes,67,Yes,Yes,No,No,No,No,No,No,No,Month-to-month,Yes,Bank transfer (automatic),21.57,1437.18,1,11.8,1,0,0.216,Watch
Male,0,Yes,No,11,Yes,No,DSL,Yes,No,Yes,Yes,No,No,Month-to-month,Yes,Electronic check,56.72,618.49,1,16.9,0,1,0.67,High Risk
Male,0,No,Yes,33,Yes,No,No,No,No,No,No,No,No,One year,Yes,Bank transfer (automatic),18.0,594.84,1,11.6,0,0,0.16,Healthy
Female,0,No,Yes,18,Yes,Yes,DSL,No,No,No,No,Yes,No,Two year,Yes,Electronic check,40.16,722.84,1,20.7,1,0,0.217,Watch
Male,0,No,No,13,Yes,No,DSL,No,Yes,Yes,No,No,No,One year,No,Bank transfer (automatic),46.87,634.05,0,12.8,0,0,0.243,Watch
Male,0,Yes,No,68,No,No,No,No,No,No,No,No,No,Month-to-month,Yes,Mailed check,18.0,1247.87,2,6.9,1,1,0.265,Watch
Female,0,Yes,No,44,Yes,No,Fiber optic,No,Yes,Yes,No,No,No,One year,Yes,Credit card (automatic),72.87,3181.59,0,24.1,2,0,0.219,Watch
Female,0,No,Yes,11,Yes,Yes,DSL,Yes,No,Yes,Yes,No,Yes,One year,Yes,Electronic check,66.1,710.21,2,9.6,1,0,0.543,High Risk
Male,0,No,No,7,Yes,Yes,Fiber optic,Yes,Yes,Yes,Yes,No,No,Month-to-month,Yes,Electronic check,77.75,546.79,1,8.3,0,0,0.821,Critical Risk
Male,0,No,Yes,22,Yes,No,DSL,No,Yes,Yes,No,No,No,Month-to-month,Yes,Mailed check,51.04,1162.05,0,11.3,1,0,0.57,High Risk
Female,1,No,No,60,No,No,DSL,Yes,Yes,No,No,No,Yes,Month-to-month,Yes,Mailed check,57.48,3457.64,0,20.7,0,0,0.201,Watch
Male,0,No,No,10,Yes,Yes,DSL,No,No,No,Yes,No,No,One year,No,Electronic check,47.03,474.79,3,19.2,1,1,0.495,High Risk
Female,0,Yes,No,54,Yes,No,Fiber optic,No,No,Yes,Yes,No,Yes,One year,Yes,Mailed check,82.04,4422.44,2,17.0,2,0,0.375,Watch
Female,0,Yes,No,7,Yes,Yes,DSL,Yes,Yes,Yes,Yes,No,Yes,Month-to-month,Yes,Bank transfer (automatic),66.22,442.94,0,16.2,1,0,0.63,High Risk
Female,0,No,No,24,Yes,No,No,No,No,No,No,No,No,Two year,Yes,Bank transfer (automatic),21.4,496.32,0,15.7,0,0,0.068,Healthy
Male,0,Yes,No,38,Yes,No,Fiber optic,Yes,Yes,Yes,Yes,Yes,No,One year,Yes,Electronic check,94.66,3581.22,1,15.5,1,0,0.465,High Risk
Female,0,No,Yes,9,Yes,No,DSL,No,No,Yes,No,Yes,Yes,Month-to-month,Yes,Electronic check,54.08,509.23,3,16.3,1,1,0.864,Critical Risk
Female,0,Yes,No,28,Yes,No,Fiber optic,No,No,Yes,Yes,Yes,No,One year,No,Mailed check,84.03,2377.46,1,11.5,0,0,0.388,Watch
Male,0,Yes,No,19,Yes,Yes,Fiber optic,No,No,No,Yes,Yes,Yes,Month-to-month,No,Credit card (automatic),77.97,1501.05,1,8.7,0,0,0.678,High Risk
Female,0,Yes,Yes,3,Yes,Yes,Fiber optic,No,Yes,Yes,No,No,Yes,Month-to-month,Yes,Mailed check,80.55,230.48,1,18.2,0,1,0.816,Critical Risk
Female,0,No,Yes,0,Yes,No,Fiber optic,No,Yes,Yes,No,Yes,Yes,One year,Yes,Bank transfer (automatic),87.61,0.0,1,7.5,0,0,0.66,High Risk
Female,0,No,No,10,Yes,No,Fiber optic,No,No,Yes,No,No,No,Month-to-month,Yes,Credit card (automatic),69.9,757.52,5,13.7,3,1,0.958,Critical Risk
Male,0,Yes,Yes,54,Yes,Yes,DSL,No,Yes,Yes,Yes,No,No,Two year,Yes,Electronic check,59.26,3214.08,2,9.7,2,0,0.133,Healthy
Male,0,Yes,No,2,Yes,No,Fiber optic,No,No,Yes,Yes,No,Yes,One year,No,Bank transfer (automatic),85.99,165.23,2,8.8,0,0,0.631,High Risk
Female,0,Yes,No,36,Yes,No,DSL,No,No,No,No,No,Yes,Month-to-month,Yes,Electronic check,45.59,1620.35,1,17.4,1,1,0.64,High Risk
Male,0,Yes,No,1,Yes,No,No,No,No,No,No,No,No,Month-to-month,No,Credit card (automatic),22.12,37.08,1,15.3,1,0,0.67,High Risk
Female,0,No,No,15,Yes,No,Fiber optic,Yes,No,Yes,No,Yes,No,Two year,No,Mailed check,85.27,1285.54,0,21.0,2,0,0.452,High Risk
Female,0,Yes,No,13,Yes,Yes,Fiber optic,Yes,No,Yes,Yes,No,No,Month-to-month,Yes,Bank transfer (automatic),83.28,1067.1,2,11.4,1,1,0.889,Critical Risk
Female,1,Yes,No,24,Yes,No,Fiber optic,Yes,Yes,Yes,No,Yes,No,Month-to-month,No,Credit card (automatic),87.14,2103.61,0,16.7,0,0,0.596,High Risk
Male,0,Yes,Yes,54,Yes,Yes,DSL,Yes,No,Yes,No,No,Yes,Month-to-month,No,Electronic check,54.69,2932.7,3,9.0,0,1,0.602,High Risk
Female,0,No,Yes,30,Yes,Yes,DSL,Yes,Yes,No,Yes,No,No,Two year,No,Bank transfer (automatic),60.63,1853.47,3,15.4,2,0,0.241,Watch
Male,0,No,No,1,Yes,Yes,DSL,Yes,Yes,No,Yes,Yes,No,Month-to-month,No,Mailed check,61.25,54.66,1,6.8,3,1,0.868,Critical Risk
Female,0,No,No,10,Yes,Yes,Fiber optic,No,No,Yes,No,No,Yes,One year,Yes,Bank transfer (automatic),76.22,778.25,1,9.0,0,0,0.55,High Risk
Male,0,No,No,22,Yes,Yes,Fiber optic,No,Yes,No,No,Yes,Yes,One year,No,Electronic check,77.46,1731.22,2,16.1,0,0,0.551,High Risk
Male,0,No,Yes,20,Yes,Yes,DSL,No,Yes,Yes,Yes,Yes,Yes,Month-to-month,Yes,Electronic check,68.69,1360.24,1,3.8,0,1,0.651,High Risk
Female,1,Yes,No,41,Yes,Yes,Fiber optic,Yes,Yes,No,Yes,Yes,No,Month-to-month,No,Credit card (automatic),86.09,3538.9,0,20.7,1,0,0.439,High Risk
Female,0,No,No,25,Yes,Yes,Fiber optic,No,Yes,No,Yes,Yes,Yes,Month-to-month,Yes,Electronic check,94.65,2409.52,0,14.6,2,0,0.883,Critical Risk
Female,0,No,Yes,54,Yes,Yes,Fiber optic,Yes,Yes,Yes,No,Yes,Yes,Month-to-month,Yes,Bank transfer (automatic),94.75,5148.1,1,11.0,0,1,0.65,High Risk
Male,0,Yes,No,18,Yes,No,DSL,No,No,Yes,No,Yes,No,Month-to-month,No,Bank transfer (automatic),52.68,906.69,3,15.5,0,1,0.733,Critical Risk
Female,0,No,No,49,Yes,Yes,No,No,No,No,No,No,No,Month-to-month,No,Electronic check,18.0,892.11,1,17.6,0,1,0.383,Watch
Female,1,No,No,7,Yes,No,Fiber optic,Yes,No,Yes,Yes,Yes,Yes,One year,No,Mailed check,96.71,706.19,0,25.4,0,0,0.403,High Risk
Female,1,No,No,72,Yes,Yes,Fiber optic,No,No,Yes,No,Yes,Yes,Month-to-month,Yes,Electronic check,77.42,5595.85,0,5.1,0,0,0.378,Watch
Female,1,Yes,No,72,Yes,Yes,Fiber optic,No,Yes,Yes,No,No,No,Month-to-month,No,Electronic check,78.95,5695.6,0,10.0,0,0,0.338,Watch
Male,0,Yes,No,20,Yes,Yes,Fiber optic,Yes,Yes,No,No,No,Yes,One year,Yes,Credit card (automatic),79.64,1623.43,0,20.9,0,0,0.319,Watch
Male,0,No,Yes,17,No,No,Fiber optic,No,No,No,No,Yes,Yes,Month-to-month,No,Bank transfer (automatic),73.88,1258.86,0,12.6,1,1,0.823,Critical Risk
Female,0,Yes,No,0,Yes,Yes,DSL,Yes,Yes,No,No,Yes,No,Month-to-month,Yes,Electronic check,57.3,57.86,1,16.2,2,1,0.904,Critical Risk
Female,0,Yes,No,71,Yes,No,DSL,Yes,No,Yes,No,No,Yes,One year,Yes,Mailed check,51.61,3647.81,1,2.0,0,0,0.074,Healthy
Male,0,Yes,No,2,No,No,DSL,Yes,No,No,Yes,No,No,One year,Yes,Bank transfer (automatic),51.4,110.32,1,16.5,1,0,0.428,High Risk
Male,0,No,Yes,0,Yes,No,Fiber optic,No,No,No,No,Yes,No,Month-to-month,Yes,Electronic check,67.83,0.0,2,13.4,0,1,0.922,Critical Risk
Female,0,No,No,7,Yes,Yes,Fiber optic,No,Yes,Yes,No,Yes,Yes,Month-to-month,No,Mailed check,97.24,707.87,0,14.2,0,0,0.827,Critical Risk
Female,1,No,No,21,No,No,DSL,No,No,No,Yes,No,Yes,Two year,Yes,Bank transfer (automatic),53.01,1115.88,1,15.0,1,0,0.11,Healthy
Male,0,No,No,71,Yes,Yes,DSL,No,No,No,Yes,No,Yes,Two year,No,Mailed check,54.41,3827.99,2,7.2,1,0,0.037,Healthy
Female,1,Yes,Yes,12,Yes,No,Fiber optic,Yes,Yes,No,Yes,Yes,Yes,Month-to-month,Yes,Electronic check,98.6,1147.31,1,8.8,0,1,0.855,Critical Risk
Female,0,Yes,No,41,Yes,No,Fiber optic,No,No,No,No,Yes,No,One year,Yes,Mailed check,65.99,2672.77,0,21.8,3,0,0.438,High Risk
Male,0,Yes,Yes,47,No,No,Fiber optic,Yes,Yes,No,Yes,No,No,One year,No,Bank transfer (automatic),85.4,3976.94,1,12.0,1,0,0.272,Watch
Male,0,Yes,No,58,Yes,Yes,Fiber optic,Yes,No,No,No,Yes,Yes,Month-to-month,Yes,Bank transfer (automatic),77.43,4506.74,3,25.6,1,0,0.715,Critical Risk
Female,0,No,No,51,Yes,No,DSL,No,No,Yes,No,Yes,No,Month-to-month,Yes,Bank transfer (automatic),52.95,2690.59,2,20.6,0,1,0.463,High Risk
Male,0,Yes,Yes,71,Yes,No,Fiber optic,No,No,No,No,No,No,Month-to-month,Yes,Bank transfer (automatic),64.05,4551.47,2,14.5,0,0,0.436,High Risk
Male,0,Yes,No,48,No,No,Fiber optic,Yes,No,Yes,No,No,No,Month-to-month,Yes,Electronic check,72.52,3493.66,0,13.9,0,0,0.56,High Risk
Male,0,No,No,61,Yes,Yes,Fiber optic,Yes,Yes,No,No,Yes,No,Month-to-month,Yes,Electronic check,79.2,4800.19,0,13.0,0,0,0.556,High Risk
Female,1,No,No,23,Yes,Yes,Fiber optic,No,Yes,No,Yes,No,No,Month-to-month,No,Bank transfer (automatic),72.95,1668.65,3,11.8,0,1,0.707,Critical Risk
Male,0,Yes,No,29,Yes,Yes,No,No,No,No,No,No,No,Month-to-month,Yes,Electronic check,18.22,573.64,3,12.2,1,1,0.736,Critical Risk
Male,0,No,No,53,Yes,Yes,DSL,No,No,Yes,Yes,Yes,Yes,One year,Yes,Electronic check,68.72,3667.55,0,27.7,1,0,0.15,Healthy
Male,0,No,No,63,Yes,Yes,DSL,Yes,Yes,No,Yes,Yes,Yes,Month-to-month,Yes,Electronic check,68.19,4308.34,1,13.3,1,0,0.409,High Risk
Female,0,No,Yes,0,Yes,Yes,DSL,Yes,Yes,No,Yes,No,Yes,One year,No,Mailed check,58.58,9.87,1,20.7,2,0,0.447,High Risk
Female,0,No,No,31,Yes,Yes,Fiber optic,Yes,No,Yes,Yes,No,Yes,Month-to-month,No,Mailed check,76.71,2377.52,3,11.5,1,1,0.782,Critical Risk
Male,0,Yes,No,58,Yes,Yes,Fiber optic,Yes,No,No,Yes,Yes,No,One year,Yes,Electronic check,82.69,4775.96,2,4.2,1,1,0.47,High Risk
Male,0,Yes,No,8,Yes,No,DSL,Yes,Yes,No,Yes,No,No,Month-to-month,No,Mailed check,57.32,493.81,3,9.6,0,0,0.726,Critical Risk
Male,0,Yes,No,25,Yes,Yes,DSL,Yes,Yes,Yes,No,Yes,Yes,Month-to-month,Yes,Credit card (automatic),73.7,1807.24,1,13.3,0,0,0.602,High Risk
Female,0,No,No,40,Yes,No,DSL,No,Yes,Yes,No,Yes,Yes,Two year,Yes,Electronic check,60.09,2373.56,1,12.8,0,0,0.093,Healthy
Female,0,No,Yes,6,Yes,Yes,Fiber optic,Yes,No,Yes,Yes,Yes,Yes,Month-to-month,Yes,Mailed check,91.5,551.36,0,15.6,0,0,0.775,Critical Risk
Male,1,No,Yes,66,Yes,No,Fiber optic,Yes,Yes,No,Yes,No,No,Month-to-month,No,Mailed check,77.48,5115.87,1,12.1,1,0,0.381,Watch
Male,0,No,Yes,26,Yes,No,Fiber optic,No,No,No,Yes,No,Yes,Month-to-month,Yes,Mailed check,76.15,2011.51,3,3.2,2,1,0.91,Critical Risk
Female,0,Yes,Yes,57,Yes,Yes,Fiber optic,Yes,No,Yes,Yes,Yes,No,Two year,No,Credit card (automatic),84.38,4768.66,3,17.6,2,0,0.177,Healthy
Female,0,Yes,No,31,Yes,No,No,No,No,No,No,No,No,Month-to-month,Yes,Credit card (automatic),18.0,567.2,0,12.6,0,0,0.317,Watch
Male,0,Yes,No,29,Yes,No,Fiber optic,No,Yes,Yes,Yes,No,No,One year,Yes,Mailed check,84.62,2458.43,0,12.0,1,0,0.366,Watch
Male,0,Yes,Yes,70,Yes,Yes,No,No,No,No,No,No,No,One year,No,Mailed check,18.0,1258.95,1,15.0,0,1,0.038,Healthy
Female,0,No,No,62,Yes,No,Fiber optic,Yes,No,No,Yes,No,No,Two year,Yes,Bank transfer (automatic),77.5,4776.94,1,18.6,2,0,0.143,Healthy
Female,0,No,Yes,37,Yes,No,Fiber optic,No,Yes,Yes,Yes,Yes,Yes,Two year,No,Credit card (automatic),75.71,2792.36,0,17.7,1,0,0.063,Healthy
Female,0,Yes,No,33,No,No,Fiber optic,Yes,No,No,Yes,Yes,Yes,Month-to-month,Yes,Electronic check,89.68,2954.05,0,14.5,1,1,0.798,Critical Risk
Male,0,No,No,56,Yes,Yes,No,No,No,No,No,No,No,Month-to-month,Yes,Credit card (automatic),18.0,1056.43,0,20.2,1,0,0.199,Healthy
Male,1,Yes,No,49,No,No,Fiber optic,Yes,Yes,No,No,No,No,Two year,Yes,Bank transfer (automatic),78.83,3875.29,1,17.6,3,0,0.305,Watch
Female,0,No,Yes,71,Yes,Yes,Fiber optic,No,Yes,Yes,Yes,No,Yes,Month-to-month,No,Mailed check,87.14,6163.19,0,8.6,0,0,0.236,Watch
Female,0,Yes,No,24,Yes,Yes,Fiber optic,Yes,Yes,No,Yes,No,No,Two year,Yes,Bank transfer (automatic),73.23,1790.43,0,10.6,0,0,0.133,Healthy
Female,1,No,No,8,Yes,Yes,No,No,No,No,No,No,No,Month-to-month,No,Credit card (automatic),18.0,159.2,1,12.4,0,0,0.449,High Risk
Male,0,Yes,No,14,Yes,Yes,DSL,No,No,Yes,No,No,No,Month-to-month,Yes,Electronic check,42.98,599.44,1,24.8,0,1,0.662,High Risk
Female,0,Yes,Yes,38,No,No,Fiber optic,Yes,Yes,No,Yes,No,Yes,Month-to-month,Yes,Credit card (automatic),92.37,3508.57,3,14.6,0,0,0.667,High Risk
Male,1,No,No,22,Yes,No,DSL,Yes,No,Yes,Yes,No,Yes,Two year,No,Electronic check,62.55,1365.61,1,7.2,1,0,0.178,Healthy
Male,0,Yes,No,59,Yes,Yes,No,No,No,No,No,No,No,Month-to-month,Yes,Credit card (automatic),18.0,1065.41,3,19.5,0,0,0.238,Watch
Female,0,Yes,No,63,Yes,Yes,No,No,No,No,No,No,No,Month-to-month,No,Electronic check,18.0,1144.7,0,10.3,0,0,0.222,Watch
Female,0,Yes,No,13,Yes,Yes,Fiber optic,No,No,Yes,Yes,No,No,One year,No,Bank transfer (automatic),81.61,1062.71,0,27.6,1,0,0.453,High Risk
Female,0,No,No,72,No,No,Fiber optic,No,Yes,Yes,Yes,No,No,Month-to-month,Yes,Electronic check,83.23,5988.57,1,16.0,0,0,0.332,Watch
Female,0,Yes,No,46,Yes,Yes,Fiber optic,No,Yes,Yes,No,Yes,No,Month-to-month,Yes,Mailed check,78.59,3620.37,1,2.1,0,0,0.572,High Risk
Male,0,No,Yes,19,Yes,Yes,Fiber optic,Yes,No,Yes,Yes,Yes,No,Month-to-month,No,Electronic check,90.63,1735.46,0,12.5,1,0,0.853,Critical Risk
Female,0,No,Yes,14,Yes,Yes,DSL,No,No,Yes,No,Yes,No,Month-to-month,Yes,Electronic check,45.59,645.9,0,12.7,0,0,0.671,High Risk
Male,0,No,No,12,Yes,Yes,No,No,No,No,No,No,No,Two year,Yes,Credit card (automatic),18.0,229.86,1,12.1,0,0,0.079,Healthy
Male,1,Yes,Yes,34,Yes,Yes,Fiber optic,Yes,Yes,Yes,No,Yes,Yes,Month-to-month,Yes,Credit card (automatic),93.57,3164.17,1,19.0,1,0,0.681,High Risk
Female,0,No,No,5,Yes,Yes,DSL,No,Yes,No,No,Yes,Yes,Month-to-month,No,Bank transfer (automatic),46.87,247.26,2,16.9,1,1,0.744,Critical Risk
Female,0,Yes,No,9,Yes,Yes,Fiber optic,Yes,No,No,Yes,No,No,Month-to-month,Yes,Credit card (automatic),80.34,698.99,1,20.9,0,1,0.742,Critical Risk
Female,0,No,No,55,Yes,No,DSL,Yes,No,Yes,Yes,No,No,One year,No,Electronic check,50.14,2775.46,0,17.1,1,0,0.124,Healthy
Male,0,Yes,Yes,35,Yes,Yes,Fiber optic,No,Yes,Yes,No,Yes,No,One year,Yes,Bank transfer (automatic),80.55,2787.43,0,16.4,0,0,0.28,Watch
Female,0,No,No,38,No,No,Fiber optic,No,No,No,No,No,Yes,Month-to-month,No,Mailed check,65.82,2524.17,0,6.5,0,1,0.574,High Risk
Male,1,No,No,23,Yes,No,Fiber optic,No,Yes,No,Yes,No,No,Month-to-month,Yes,Credit card (automatic),75.74,1764.15,0,15.5,0,0,0.485,High Risk
Female,0,Yes,No,40,No,No,DSL,No,Yes,No,No,Yes,No,One year,No,Mailed check,58.48,2346.33,0,17.4,1,0,0.171,Healthy
Female,0,Yes,No,25,Yes,No,Fiber optic,Yes,No,Yes,No,No,No,Two year,Yes,Credit card (automatic),73.04,1812.38,4,16.5,0,0,0.354,Watch
Female,0,Yes,Yes,3,Yes,Yes,Fiber optic,Yes,No,No,No,No,Yes,Month-to-month,Yes,Credit card (automatic),73.13,217.69,0,16.8,0,1,0.789,Critical Risk
Male,0,No,No,41,Yes,No,Fiber optic,No,No,No,No,Yes,Yes,Month-to-month,Yes,Mailed check,73.71,3040.84,1,4.5,2,0,0.807,Critical Risk
Male,0,Yes,Yes,5,Yes,Yes,Fiber optic,Yes,Yes,No,Yes,No,Yes,Two year,No,Bank transfer (automatic),85.97,443.4,0,15.6,0,0,0.243,Watch
Male,0,No,No,50,Yes,Yes,Fiber optic,No,Yes,No,No,Yes,Yes,Month-to-month,No,Credit card (automatic),74.39,3707.19,0,11.2,0,0,0.447,High Risk
Female,0,No,Yes,66,Yes,Yes,Fiber optic,Yes,Yes,No,Yes,No,No,One year,Yes,Mailed check,80.69,5317.44,3,17.3,0,0,0.177,Healthy
Female,0,No,Yes,48,Yes,Yes,DSL,No,No,No,Yes,Yes,Yes,Month-to-month,No,Bank transfer (automatic),52.47,2569.27,1,20.2,1,0,0.304,Watch
Male,1,Yes,Yes,42,Yes,No,DSL,Yes,No,No,Yes,Yes,Yes,Two year,No,Electronic check,60.4,2511.15,3,18.7,1,0,0.132,Healthy
Female,0,Yes,Yes,70,No,No,Fiber optic,No,Yes,No,No,No,Yes,Month-to-month,Yes,Mailed check,73.51,5100.78,0,12.5,2,0,0.452,High Risk
Female,0,Yes,No,16,Yes,Yes,No,No,No,No,No,No,No,One year,Yes,Bank transfer (automatic),20.05,279.69,1,9.0,1,0,0.339,Watch
Male,0,No,No,56,Yes,No,DSL,No,Yes,No,Yes,Yes,No,Month-to-month,Yes,Mailed check,57.54,3221.78,4,14.0,0,0,0.439,High Risk
Male,0,Yes,Yes,15,Yes,Yes,Fiber optic,Yes,Yes,Yes,No,Yes,Yes,Month-to-month,Yes,Credit card (automatic),99.37,1476.24,1,13.2,2,0,0.904,Critical Risk
Female,1,Yes,Yes,0,Yes,No,Fiber optic,No,No,Yes,Yes,No,No,Month-to-month,Yes,Bank transfer (automatic),72.49,0.0,0,19.2,1,1,0.788,Critical Risk
Female,0,Yes,No,17,Yes,Yes,Fiber optic,No,No,No,Yes,No,Yes,Two year,No,Mailed check,71.14,1227.93,2,19.6,3,0,0.438,High Risk
Male,0,No,Yes,36,Yes,No,DSL,No,Yes,Yes,Yes,No,Yes,Month-to-month,No,Credit card (automatic),61.83,2263.93,2,18.1,0,0,0.32,Watch
Female,0,No,No,4,Yes,Yes,Fiber optic,Yes,Yes,Yes,Yes,Yes,No,Month-to-month,No,Bank transfer (automatic),91.6,369.88,1,11.5,1,0,0.868,Critical Risk
Female,1,Yes,Yes,20,Yes,No,Fiber optic,Yes,No,No,No,No,Yes,Month-to-month,No,Electronic check,76.97,1542.37,2,19.4,0,0,0.856,Critical Risk
Female,0,Yes,No,3,Yes,Yes,DSL,No,Yes,No,No,Yes,Yes,Month-to-month,Yes,Credit card (automatic),60.02,215.7,1,16.4,0,1,0.666,High Risk
Female,0,Yes,No,17,Yes,Yes,No,No,No,No,No,No,No,Month-to-month,No,Mailed check,18.0,318.27,3,4.8,0,0,0.664,High Risk
Female,0,Yes,Yes,52,Yes,No,No,No,No,No,No,No,No,Month-to-month,No,Electronic check,18.0,946.4,1,7.6,2,1,0.583,High Risk
Male,0,No,No,11,Yes,Yes,DSL,No,Yes,No,Yes,No,No,One year,Yes,Credit card (automatic),50.56,583.67,1,6.9,0,0,0.194,Healthy
Male,1,Yes,No,19,Yes,No,DSL,No,No,No,No,Yes,Yes,Month-to-month,Yes,Mailed check,46.72,884.27,3,10.3,1,1,0.754,Critical Risk
Male,0,No,No,9,Yes,Yes,Fiber optic,Yes,Yes,No,No,No,Yes,One year,Yes,Electronic check,80.96,699.29,2,18.7,0,0,0.677,High Risk
Female,0,No,No,28,Yes,No,No,No,No,No,No,No,No,One year,No,Credit card (automatic),19.6,549.34,2,21.6,0,0,0.155,Healthy
Male,0,No,No,55,Yes,Yes,No,No,No,No,No,No,No,Month-to-month,No,Electronic check,23.86,1294.92,2,12.4,0,0,0.433,High Risk
Male,1,Yes,No,39,Yes,Yes,No,No,No,No,No,No,No,Month-to-month,Yes,Mailed check,25.04,968.75,3,13.5,2,0,0.61,High Risk
Female,0,No,No,14,Yes,Yes,Fiber optic,No,Yes,Yes,No,No,No,One year,Yes,Mailed check,76.8,1061.85,1,10.6,2,0,0.679,High Risk
Male,0,Yes,Yes,23,No,No,No,No,No,No,No,No,No,Two year,No,Bank transfer (automatic),18.0,414.04,0,15.2,0,0,0.058,Healthy
Male,1,Yes,No,48,Yes,Yes,Fiber optic,No,Yes,Yes,No,No,Yes,One year,Yes,Electronic check,76.44,3673.32,0,10.2,0,0,0.182,Healthy
Male,0,No,No,34,Yes,No,DSL,Yes,Yes,Yes,No,Yes,Yes,One year,No,Bank transfer (automatic),67.76,2275.46,1,15.7,1,0,0.283,Watch
Male,1,Yes,Yes,33,Yes,No,Fiber optic,Yes,No,No,No,No,Yes,Month-to-month,No,Bank transfer (automatic),74.65,2491.54,0,21.2,0,0,0.618,High Risk
Male,0,Yes,Yes,63,Yes,Yes,Fiber optic,Yes,Yes,Yes,Yes,No,No,Month-to-month,No,Electronic check,91.52,5783.2,1,12.8,0,0,0.512,High Risk
Female,0,Yes,Yes,59,Yes,No,No,No,No,No,No,No,No,Month-to-month,Yes,Credit card (automatic),18.41,1064.61,2,11.5,3,1,0.472,High Risk
Male,0,Yes,No,17,Yes,No,Fiber optic,Yes,Yes,No,No,Yes,No,Month-to-month,No,Electronic check,74.51,1272.58,0,13.6,1,1,0.865,Critical Risk
Male,0,No,Yes,51,Yes,Yes,No,No,No,No,No,No,No,Month-to-month,No,Credit card (automatic),19.93,1064.59,0,11.7,0,0,0.212,Watch
Female,0,No,Yes,57,Yes,Yes,DSL,No,No,Yes,Yes,Yes,Yes,Month-to-month,Yes,Credit card (automatic),58.25,3323.73,1,15.7,1,0,0.259,Watch
Male,0,No,Yes,65,Yes,Yes,DSL,No,Yes,Yes,Yes,Yes,Yes,One year,No,Bank transfer (automatic),69.4,4511.54,1,19.4,0,0,0.052,Healthy
Female,1,Yes,No,19,Yes,No,Fiber optic,No,Yes,Yes,No,Yes,Yes,Two year,Yes,Mailed check,93.01,1738.85,1,7.3,0,0,0.286,Watch
Female,0,Yes,Yes,53,Yes,Yes,Fiber optic,No,Yes,Yes,Yes,No,No,Month-to-month,No,Mailed check,76.52,4040.1,0,6.0,0,0,0.393,Watch
Female,0,Yes,Yes,13,Yes,Yes,DSL,Yes,Yes,No,No,Yes,No,Month-to-month,No,Bank transfer (automatic),60.65,791.25,1,9.9,4,1,0.922,Critical Risk
Male,0,No,No,32,Yes,Yes,Fiber optic,Yes,No,No,Yes,Yes,Yes,Month-to-month,No,Electronic check,84.79,2725.65,1,16.6,0,0,0.752,Critical Risk
Male,0,No,No,5,Yes,No,No,No,No,No,No,No,No,Month-to-month,No,Electronic check,18.0,78.9,2,17.4,0,0,0.721,Critical Risk
Female,0,No,Yes,44,Yes,No,No,No,No,No,No,No,No,Month-to-month,No,Mailed check,18.39,811.5,1,24.2,0,0,0.238,Watch
Male,0,No,No,49,Yes,No,Fiber optic,No,Yes,Yes,No,Yes,No,Month-to-month,No,Bank transfer (automatic),78.47,3876.81,0,17.8,0,0,0.529,High Risk
Female,0,No,No,32,Yes,No,Fiber optic,No,No,No,No,No,Yes,Two year,Yes,Electronic check,72.49,2322.78,0,13.2,1,1,0.322,Watch
Male,0,Yes,Yes,30,Yes,Yes,No,No,No,No,No,No,No,Two year,No,Electronic check,20.04,624.01,3,7.3,3,0,0.376,Watch
Male,0,No,No,17,Yes,Yes,DSL,No,No,No,No,No,No,One year,No,Credit card (automatic),43.37,734.69,0,14.2,2,0,0.34,Watch
Female,0,No,No,56,Yes,No,Fiber optic,No,No,Yes,Yes,Yes,No,Month-to-month,No,Credit card (automatic),84.67,4763.17,1,15.1,1,0,0.514,High Risk
Female,1,No,No,66,Yes,No,Fiber optic,No,No,Yes,No,No,No,Month-to-month,Yes,Mailed check,72.27,4780.41,2,13.1,1,1,0.532,High Risk
Female,0,Yes,Yes,9,Yes,Yes,No,No,No,No,No,No,No,Month-to-month,No,Bank transfer (automatic),18.0,145.92,0,12.5,1,0,0.597,High Risk
Female,0,No,No,20,Yes,No,DSL,No,No,No,No,No,No,One year,Yes,Electronic check,40.88,797.03,1,16.1,1,0,0.437,High Risk
Male,0,Yes,No,44,Yes,No,No,No,No,No,No,No,No,Two year,Yes,Credit card (automatic),20.44,925.65,1,14.9,1,0,0.044,Healthy
Female,0,No,No,26,Yes,No,Fiber optic,Yes,No,Yes,No,Yes,No,One year,No,Credit card (automatic),75.66,1979.62,1,23.3,1,0,0.44,High Risk
Female,0,No,No,0,Yes,Yes,DSL,No,Yes,No,No,No,No,Two year,Yes,Electronic check,51.02,0.0,2,10.8,0,0,0.343,Watch
Male,1,No,No,1,Yes,Yes,Fiber optic,Yes,No,No,No,No,Yes,Month-to-month,Yes,Bank transfer (automatic),77.41,76.73,1,16.5,0,1,0.862,Critical Risk
Male,1,Yes,No,17,Yes,Yes,DSL,Yes,Yes,Yes,Yes,No,Yes,One year,Yes,Electronic check,64.05,1100.92,1,12.0,0,0,0.264,Watch
Female,0,Yes,Yes,70,Yes,Yes,Fiber optic,Yes,No,No,No,No,No,Month-to-month,Yes,Mailed check,70.62,4903.71,1,11.9,0,0,0.427,High Risk
Male,0,No,No,44,Yes,Yes,Fiber optic,Yes,Yes,Yes,Yes,Yes,No,One year,Yes,Electronic check,97.04,4274.37,1,14.4,2,0,0.49,High Risk
Female,0,No,No,18,Yes,Yes,Fiber optic,Yes,No,Yes,Yes,No,Yes,Month-to-month,Yes,Credit card (automatic),86.48,1570.53,3,22.0,2,0,0.865,Critical Risk
Male,0,No,No,4,No,No,Fiber optic,No,No,No,Yes,Yes,No,One year,No,Mailed check,76.54,307.39,0,19.3,1,0,0.51,High Risk
Male,0,Yes,Yes,55,Yes,Yes,Fiber optic,Yes,Yes,Yes,Yes,No,Yes,Two year,Yes,Credit card (automatic),98.97,5458.56,1,7.2,2,0,0.17,Healthy
Male,0,No,Yes,27,No,No,Fiber optic,Yes,No,No,No,No,No,Month-to-month,No,Bank transfer (automatic),66.49,1775.12,0,15.5,0,0,0.707,Critical Risk
Male,0,No,Yes,28,Yes,Yes,No,No,No,No,No,No,No,Two year,Yes,Mailed check,18.64,559.58,1,3.7,1,0,0.127,Healthy
Female,0,Yes,No,41,No,No,No,No,No,No,No,No,No,Month-to-month,Yes,Bank transfer (automatic),22.6,867.45,0,11.8,2,0,0.458,High Risk
Female,0,Yes,No,16,Yes,Yes,Fiber optic,No,Yes,No,No,Yes,Yes,One year,Yes,Electronic check,77.28,1205.19,3,20.2,1,1,0.74,Critical Risk
Female,0,No,No,53,Yes,Yes,DSL,No,No,Yes,No,Yes,Yes,Month-to-month,Yes,Mailed check,59.57,3173.11,0,11.1,0,1,0.357,Watch
Female,0,Yes,No,22,Yes,Yes,No,No,No,No,No,No,No,Month-to-month,No,Electronic check,18.02,400.07,1,10.7,1,1,0.65,High Risk
Male,0,No,Yes,51,Yes,Yes,No,No,No,No,No,No,No,One year,No,Bank transfer (automatic),18.0,883.37,2,25.3,2,0,0.182,Healthy
Female,0,No,No,37,Yes,Yes,No,No,No,No,No,No,No,Month-to-month,No,Credit card (automatic),20.83,794.23,1,16.7,0,0,0.285,Watch
Female,0,Yes,No,10,Yes,No,DSL,Yes,No,No,No,No,Yes,Month-to-month,No,Bank transfer (automatic),52.87,506.03,0,20.5,1,1,0.705,Critical Risk
Female,0,Yes,Yes,45,Yes,Yes,No,No,No,No,No,No,No,Month-to-month,Yes,Credit card (automatic),18.0,822.4,1,21.5,0,0,0.193,Healthy
Female,0,No,No,5,No,No,DSL,No,No,Yes,Yes,No,No,Month-to-month,Yes,Electronic check,53.73,214.81,2,13.6,0,0,0.744,Critical Risk
Female,0,No,No,52,No,No,Fiber optic,Yes,No,No,Yes,Yes,Yes,Month-to-month,No,Electronic check,90.31,4665.01,2,19.7,0,1,0.711,Critical Risk
Female,0,No,No,27,Yes,Yes,Fiber optic,No,Yes,No,No,No,Yes,One year,Yes,Bank transfer (automatic),73.7,2008.58,0,13.7,1,0,0.449,High Risk
Female,0,No,No,48,No,No,Fiber optic,Yes,Yes,No,No,Yes,No,Month-to-month,No,Electronic check,87.3,4229.39,2,13.3,1,0,0.799,Critical Risk
Female,0,No,Yes,17,Yes,No,DSL,No,Yes,Yes,Yes,No,Yes,Month-to-month,Yes,Mailed check,66.94,1141.51,2,16.5,1,1,0.68,High Risk
Female,0,No,Yes,29,No,No,Fiber optic,Yes,Yes,Yes,No,No,Yes,Month-to-month,Yes,Bank transfer (automatic),85.81,2491.02,0,19.8,1,1,0.744,Critical Risk
Male,0,No,Yes,22,Yes,No,DSL,Yes,Yes,Yes,No,No,No,Month-to-month,Yes,Electronic check,56.09,1204.18,4,13.2,0,0,0.805,Critical Risk
Male,0,No,No,18,Yes,No,Fiber optic,No,Yes,Yes,No,Yes,Yes,Month-to-month,Yes,Mailed check,87.42,1559.55,0,18.1,0,1,0.732,Critical Risk
Female,0,Yes,No,25,Yes,No,DSL,No,Yes,No,No,No,Yes,Month-to-month,Yes,Credit card (automatic),48.57,1194.7,1,8.7,2,0,0.688,High Risk
Male,0,Yes,No,3,Yes,Yes,Fiber optic,Yes,No,Yes,Yes,No,No,One year,Yes,Mailed check,78.32,219.97,3,16.4,0,0,0.607,High Risk
Male,0,No,No,28,Yes,Yes,Fiber optic,Yes,Yes,Yes,No,Yes,No,Month-to-month,No,Bank transfer (automatic),81.57,2253.39,2,3.1,0,0,0.817,Critical Risk
Female,0,Yes,No,8,Yes,Yes,No,No,No,No,No,No,No,Month-to-month,Yes,Credit card (automatic),18.0,159.06,0,15.2,3,0,0.692,High Risk
Female,0,No,No,37,Yes,No,Fiber optic,Yes,Yes,No,No,Yes,Yes,Two year,Yes,Bank transfer (automatic),86.61,3194.85,3,5.4,0,0,0.332,Watch
Female,0,No,No,6,Yes,No,Fiber optic,No,Yes,Yes,Yes,Yes,Yes,Two year,No,Credit card (automatic),91.83,579.74,0,20.1,0,0,0.159,Healthy
Male,0,Yes,Yes,0,Yes,Yes,No,No,No,No,No,No,No,Two year,No,Electronic check,18.0,0.0,0,13.0,1,0,0.238,Watch
Male,0,Yes,No,32,Yes,Yes,No,No,No,No,No,No,No,One year,Yes,Electronic check,18.0,571.58,1,13.2,0,0,0.206,Watch
Female,0,No,No,21,Yes,Yes,Fiber optic,No,Yes,No,Yes,No,No,Month-to-month,Yes,Bank transfer (automatic),74.87,1574.53,1,15.3,0,0,0.676,High Risk
Female,0,Yes,No,64,Yes,No,Fiber optic,No,No,No,Yes,Yes,No,Month-to-month,Yes,Mailed check,74.53,4759.84,1,11.6,0,0,0.404,High Risk
Male,0,No,No,19,Yes,No,DSL,No,Yes,Yes,Yes,Yes,Yes,Month-to-month,No,Bank transfer (automatic),62.6,1158.92,0,11.5,0,0,0.44,High Risk
Female,0,No,No,29,Yes,Yes,Fiber optic,Yes,Yes,No,No,Yes,Yes,Month-to-month,Yes,Electronic check,84.52,2456.42,2,13.1,2,1,0.926,Critical Risk
Male,0,No,No,17,Yes,Yes,No,No,No,No,No,No,No,Month-to-month,No,Electronic check,18.0,322.07,1,7.9,1,0,0.713,Critical Risk
Female,0,No,Yes,64,Yes,No,No,No,No,No,No,No,No,Month-to-month,Yes,Mailed check,18.0,1158.24,1,3.7,1,0,0.29,Watch
Female,0,No,No,57,No,No,DSL,No,Yes,No,No,Yes,Yes,Month-to-month,No,Electronic check,54.19,3110.27,3,10.9,0,0,0.518,High Risk
Female,0,Yes,Yes,12,Yes,No,DSL,No,No,Yes,Yes,Yes,Yes,Two year,Yes,Mailed check,64.88,763.37,0,10.8,1,0,0.147,Healthy
Female,0,Yes,Yes,18,No,No,No,No,No,No,No,No,No,Month-to-month,No,Electronic check,18.69,380.91,1,3.1,1,0,0.722,Critical Risk
Male,0,Yes,Yes,13,Yes,No,No,No,No,No,No,No,No,Month-to-month,Yes,Electronic check,18.0,230.37,2,16.2,1,0,0.782,Critical Risk
Male,0,No,No,11,Yes,No,Fiber optic,No,No,No,Yes,Yes,Yes,Month-to-month,No,Mailed check,83.52,915.36,1,12.4,0,1,0.782,Critical Risk
Male,0,Yes,No,17,Yes,Yes,DSL,No,Yes,No,No,No,Yes,One year,Yes,Bank transfer (automatic),49.84,858.71,4,18.1,3,0,0.675,High Risk
Female,0,Yes,No,62,Yes,No,Fiber optic,No,Yes,Yes,No,No,No,Month-to-month,Yes,Credit card (automatic),72.3,4521.63,0,14.0,0,0,0.302,Watch
Female,0,Yes,No,33,Yes,Yes,Fiber optic,No,Yes,Yes,No,No,Yes,Month-to-month,Yes,Electronic check,78.68,2590.25,2,12.1,3,1,0.914,Critical Risk
Female,0,Yes,Yes,27,Yes,Yes,Fiber optic,No,Yes,No,Yes,No,No,Month-to-month,Yes,Bank transfer (automatic),79.0,2159.25,0,14.2,0,0,0.648,High Risk
Male,1,Yes,No,13,Yes,Yes,DSL,Yes,No,No,Yes,No,Yes,Two year,Yes,Bank transfer (automatic),50.52,660.19,2,4.4,0,0,0.163,Healthy
Male,0,No,Yes,13,Yes,No,DSL,No,No,No,Yes,No,Yes,Month-to-month,Yes,Electronic check,50.24,618.51,0,11.3,2,1,0.79,Critical Risk
Female,0,Yes,No,40,Yes,No,Fiber optic,No,Yes,Yes,Yes,Yes,No,Month-to-month,Yes,Electronic check,86.49,3464.77,3,18.7,1,0,0.786,Critical Risk
Female,0,No,No,54,Yes,No,DSL,Yes,Yes,No,No,No,Yes,One year,No,Bank transfer (automatic),60.16,3245.61,2,27.1,1,0,0.202,Watch
Female,0,Yes,No,40,Yes,Yes,Fiber optic,Yes,Yes,Yes,No,Yes,Yes,Month-to-month,Yes,Mailed check,92.43,3728.74,2,9.3,0,0,0.725,Critical Risk
Male,0,Yes,No,47,Yes,No,DSL,Yes,Yes,Yes,Yes,Yes,Yes,One year,No,Credit card (automatic),74.25,3469.61,0,17.6,1,0,0.079,Healthy
Male,1,Yes,No,19,Yes,Yes,Fiber optic,No,No,Yes,No,No,Yes,Month-to-month,Yes,Bank transfer (automatic),75.65,1425.69,0,11.6,0,1,0.706,Critical Risk
Female,0,No,Yes,69,Yes,Yes,No,No,No,No,No,No,No,Two year,No,Electronic check,19.96,1353.95,1,17.6,0,0,0.025,Healthy
Female,0,No,No,60,Yes,No,Fiber optic,No,No,No,Yes,No,No,Month-to-month,Yes,Bank transfer (automatic),67.78,4083.66,3,15.5,0,0,0.532,High Risk
Male,0,Yes,Yes,64,Yes,No,DSL,Yes,Yes,Yes,No,No,No,Two year,No,Electronic check,49.15,3145.09,1,5.6,0,0,0.047,Healthy
Female,0,No,No,48,Yes,No,Fiber optic,No,No,Yes,Yes,No,Yes,Month-to-month,No,Bank transfer (automatic),81.18,3904.74,2,14.3,0,0,0.51,High Risk
Male,0,Yes,No,50,No,No,DSL,Yes,No,No,Yes,No,No,Month-to-month,Yes,Credit card (automatic),55.26,2773.56,0,15.2,0,0,0.265,Watch
Male,0,No,No,5,Yes,No,Fiber optic,No,No,No,Yes,No,Yes,Month-to-month,Yes,Electronic check,70.41,307.56,0,13.4,2,0,0.893,Critical Risk
Female,0,No,No,11,Yes,Yes,DSL,No,No,No,Yes,No,No,One year,Yes,Electronic check,43.81,434.33,4,4.5,0,0,0.516,High Risk
Female,0,Yes,Yes,9,Yes,Yes,No,No,No,No,No,No,No,One year,No,Electronic check,25.36,251.26,3,13.8,2,0,0.647,High Risk
Female,0,Yes,No,35,Yes,No,DSL,No,Yes,No,Yes,No,Yes,Month-to-month,No,Electronic check,53.6,1862.16,2,12.6,0,0,0.514,High Risk
Male,0,Yes,No,42,Yes,No,No,No,No,No,No,No,No,Two year,Yes,Electronic check,18.0,768.64,2,13.7,1,0,0.106,Healthy
Female,1,No,No,8,Yes,No,Fiber optic,Yes,Yes,No,No,Yes,Yes,Two year,Yes,Electronic check,86.27,691.04,1,17.6,0,0,0.406,High Risk
Female,0,Yes,No,54,Yes,Yes,Fiber optic,No,Yes,Yes,No,No,No,Month-to-month,Yes,Mailed check,77.63,4228.42,0,10.2,0,0,0.497,High Risk
Female,0,No,Yes,40,Yes,No,No,No,No,No,No,No,No,Month-to-month,Yes,Credit card (automatic),18.74,747.24,2,15.0,0,0,0.32,Watch
Male,0,Yes,Yes,43,Yes,Yes,Fiber optic,No,No,Yes,Yes,No,No,Month-to-month,Yes,Electronic check,77.92,3367.4,1,14.6,1,1,0.682,High Risk
Female,1,No,No,66,No,No,Fiber optic,Yes,Yes,No,No,Yes,No,One year,No,Mailed check,76.41,5044.12,0,7.2,0,0,0.115,Healthy
Female,0,Yes,No,42,Yes,No,Fiber optic,No,Yes,No,Yes,Yes,Yes,Month-to-month,No,Electronic check,89.26,3753.26,0,3.1,0,1,0.637,High Risk
Female,0,No,Yes,0,Yes,Yes,DSL,Yes,No,No,No,No,Yes,Month-to-month,Yes,Bank transfer (automatic),53.1,0.0,1,13.4,0,1,0.783,Critical Risk
Male,0,Yes,No,56,Yes,No,DSL,No,No,Yes,No,No,No,Month-to-month,Yes,Credit card (automatic),37.37,2095.09,2,12.7,0,0,0.274,Watch
Female,1,Yes,Yes,63,Yes,No,No,No,No,No,No,No,No,Two year,Yes,Mailed check,18.0,1125.09,3,10.6,0,0,0.034,Healthy
Male,0,Yes,No,6,Yes,Yes,DSL,No,Yes,Yes,No,Yes,Yes,Month-to-month,No,Credit card (automatic),63.28,358.4,1,15.7,0,0,0.594,High Risk
Male,0,No,No,39,Yes,Yes,No,No,No,No,No,No,No,Month-to-month,Yes,Credit card (automatic),18.25,702.47,2,15.9,0,0,0.31,Watch
Female,0,Yes,No,34,Yes,Yes,DSL,No,Yes,Yes,Yes,Yes,No,Two year,Yes,Mailed check,58.46,1981.22,2,10.3,1,0,0.099,Healthy
Male,0,No,Yes,11,Yes,Yes,Fiber optic,No,Yes,No,Yes,Yes,Yes,One year,Yes,Electronic check,83.42,928.02,0,21.4,1,1,0.502,High Risk
Female,1,No,Yes,20,Yes,No,Fiber optic,No,Yes,Yes,Yes,Yes,No,One year,Yes,Credit card (automatic),85.94,1693.56,2,9.9,0,0,0.34,Watch
Male,0,Yes,No,62,Yes,Yes,Fiber optic,Yes,No,No,No,No,No,Month-to-month,No,Credit card (automatic),64.81,3989.38,1,24.7,1,1,0.427,High Risk
Female,0,Yes,No,28,Yes,Yes,No,No,No,No,No,No,No,Two year,Yes,Bank transfer (automatic),18.0,515.02,2,18.3,1,0,0.128,Healthy
Female,0,Yes,Yes,39,No,No,DSL,Yes,Yes,Yes,No,No,Yes,One year,Yes,Mailed check,55.53,2163.81,2,14.2,1,0,0.215,Watch
Female,0,Yes,No,56,Yes,Yes,Fiber optic,Yes,Yes,No,No,Yes,Yes,Month-to-month,No,Electronic check,90.31,5089.25,1,5.3,0,1,0.734,Critical Risk
Male,0,Yes,Yes,32,Yes,No,DSL,No,No,Yes,No,No,No,Month-to-month,No,Electronic check,37.96,1186.28,4,6.5,2,1,0.844,Critical Risk
Male,0,No,No,65,Yes,Yes,DSL,Yes,Yes,No,No,Yes,No,One year,Yes,Mailed check,56.09,3636.28,0,15.4,1,0,0.093,Healthy
Male,0,Yes,No,36,Yes,No,DSL,Yes,No,Yes,Yes,Yes,No,Month-to-month,No,Bank transfer (automatic),66.13,2410.79,0,12.6,2,1,0.593,High Risk
Male,0,Yes,Yes,71,Yes,Yes,Fiber optic,No,Yes,No,No,Yes,Yes,Month-to-month,No,Electronic check,84.27,5948.69,0,9.6,0,0,0.443,High Risk
Female,1,No,No,10,No,No,Fiber optic,No,No,No,No,Yes,No,One year,No,Bank transfer (automatic),69.86,708.92,2,17.0,0,0,0.526,High Risk
Male,0,Yes,No,64,Yes,Yes,DSL,Yes,Yes,No,Yes,Yes,Yes,Two year,No,Bank transfer (automatic),77.92,4987.87,0,13.8,1,0,0.044,Healthy
Male,0,No,No,8,Yes,Yes,No,No,No,No,No,No,No,Month-to-month,No,Credit card (automatic),18.0,159.82,2,7.6,2,1,0.734,Critical Risk
Male,0,No,No,59,Yes,No,Fiber optic,Yes,Yes,No,Yes,Yes,No,Month-to-month,Yes,Bank transfer (automatic),86.54,5122.48,3,11.7,1,0,0.701,Critical Risk
Male,1,Yes,No,48,Yes,Yes,No,No,No,No,No,No,No,Month-to-month,No,Credit card (automatic),18.0,843.82,1,12.6,2,0,0.277,Watch
Female,0,No,No,40,Yes,Yes,DSL,Yes,Yes,Yes,No,Yes,No,One year,Yes,Electronic check,66.26,2680.07,2,17.5,0,0,0.283,Watch
Female,0,No,Yes,64,No,No,Fiber optic,Yes,No,Yes,No,Yes,No,Month-to-month,Yes,Credit card (automatic),82.76,5299.33,1,13.9,1,1,0.525,High Risk
Male,0,No,No,46,Yes,No,DSL,Yes,No,No,No,No,No,One year,Yes,Credit card (automatic),39.58,1825.98,1,14.2,1,0,0.127,Healthy
Female,1,No,Yes,50,Yes,Yes,Fiber optic,Yes,Yes,No,Yes,Yes,No,Two year,Yes,Mailed check,94.97,4757.78,0,20.6,1,1,0.125,Healthy
Female,1,No,Yes,55,Yes,Yes,No,No,No,No,No,No,No,Month-to-month,Yes,Mailed check,18.0,1003.64,0,4.0,0,0,0.215,Watch
Male,0,No,No,61,Yes,No,Fiber optic,Yes,No,Yes,Yes,Yes,No,One year,No,Electronic check,86.18,5232.59,0,24.5,0,0,0.168,Healthy
Male,0,No,Yes,16,Yes,Yes,Fiber optic,No,Yes,No,No,Yes,No,Month-to-month,No,Electronic check,76.65,1232.45,1,5.1,0,1,0.876,Critical Risk
Male,0,No,No,61,Yes,No,Fiber optic,No,Yes,No,No,No,No,Month-to-month,No,Mailed check,73.67,4500.57,1,5.6,0,0,0.518,High Risk
Male,0,No,No,42,No,No,Fiber optic,Yes,No,No,Yes,Yes,Yes,Month-to-month,Yes,Mailed check,81.2,3396.76,0,12.3,0,1,0.49,High Risk
Male,0,No,Yes,2,Yes,Yes,DSL,No,No,No,No,Yes,No,One year,No,Bank transfer (automatic),44.8,98.41,1,9.7,0,1,0.428,High Risk
Male,0,Yes,No,67,Yes,No,Fiber optic,No,Yes,No,No,Yes,Yes,Month-to-month,No,Electronic check,82.16,5507.78,2,25.1,1,0,0.616,High Risk
Female,0,No,No,56,Yes,Yes,No,No,No,No,No,No,No,One year,Yes,Electronic check,18.0,981.3,3,8.3,1,0,0.244,Watch
Male,1,Yes,No,65,Yes,No,DSL,No,No,No,No,No,Yes,One year,No,Electronic check,51.95,3385.79,0,9.5,0,0,0.095,Healthy
Female,0,Yes,No,56,Yes,No,Fiber optic,No,No,Yes,No,Yes,Yes,Month-to-month,No,Credit card (automatic),77.17,4309.39,1,13.4,0,1,0.468,High Risk
Male,0,Yes,No,25,Yes,No,No,No,No,No,No,No,No,Two year,Yes,Electronic check,20.89,551.1,0,23.4,1,0,0.133,Healthy
Male,0,Yes,No,25,Yes,Yes,Fiber optic,Yes,Yes,No,No,Yes,Yes,One year,Yes,Mailed check,94.5,2364.06,3,20.7,0,0,0.646,High Risk
Female,0,No,No,20,Yes,Yes,Fiber optic,Yes,Yes,No,Yes,No,No,Two year,No,Mailed check,76.79,1514.58,0,15.2,1,0,0.193,Healthy
Female,0,Yes,Yes,29,Yes,Yes,DSL,No,No,No,Yes,Yes,Yes,One year,No,Mailed check,52.35,1534.82,4,6.5,0,0,0.328,Watch
Female,1,No,No,2,Yes,No,DSL,No,Yes,No,Yes,No,Yes,One year,Yes,Electronic check,59.01,95.85,2,3.4,1,0,0.558,High Risk
Male,0,No,Yes,54,Yes,Yes,Fiber optic,No,No,Yes,Yes,No,Yes,Month-to-month,No,Credit card (automatic),79.07,4280.47,1,8.1,1,0,0.5,High Risk
Male,0,Yes,Yes,54,Yes,No,Fiber optic,Yes,No,No,Yes,No,No,Month-to-month,Yes,Mailed check,74.26,3995.22,2,2.1,0,0,0.641,High Risk
Male,0,Yes,Yes,72,Yes,No,DSL,Yes,Yes,Yes,Yes,No,Yes,Month-to-month,Yes,Electronic check,65.82,4745.81,1,6.5,1,0,0.3,Watch
Male,0,No,No,40,Yes,No,Fiber optic,Yes,No,Yes,No,No,Yes,One year,Yes,Electronic check,70.27,2773.97,0,2.4,0,0,0.35,Watch
Female,1,No,No,72,Yes,No,Fiber optic,No,No,No,No,Yes,No,One year,Yes,Credit card (automatic),67.85,4850.73,0,16.1,0,0,0.066,Healthy
Male,0,Yes,No,15,Yes,Yes,DSL,Yes,Yes,No,No,No,No,Month-to-month,Yes,Mailed check,49.53,766.34,1,6.4,0,0,0.676,High Risk
Male,0,Yes,No,34,Yes,No,Fiber optic,No,No,No,No,No,Yes,Month-to-month,Yes,Mailed check,71.57,2452.65,0,19.9,1,0,0.705,Critical Risk
Female,0,Yes,No,57,Yes,Yes,Fiber optic,No,Yes,Yes,Yes,No,No,Month-to-month,Yes,Credit card (automatic),81.6,4663.6,0,14.7,1,0,0.373,Watch
Male,0,Yes,No,57,Yes,Yes,Fiber optic,No,Yes,No,No,No,Yes,Month-to-month,Yes,Credit card (automatic),73.03,4184.1,1,13.7,0,0,0.425,High Risk
Male,0,Yes,No,56,No,No,Fiber optic,Yes,Yes,No,Yes,Yes,No,One year,No,Credit card (automatic),87.03,4864.16,1,17.9,0,0,0.146,Healthy
Male,1,No,No,34,Yes,No,Fiber optic,No,Yes,No,Yes,No,Yes,Month-to-month,Yes,Electronic check,84.87,2869.79,0,11.4,0,1,0.635,High Risk
Male,0,Yes,Yes,5,Yes,Yes,Fiber optic,Yes,Yes,Yes,Yes,Yes,Yes,Month-to-month,Yes,Mailed check,92.85,449.63,2,14.4,0,1,0.823,Critical Risk
Female,1,Yes,No,63,Yes,No,Fiber optic,No,No,Yes,Yes,Yes,No,Month-to-month,Yes,Bank transfer (automatic),75.53,4749.25,3,8.4,1,0,0.559,High Risk
Female,0,No,No,27,Yes,Yes,Fiber optic,Yes,No,No,Yes,No,No,Two year,No,Bank transfer (automatic),84.01,2291.97,0,19.9,1,1,0.254,Watch
Female,0,No,No,47,Yes,No,Fiber optic,No,No,Yes,Yes,No,Yes,Month-to-month,No,Mailed check,84.06,3943.73,1,22.0,1,1,0.517,High Risk
Male,1,Yes,Yes,9,Yes,Yes,DSL,Yes,No,No,Yes,Yes,Yes,Two year,No,Mailed check,58.84,512.23,1,11.2,0,0,0.121,Healthy
Female,0,No,No,68,Yes,No,Fiber optic,No,Yes,No,Yes,No,No,Month-to-month,Yes,Mailed check,75.23,5125.75,0,21.7,0,0,0.232,Watch
Female,0,No,No,18,No,No,DSL,Yes,No,Yes,Yes,No,Yes,Month-to-month,Yes,Bank transfer (automatic),63.03,1122.58,2,13.6,0,1,0.633,High Risk
Male,1,Yes,Yes,72,Yes,No,DSL,No,No,Yes,No,No,No,Month-to-month,No,Bank transfer (automatic),40.94,2949.02,2,18.2,2,0,0.276,Watch
Female,0,Yes,No,52,Yes,Yes,DSL,No,Yes,No,No,No,Yes,Month-to-month,Yes,Credit card (automatic),49.06,2570.39,1,13.5,1,0,0.366,Watch
Male,1,No,No,24,Yes,No,No,No,No,No,No,No,No,Month-to-month,Yes,Bank transfer (automatic),18.0,430.11,2,12.6,0,0,0.478,High Risk
Female,0,No,No,26,No,No,Fiber optic,No,No,No,Yes,Yes,No,Two year,No,Credit card (automatic),66.96,1745.71,0,11.0,1,0,0.144,Healthy
Female,1,No,No,71,Yes,Yes,No,No,No,No,No,No,No,Two year,Yes,Credit card (automatic),24.96,1788.15,0,17.3,2,0,0.018,Healthy
Male,0,Yes,No,43,No,No,Fiber optic,No,No,No,Yes,No,Yes,One year,Yes,Electronic check,71.6,3093.76,1,6.7,1,0,0.357,Watch
Male,0,No,No,50,No,No,No,No,No,No,No,No,No,Month-to-month,No,Electronic check,18.0,885.88,0,15.2,3,0,0.573,High Risk
Male,1,Yes,No,44,Yes,No,Fiber optic,No,Yes,Yes,No,Yes,Yes,Month-to-month,Yes,Credit card (automatic),92.71,4063.76,3,20.0,1,1,0.675,High Risk
Female,0,No,Yes,17,Yes,No,Fiber optic,Yes,Yes,Yes,Yes,No,No,Month-to-month,Yes,Bank transfer (automatic),87.86,1474.64,1,7.8,0,0,0.787,Critical Risk
Male,0,No,No,9,Yes,Yes,DSL,Yes,Yes,Yes,Yes,Yes,Yes,Two year,No,Electronic check,72.77,658.97,2,18.6,2,0,0.342,Watch
Female,0,Yes,No,0,Yes,Yes,Fiber optic,No,No,Yes,Yes,Yes,No,Two year,Yes,Mailed check,82.73,0.0,3,20.8,1,0,0.457,High Risk
Male,0,Yes,Yes,29,Yes,Yes,Fiber optic,Yes,Yes,No,Yes,No,Yes,Month-to-month,Yes,Mailed check,84.99,2474.1,1,8.9,1,0,0.768,Critical Risk
Male,1,No,Yes,49,Yes,No,DSL,Yes,Yes,Yes,No,Yes,Yes,Month-to-month,Yes,Electronic check,65.41,3178.65,0,12.3,1,0,0.534,High Risk
Female,0,No,Yes,22,No,No,DSL,No,Yes,Yes,No,No,No,Two year,Yes,Credit card (automatic),52.77,1146.5,2,9.5,1,0,0.143,Healthy
Female,0,Yes,No,16,Yes,No,DSL,Yes,Yes,Yes,No,No,No,Month-to-month,No,Electronic check,60.03,979.34,0,14.8,0,0,0.69,High Risk
Female,0,No,No,28,Yes,No,DSL,No,No,No,Yes,Yes,Yes,Month-to-month,Yes,Mailed check,50.47,1408.26,3,7.3,0,1,0.618,High Risk
Male,1,Yes,No,16,Yes,Yes,Fiber optic,No,No,Yes,Yes,No,No,Month-to-month,No,Credit card (automatic),78.78,1256.82,1,19.1,1,0,0.695,High Risk
Male,1,Yes,Yes,31,Yes,Yes,Fiber optic,No,No,No,Yes,No,No,Two year,No,Credit card (automatic),68.87,2109.0,1,10.1,2,1,0.187,Healthy
Male,1,Yes,No,40,Yes,No,No,No,No,No,No,No,No,Month-to-month,No,Electronic check,18.0,737.3,1,7.4,0,1,0.39,Watch
Female,0,No,Yes,19,No,No,Fiber optic,Yes,No,Yes,Yes,No,No,Month-to-month,Yes,Electronic check,76.96,1478.92,1,16.6,0,0,0.776,Critical Risk
Female,0,Yes,No,2,Yes,Yes,Fiber optic,Yes,No,Yes,No,No,Yes,Two year,Yes,Electronic check,80.68,167.7,1,7.7,1,1,0.619,High Risk
Male,0,No,Yes,7,Yes,Yes,Fiber optic,No,Yes,Yes,No,Yes,No,Two year,No,Electronic check,75.77,507.02,1,13.7,0,0,0.362,Watch
Female,0,Yes,No,30,Yes,Yes,Fiber optic,No,No,No,No,Yes,No,Month-to-month,Yes,Electronic check,65.77,1990.68,0,20.6,2,1,0.844,Critical Risk
Male,0,No,No,12,Yes,Yes,DSL,No,No,No,Yes,No,No,Two year,Yes,Bank transfer (automatic),40.5,447.42,2,19.1,1,0,0.147,Healthy
Female,0,No,No,58,No,No,Fiber optic,Yes,No,No,Yes,No,No,Month-to-month,No,Electronic check,66.04,3829.27,3,20.1,0,1,0.579,High Risk
Female,0,Yes,Yes,12,No,No,DSL,Yes,Yes,Yes,Yes,Yes,Yes,One year,Yes,Electronic check,65.4,779.11,3,12.3,3,0,0.656,High Risk
Female,0,Yes,Yes,1,Yes,No,Fiber optic,No,No,Yes,Yes,No,No,One year,No,Mailed check,76.47,103.91,3,13.6,0,0,0.603,High Risk
Male,0,Yes,No,45,Yes,No,DSL,Yes,No,Yes,Yes,No,Yes,One year,Yes,Electronic check,63.06,2858.19,2,16.7,0,0,0.181,Healthy
Female,0,Yes,No,45,Yes,Yes,Fiber optic,No,No,No,No,Yes,No,Month-to-month,Yes,Electronic check,64.88,2964.03,2,12.1,0,0,0.705,Critical Risk
Male,0,No,No,49,Yes,Yes,No,No,No,No,No,No,No,Month-to-month,Yes,Mailed check,18.0,858.17,0,17.4,0,0,0.252,Watch
Female,1,No,No,11,Yes,Yes,Fiber optic,No,Yes,No,Yes,No,Yes,One year,No,Mailed check,81.33,911.71,1,5.9,2,0,0.559,High Risk
Male,0,Yes,No,49,No,No,DSL,No,Yes,No,Yes,Yes,No,Month-to-month,Yes,Bank transfer (automatic),54.63,2684.3,1,13.5,0,0,0.328,Watch
Female,1,No,No,62,Yes,No,Fiber optic,Yes,No,No,Yes,Yes,Yes,Month-to-month,No,Mailed check,85.57,5294.86,2,21.0,1,0,0.521,High Risk
Male,0,Yes,No,44,Yes,No,Fiber optic,Yes,Yes,Yes,No,No,Yes,Two year,No,Mailed check,84.06,3691.13,1,11.9,1,0,0.161,Healthy
Male,0,Yes,No,28,Yes,No,No,No,No,No,No,No,No,Two year,Yes,Credit card (automatic),18.0,533.79,1,14.1,1,0,0.086,Healthy
Female,0,Yes,No,35,Yes,No,No,No,No,No,No,No,No,Month-to-month,Yes,Bank transfer (automatic),18.0,628.45,0,27.2,0,0,0.284,Watch
Female,0,Yes,No,59,Yes,No,DSL,No,No,No,Yes,No,Yes,Month-to-month,Yes,Bank transfer (automatic),47.8,2799.91,1,10.2,0,0,0.257,Watch
Male,0,No,No,10,Yes,No,No,No,No,No,No,No,No,Month-to-month,No,Bank transfer (automatic),18.0,203.2,1,13.3,0,0,0.561,High Risk
Female,0,Yes,Yes,52,Yes,Yes,DSL,Yes,No,No,Yes,No,No,One year,No,Electronic check,39.48,2069.31,0,2.9,0,0,0.117,Healthy
Male,0,No,Yes,19,Yes,Yes,DSL,Yes,Yes,No,Yes,No,Yes,One year,Yes,Credit card (automatic),58.47,1115.96,1,16.3,0,0,0.165,Healthy
Male,1,Yes,Yes,64,Yes,Yes,DSL,Yes,Yes,No,Yes,Yes,No,Month-to-month,No,Bank transfer (automatic),59.57,3789.18,0,17.9,1,0,0.19,Healthy
Male,0,No,No,10,Yes,No,DSL,Yes,No,No,Yes,Yes,No,Two year,No,Bank transfer (automatic),59.79,555.31,0,17.5,3,0,0.295,Watch
Male,0,Yes,No,37,Yes,No,Fiber optic,No,No,No,Yes,Yes,Yes,Month-to-month,Yes,Bank transfer (automatic),79.98,3004.93,0,24.2,0,0,0.517,High Risk
Male,0,Yes,Yes,29,Yes,Yes,DSL,No,No,Yes,No,Yes,No,Two year,Yes,Electronic check,50.93,1471.0,1,17.3,1,0,0.196,Healthy
Male,0,Yes,Yes,35,Yes,Yes,DSL,Yes,Yes,Yes,Yes,No,No,One year,Yes,Electronic check,60.42,2155.86,1,13.6,0,0,0.191,Healthy
Male,0,Yes,No,27,Yes,Yes,DSL,No,Yes,Yes,No,Yes,Yes,One year,Yes,Bank transfer (automatic),59.67,1619.55,0,18.5,0,0,0.184,Healthy
Male,0,Yes,Yes,2,Yes,No,No,No,No,No,No,No,No,Month-to-month,Yes,Bank transfer (automatic),18.0,50.32,0,11.1,1,1,0.696,High Risk
Male,0,Yes,Yes,62,Yes,Yes,Fiber optic,Yes,No,Yes,Yes,Yes,Yes,Two year,No,Credit card (automatic),92.39,5702.24,1,17.7,1,1,0.075,Healthy
Female,0,No,Yes,38,Yes,Yes,Fiber optic,Yes,Yes,Yes,Yes,Yes,No,Month-to-month,Yes,Mailed check,92.47,3553.59,1,30.0,2,0,0.687,High Risk
Female,1,Yes,No,43,Yes,Yes,Fiber optic,No,No,No,No,Yes,No,Month-to-month,No,Electronic check,69.17,2973.48,1,26.2,1,1,0.665,High Risk
Male,1,No,No,38,Yes,Yes,Fiber optic,No,Yes,No,Yes,Yes,Yes,Month-to-month,No,Mailed check,81.84,3111.45,1,23.7,0,0,0.427,High Risk
Male,0,No,Yes,38,Yes,No,DSL,Yes,Yes,Yes,No,Yes,Yes,Month-to-month,Yes,Electronic check,67.61,2585.74,0,16.3,1,1,0.598,High Risk
Female,1,No,Yes,44,Yes,No,No,No,No,No,No,No,No,Two year,No,Bank transfer (automatic),18.0,770.26,0,8.8,0,0,0.028,Healthy
Female,0,No,Yes,30,Yes,Yes,Fiber optic,Yes,No,Yes,Yes,Yes,Yes,One year,No,Bank transfer (automatic),99.87,3028.57,0,11.8,0,0,0.396,Watch
Female,0,Yes,No,9,Yes,No,Fiber optic,Yes,No,No,Yes,No,Yes,Month-to-month,Yes,Electronic check,81.05,706.74,0,27.7,1,1,0.84,Critical Risk
Female,1,No,No,2,Yes,No,No,No,No,No,No,No,No,Two year,Yes,Mailed check,19.61,44.96,0,12.8,1,0,0.153,Healthy
Female,0,No,No,39,Yes,No,DSL,Yes,No,Yes,Yes,Yes,No,Month-to-month,Yes,Bank transfer (automatic),63.96,2497.71,1,21.3,0,1,0.398,Watch
Female,0,No,No,13,Yes,Yes,DSL,No,Yes,Yes,Yes,No,Yes,One year,No,Credit card (automatic),63.91,859.96,3,8.8,0,0,0.302,Watch
Male,0,Yes,No,33,Yes,Yes,No,No,No,No,No,No,No,One year,No,Mailed check,20.33,639.53,3,16.6,0,0,0.201,Watch
Male,0,No,Yes,44,Yes,No,Fiber optic,Yes,No,No,No,Yes,No,Two year,Yes,Bank transfer (automatic),73.27,3202.83,1,17.8,1,0,0.196,Healthy
Male,0,Yes,No,43,Yes,Yes,Fiber optic,No,No,No,No,No,No,One year,Yes,Mailed check,65.04,2802.97,3,10.2,0,0,0.378,Watch
Male,0,No,No,12,Yes,Yes,No,No,No,No,No,No,No,Month-to-month,Yes,Mailed check,18.0,175.63,1,6.6,0,0,0.552,High Risk
Female,0,Yes,Yes,48,Yes,No,No,No,No,No,No,No,No,Month-to-month,No,Bank transfer (automatic),18.0,824.04,3,10.1,0,0,0.366,Watch
Female,0,Yes,No,68,No,No,No,No,No,No,No,No,No,Month-to-month,Yes,Credit card (automatic),18.0,1205.4,2,19.6,0,0,0.133,Healthy
Female,0,No,Yes,26,Yes,No,DSL,No,No,No,Yes,Yes,Yes,Month-to-month,Yes,Electronic check,56.06,1455.8,0,22.6,0,1,0.538,High Risk
Male,0,No,No,8,Yes,No,No,No,No,No,No,No,No,Month-to-month,No,Mailed check,18.0,112.97,2,10.2,0,0,0.638,High Risk
Male,1,Yes,Yes,36,Yes,No,Fiber optic,Yes,Yes,Yes,Yes,No,No,Month-to-month,Yes,Electronic check,84.55,3051.58,1,9.5,1,0,0.734,Critical Risk
Male,0,No,No,45,Yes,No,Fiber optic,Yes,No,Yes,Yes,Yes,Yes,One year,Yes,Bank transfer (automatic),92.87,4194.75,4,8.0,2,1,0.613,High Risk
Female,0,No,Yes,28,Yes,Yes,DSL,Yes,No,No,No,No,No,Month-to-month,Yes,Mailed check,41.61,1132.85,1,21.2,3,1,0.763,Critical Risk
Male,0,No,No,43,No,No,Fiber optic,No,No,No,Yes,Yes,Yes,One year,Yes,Electronic check,83.22,3594.74,0,10.6,1,0,0.35,Watch
Male,0,No,No,55,Yes,Yes,DSL,No,Yes,Yes,No,Yes,Yes,One year,No,Bank transfer (automatic),64.4,3554.54,0,5.0,0,0,0.115,Healthy
Female,0,Yes,No,42,Yes,Yes,No,No,No,No,No,No,No,Month-to-month,No,Bank transfer (automatic),18.0,760.55,0,12.5,0,0,0.255,Watch
Female,0,Yes,No,58,Yes,No,Fiber optic,Yes,Yes,No,Yes,No,No,One year,Yes,Electronic check,84.15,4909.98,0,9.6,0,0,0.24,Watch
Female,0,No,Yes,10,Yes,Yes,Fiber optic,Yes,No,Yes,No,No,Yes,Month-to-month,Yes,Bank transfer (automatic),75.97,776.16,2,22.3,0,0,0.826,Critical Risk
Male,0,Yes,No,21,Yes,No,DSL,Yes,No,No,No,No,Yes,Two year,No,Credit card (automatic),46.32,976.36,0,18.9,0,0,0.072,Healthy
Male,0,No,Yes,40,No,No,Fiber optic,Yes,No,No,Yes,Yes,Yes,Month-to-month,Yes,Mailed check,85.55,3422.07,0,15.6,0,0,0.531,High Risk
Male,0,No,No,18,Yes,Yes,Fiber optic,No,No,No,Yes,Yes,No,Month-to-month,No,Credit card (automatic),82.04,1489.61,1,22.6,1,0,0.753,Critical Risk
Male,0,No,Yes,72,Yes,Yes,No,No,No,No,No,No,No,Month-to-month,No,Mailed check,18.0,1295.1,2,15.2,1,0,0.201,Watch
Female,0,Yes,No,49,Yes,Yes,Fiber optic,No,No,Yes,No,No,Yes,One year,No,Electronic check,73.94,3639.93,3,12.2,0,0,0.481,High Risk
Male,0,No,No,30,Yes,No,DSL,No,Yes,No,Yes,Yes,Yes,Month-to-month,No,Electronic check,56.55,1719.3,0,9.0,1,0,0.568,High Risk
Male,0,No,No,56,Yes,Yes,Fiber optic,Yes,No,No,No,Yes,No,Month-to-month,No,Electronic check,74.32,4168.61,1,11.9,2,0,0.817,Critical Risk
Female,0,Yes,No,71,Yes,No,DSL,Yes,Yes,No,No,Yes,Yes,One year,No,Bank transfer (automatic),58.62,4155.86,1,5.0,0,0,0.079,Healthy
Male,0,Yes,Yes,0,Yes,Yes,Fiber optic,Yes,Yes,Yes,No,Yes,No,Two year,No,Electronic check,86.55,0.0,1,22.0,0,1,0.454,High Risk
Male,0,Yes,No,40,Yes,No,Fiber optic,No,Yes,No,Yes,No,Yes,Month-to-month,Yes,Mailed check,84.42,3384.97,1,10.1,0,1,0.573,High Risk
Male,0,Yes,Yes,31,No,No,DSL,No,No,No,Yes,No,Yes,Month-to-month,Yes,Credit card (automatic),51.5,1625.48,1,4.8,0,0,0.412,High Risk
Male,0,No,Yes,55,Yes,No,DSL,Yes,Yes,Yes,Yes,Yes,No,Month-to-month,No,Electronic check,66.66,3681.83,0,20.3,0,0,0.304,Watch
Male,0,No,No,22,Yes,No,Fiber optic,No,Yes,Yes,Yes,Yes,No,One year,Yes,Electronic check,84.63,1823.44,1,13.3,0,0,0.439,High Risk
Female,0,Yes,No,23,No,No,Fiber optic,No,No,Yes,Yes,No,No,Month-to-month,Yes,Bank transfer (automatic),72.4,1686.97,2,2.8,0,0,0.741,Critical Risk
Female,0,No,No,55,Yes,Yes,DSL,Yes,Yes,No,Yes,No,No,One year,No,Electronic check,55.39,3036.09,1,5.6,0,0,0.144,Healthy
Male,0,Yes,No,65,Yes,No,Fiber optic,Yes,No,No,Yes,Yes,Yes,Month-to-month,Yes,Electronic check,87.96,5724.63,0,6.6,1,0,0.614,High Risk
Male,1,Yes,Yes,10,Yes,No,Fiber optic,No,Yes,No,No,No,No,Month-to-month,Yes,Mailed check,72.28,705.71,0,4.4,0,0,0.766,Critical Risk
Male,0,Yes,Yes,44,Yes,No,DSL,No,Yes,No,Yes,No,Yes,Month-to-month,Yes,Credit card (automatic),67.16,2950.67,0,11.7,1,0,0.326,Watch
Female,0,No,No,56,Yes,No,DSL,No,No,No,Yes,Yes,No,Month-to-month,Yes,Mailed check,51.32,2828.46,1,19.1,1,0,0.348,Watch
Female,0,No,Yes,12,Yes,Yes,DSL,Yes,Yes,Yes,No,Yes,Yes,One year,No,Electronic check,68.78,818.54,1,15.0,2,1,0.584,High Risk
Female,0,No,No,48,Yes,No,Fiber optic,Yes,Yes,Yes,Yes,Yes,No,One year,Yes,Bank transfer (automatic),85.67,4091.11,2,2.9,0,0,0.252,Watch
Male,0,No,No,71,Yes,Yes,DSL,No,No,No,Yes,No,Yes,One year,Yes,Mailed check,50.39,3542.74,2,10.1,0,0,0.056,Healthy
Male,0,Yes,Yes,61,Yes,No,No,No,No,No,No,No,No,Month-to-month,Yes,Electronic check,22.22,1390.87,4,16.3,1,0,0.561,High Risk
Male,0,No,No,14,Yes,Yes,Fiber optic,No,No,No,Yes,Yes,No,Month-to-month,Yes,Mailed check,78.66,1094.75,1,12.7,0,0,0.795,Critical Risk
Male,0,Yes,No,72,Yes,No,Fiber optic,No,Yes,Yes,Yes,No,Yes,One year,Yes,Bank transfer (automatic),86.07,6233.33,3,16.5,0,0,0.128,Healthy
Male,0,Yes,No,26,Yes,No,No,No,No,No,No,No,No,One year,Yes,Credit card (automatic),19.49,502.8,2,14.7,0,0,0.193,Healthy
Female,0,No,No,34,Yes,Yes,DSL,Yes,Yes,No,No,Yes,Yes,One year,Yes,Bank transfer (automatic),61.53,2099.7,0,7.5,0,0,0.212,Watch
Male,0,Yes,No,21,Yes,Yes,Fiber optic,Yes,Yes,No,Yes,No,Yes,Month-to-month,No,Bank transfer (automatic),81.38,1715.34,1,6.4,1,0,0.783,Critical Risk
Female,0,Yes,No,51,Yes,No,DSL,Yes,Yes,No,No,No,Yes,Month-to-month,No,Credit card (automatic),61.47,3122.0,0,12.9,2,1,0.502,High Risk
Female,0,Yes,No,9,Yes,No,DSL,Yes,No,No,No,No,Yes,One year,Yes,Electronic check,52.55,483.12,1,9.9,0,0,0.507,High Risk
Female,0,Yes,No,51,No,No,No,No,No,No,No,No,No,Month-to-month,No,Mailed check,21.52,1135.86,1,15.1,0,0,0.294,Watch
Male,1,No,No,4,Yes,Yes,DSL,No,Yes,Yes,Yes,No,Yes,Month-to-month,Yes,Credit card (automatic),66.23,273.66,1,20.3,0,0,0.474,High Risk
Female,0,Yes,No,61,Yes,Yes,No,No,No,No,No,No,No,One year,Yes,Mailed check,19.6,1188.95,0,20.4,0,0,0.045,Healthy
Male,0,No,No,23,Yes,Yes,No,No,No,No,No,No,No,Month-to-month,Yes,Electronic check,20.19,469.76,3,6.3,0,0,0.706,Critical Risk
Male,0,No,No,37,Yes,Yes,Fiber optic,No,Yes,Yes,No,No,No,Month-to-month,No,Credit card (automatic),75.81,2819.47,0,10.9,0,0,0.493,High Risk
Male,0,No,Yes,16,No,No,Fiber optic,No,No,Yes,No,No,Yes,Month-to-month,Yes,Mailed check,68.81,1094.44,0,7.4,0,1,0.732,Critical Risk
Male,0,Yes,No,7,Yes,Yes,No,No,No,No,No,No,No,One year,Yes,Electronic check,18.0,119.77,1,17.7,1,0,0.408,High Risk
Female,0,No,No,1,Yes,Yes,DSL,Yes,Yes,Yes,Yes,No,No,Month-to-month,Yes,Bank transfer (automatic),59.69,52.68,0,16.0,0,1,0.596,High Risk
Female,0,Yes,No,71,Yes,No,Fiber optic,No,Yes,Yes,Yes,Yes,Yes,One year,Yes,Mailed check,92.2,6553.16,2,22.1,0,0,0.105,Healthy
Female,0,Yes,No,9,Yes,No,DSL,Yes,No,Yes,No,Yes,No,Month-to-month,Yes,Mailed check,53.69,507.96,2,10.7,0,1,0.749,Critical Risk
Male,1,No,No,4,Yes,No,DSL,No,No,Yes,Yes,Yes,Yes,One year,Yes,Electronic check,70.16,282.88,1,11.6,0,0,0.434,High Risk
Male,1,Yes,No,37,Yes,No,DSL,Yes,No,No,Yes,No,Yes,Month-to-month,No,Electronic check,64.17,2385.99,1,11.4,0,0,0.53,High Risk
Female,0,No,No,70,No,No,DSL,No,No,Yes,Yes,Yes,No,One year,No,Electronic check,51.98,3646.58,1,16.8,0,0,0.052,Healthy
Male,0,Yes,No,6,Yes,Yes,DSL,No,Yes,No,Yes,Yes,Yes,Month-to-month,Yes,Electronic check,67.01,357.62,1,16.4,0,0,0.717,Critical Risk
Female,0,No,No,18,Yes,No,Fiber optic,No,Yes,Yes,Yes,No,No,One year,No,Mailed check,84.25,1511.11,4,7.0,2,0,0.745,Critical Risk
Female,1,No,No,40,Yes,Yes,Fiber optic,No,No,No,Yes,No,No,Month-to-month,Yes,Credit card (automatic),67.86,2671.86,0,3.3,2,1,0.575,High Risk
Female,1,No,No,35,Yes,No,No,No,No,No,No,No,No,One year,Yes,Electronic check,19.11,648.45,1,12.6,0,0,0.17,Healthy
Female,0,Yes,No,10,Yes,Yes,Fiber optic,No,Yes,Yes,No,Yes,Yes,Month-to-month,Yes,Bank transfer (automatic),85.42,818.97,0,6.9,0,0,0.791,Critical Risk
Male,0,Yes,No,69,Yes,Yes,No,No,No,No,No,No,No,Month-to-month,Yes,Credit card (automatic),18.0,1238.78,0,11.6,1,0,0.135,Healthy
Male,0,No,Yes,26,Yes,No,No,No,No,No,No,No,No,Two year,Yes,Mailed check,22.02,558.15,4,16.3,0,0,0.172,Healthy
Male,0,No,Yes,49,Yes,No,No,No,No,No,No,No,No,Month-to-month,No,Credit card (automatic),18.99,933.69,1,6.5,1,0,0.377,Watch
Male,0,Yes,No,33,Yes,Yes,DSL,No,Yes,Yes,Yes,No,No,Month-to-month,Yes,Bank transfer (automatic),54.86,1822.78,1,7.5,0,0,0.402,High Risk
Male,0,Yes,No,42,Yes,Yes,DSL,Yes,No,No,No,Yes,No,One year,Yes,Credit card (automatic),47.76,1996.94,1,13.0,1,0,0.172,Healthy
Female,0,No,No,66,Yes,No,Fiber optic,Yes,Yes,No,No,Yes,No,One year,Yes,Electronic check,82.28,5417.04,1,28.7,1,0,0.278,Watch
Male,0,No,Yes,23,Yes,Yes,DSL,Yes,Yes,No,Yes,Yes,No,Month-to-month,No,Bank transfer (automatic),63.6,1462.58,0,10.3,0,1,0.484,High Risk
Female,0,No,Yes,59,Yes,No,No,No,No,No,No,No,No,Month-to-month,Yes,Electronic check,20.33,1208.24,1,17.4,1,0,0.392,Watch
Female,0,No,No,21,Yes,No,Fiber optic,Yes,Yes,Yes,No,Yes,No,Month-to-month,No,Credit card (automatic),88.55,1839.85,0,5.5,0,0,0.729,Critical Risk
Female,0,Yes,No,23,Yes,No,No,No,No,No,No,No,No,Month-to-month,Yes,Electronic check,19.82,437.61,1,22.5,0,1,0.534,High Risk
Male,0,Yes,No,2,Yes,No,Fiber optic,Yes,Yes,Yes,No,No,Yes,Month-to-month,Yes,Electronic check,80.02,178.6,3,12.7,1,1,0.946,Critical Risk
Female,0,No,No,25,Yes,No,No,No,No,No,No,No,No,Month-to-month,Yes,Mailed check,18.0,465.15,2,14.3,0,0,0.556,High Risk
Male,0,No,No,42,Yes,Yes,DSL,Yes,Yes,No,No,No,Yes,Two year,Yes,Electronic check,52.4,2221.16,5,9.8,1,0,0.268,Watch
Male,0,Yes,No,46,Yes,No,Fiber optic,Yes,No,Yes,No,No,Yes,Two year,No,Electronic check,81.76,3772.61,2,11.6,2,0,0.367,Watch
Male,0,No,Yes,31,Yes,Yes,No,No,No,No,No,No,No,One year,No,Mailed check,19.09,583.53,1,23.9,1,0,0.171,Healthy
Male,0,Yes,No,26,Yes,Yes,Fiber optic,Yes,Yes,Yes,No,No,No,Month-to-month,Yes,Electronic check,79.84,2037.02,0,9.5,0,0,0.8,Critical Risk
Male,0,Yes,No,16,Yes,No,Fiber optic,Yes,Yes,Yes,No,Yes,Yes,Two year,Yes,Electronic check,91.9,1471.16,0,11.7,0,0,0.378,Watch
Male,0,No,No,66,Yes,Yes,Fiber optic,No,Yes,Yes,No,No,No,One year,Yes,Mailed check,75.93,5044.7,2,14.8,1,0,0.217,Watch
Female,0,Yes,No,28,Yes,No,No,No,No,No,No,No,No,Month-to-month,Yes,Electronic check,23.31,657.42,0,14.1,0,0,0.544,High Risk
Male,0,Yes,No,22,Yes,Yes,Fiber optic,Yes,Yes,Yes,No,Yes,No,Month-to-month,Yes,Bank transfer (automatic),88.11,1928.0,1,12.7,1,1,0.844,Critical Risk
Male,0,No,Yes,68,Yes,No,No,No,No,No,No,No,No,One year,Yes,Electronic check,18.0,1188.84,1,13.2,0,0,0.069,Healthy
Female,0,Yes,Yes,46,Yes,Yes,Fiber optic,No,Yes,Yes,No,No,Yes,Two year,Yes,Bank transfer (automatic),83.19,3793.91,2,20.7,0,0,0.119,Healthy
Female,0,Yes,No,61,Yes,Yes,Fiber optic,No,Yes,Yes,Yes,Yes,No,Month-to-month,Yes,Mailed check,93.47,5694.95,0,18.1,0,0,0.359,Watch
Female,0,No,No,28,Yes,No,Fiber optic,Yes,Yes,No,Yes,Yes,No,Month-to-month,Yes,Mailed check,91.45,2557.33,1,11.1,0,0,0.762,Critical Risk
Male,0,Yes,No,31,No,No,Fiber optic,No,Yes,No,Yes,Yes,Yes,One year,Yes,Mailed check,83.18,2564.94,1,15.0,0,0,0.287,Watch
Female,0,No,Yes,53,Yes,No,Fiber optic,No,Yes,No,Yes,No,No,Month-to-month,Yes,Mailed check,75.71,4026.35,3,18.6,0,1,0.58,High Risk
Female,0,Yes,No,71,Yes,No,DSL,No,Yes,No,No,No,No,Month-to-month,No,Mailed check,45.56,3223.26,2,14.2,1,0,0.277,Watch
Male,0,Yes,Yes,57,Yes,No,Fiber optic,Yes,Yes,No,Yes,Yes,Yes,One year,Yes,Mailed check,92.34,5240.29,0,5.0,0,0,0.202,Watch
Male,0,No,No,33,Yes,Yes,Fiber optic,Yes,No,No,Yes,No,Yes,Month-to-month,No,Electronic check,85.12,2829.24,1,22.1,1,0,0.796,Critical Risk
Female,0,Yes,Yes,43,Yes,Yes,DSL,No,Yes,Yes,No,Yes,No,Month-to-month,No,Mailed check,53.11,2286.01,1,4.6,1,0,0.452,High Risk
Male,1,No,No,25,Yes,No,Fiber optic,No,Yes,Yes,Yes,No,Yes,Month-to-month,Yes,Electronic check,88.42,2206.65,1,26.2,1,1,0.764,Critical Risk
Male,0,No,No,33,No,No,Fiber optic,Yes,No,Yes,Yes,Yes,No,Month-to-month,Yes,Mailed check,86.31,2830.99,1,13.1,0,1,0.663,High Risk
Female,0,No,Yes,28,No,No,Fiber optic,No,Yes,No,Yes,No,Yes,Month-to-month,No,Mailed check,78.27,2168.27,0,23.5,0,0,0.52,High Risk
Female,0,Yes,No,7,No,No,No,No,No,No,No,No,No,One year,Yes,Bank transfer (automatic),18.0,99.77,4,10.8,0,0,0.431,High Risk
Female,0,Yes,No,63,Yes,No,Fiber optic,No,No,Yes,No,No,No,Two year,Yes,Mailed check,66.95,4219.3,3,18.2,0,0,0.101,Healthy
Female,1,No,Yes,9,Yes,Yes,No,No,No,No,No,No,No,One year,Yes,Bank transfer (automatic),18.0,168.34,1,6.1,0,1,0.246,Watch
Female,0,Yes,Yes,19,Yes,Yes,Fiber optic,No,Yes,No,Yes,No,Yes,Month-to-month,Yes,Bank transfer (automatic),73.13,1370.0,0,15.2,0,1,0.605,High Risk
Male,1,No,No,18,Yes,Yes,Fiber optic,No,Yes,Yes,Yes,Yes,No,Month-to-month,Yes,Electronic check,85.17,1520.87,4,8.0,0,1,0.87,Critical Risk
Male,0,No,No,16,Yes,Yes,Fiber optic,Yes,Yes,No,Yes,Yes,No,Month-to-month,Yes,Mailed check,92.1,1465.13,1,16.1,0,0,0.793,Critical Risk
Female,0,Yes,No,36,Yes,Yes,DSL,Yes,Yes,Yes,No,Yes,No,One year,Yes,Electronic check,63.93,2289.17,1,25.7,0,0,0.231,Watch
Male,1,Yes,No,70,No,No,No,No,No,No,No,No,No,Month-to-month,No,Electronic check,20.5,1417.94,0,19.0,0,0,0.126,Healthy
Male,0,No,No,23,Yes,Yes,Fiber optic,No,Yes,No,Yes,No,No,Month-to-month,No,Credit card (automatic),75.48,1742.79,1,17.7,0,0,0.556,High Risk
Female,0,No,No,53,Yes,No,DSL,No,Yes,Yes,Yes,No,No,Month-to-month,No,Credit card (automatic),48.72,2569.44,1,13.9,0,0,0.178,Healthy
Female,0,Yes,No,53,Yes,No,Fiber optic,Yes,Yes,Yes,Yes,Yes,No,One year,No,Electronic check,92.61,4911.73,0,8.5,0,0,0.277,Watch
Male,1,No,No,55,Yes,Yes,DSL,Yes,No,Yes,Yes,No,Yes,Month-to-month,Yes,Bank transfer (automatic),65.54,3599.66,1,27.2,1,0,0.314,Watch
Male,0,No,Yes,45,Yes,Yes,DSL,Yes,No,Yes,Yes,Yes,No,Month-to-month,Yes,Credit card (automatic),60.1,2700.73,2,3.8,0,1,0.351,Watch
Female,0,Yes,Yes,54,Yes,No,DSL,Yes,No,Yes,Yes,No,No,One year,No,Electronic check,54.68,2939.66,2,22.3,2,0,0.261,Watch
Male,0,Yes,No,55,Yes,No,No,No,No,No,No,No,No,One year,No,Mailed check,18.0,955.72,0,17.2,2,0,0.115,Healthy
Female,0,No,No,49,Yes,No,DSL,Yes,No,Yes,No,No,Yes,Month-to-month,No,Electronic check,58.49,2853.98,0,11.7,0,0,0.513,High Risk
Female,0,No,No,40,Yes,No,Fiber optic,No,No,Yes,Yes,No,No,One year,No,Mailed check,72.42,2891.04,2,18.4,0,0,0.228,Watch
Female,0,No,Yes,6,Yes,Yes,Fiber optic,Yes,No,Yes,Yes,No,No,One year,Yes,Electronic check,76.63,454.22,0,15.7,1,0,0.596,High Risk
Male,0,Yes,No,37,Yes,No,No,No,No,No,No,No,No,Month-to-month,Yes,Electronic check,18.43,661.6,0,14.8,1,1,0.481,High Risk
Female,1,No,No,55,Yes,No,No,No,No,No,No,No,No,One year,No,Electronic check,18.0,971.99,0,11.3,0,0,0.083,Healthy
Male,0,No,No,24,Yes,No,No,No,No,No,No,No,No,Month-to-month,Yes,Credit card (automatic),20.21,498.96,1,5.6,0,0,0.437,High Risk
Female,0,No,Yes,18,Yes,Yes,Fiber optic,No,Yes,No,Yes,Yes,No,One year,Yes,Electronic check,76.64,1350.93,1,7.8,0,0,0.502,High Risk
Male,0,Yes,No,43,Yes,No,Fiber optic,No,No,No,No,No,Yes,Month-to-month,No,Electronic check,64.8,2802.85,3,17.5,1,1,0.797,Critical Risk
Male,0,Yes,No,9,Yes,No,No,No,No,No,No,No,No,Month-to-month,No,Bank transfer (automatic),18.42,142.34,0,11.5,0,0,0.527,High Risk
Female,1,No,Yes,52,Yes,No,DSL,No,No,No,No,No,No,One year,Yes,Bank transfer (automatic),37.88,1978.68,0,16.2,0,0,0.09,Healthy
Male,0,Yes,No,71,Yes,Yes,DSL,Yes,Yes,Yes,No,Yes,Yes,One year,Yes,Electronic check,71.9,5106.5,5,7.2,1,0,0.336,Watch
Female,0,Yes,Yes,35,Yes,No,No,No,No,No,No,No,No,Month-to-month,Yes,Mailed check,18.0,572.68,1,7.9,0,1,0.409,High Risk
Female,0,No,No,2,Yes,No,DSL,No,No,No,Yes,No,Yes,Two year,No,Mailed check,56.11,151.86,1,10.6,0,0,0.187,Healthy
Male,0,Yes,Yes,19,Yes,No,Fiber optic,Yes,No,No,No,No,No,Month-to-month,No,Electronic check,66.99,1304.88,1,25.3,0,0,0.819,Critical Risk
Male,0,No,No,2,Yes,Yes,DSL,No,No,Yes,No,Yes,No,Month-to-month,No,Credit card (automatic),53.67,75.95,1,10.9,0,1,0.679,High Risk
Female,0,No,Yes,33,Yes,Yes,DSL,No,No,No,Yes,No,No,Month-to-month,Yes,Credit card (automatic),39.37,1311.86,1,7.9,0,0,0.334,Watch
Male,0,No,No,22,Yes,Yes,No,No,No,No,No,No,No,Month-to-month,Yes,Electronic check,20.59,440.06,2,22.3,1,1,0.677,High Risk
Male,1,Yes,Yes,56,Yes,No,DSL,No,Yes,Yes,Yes,No,No,Two year,Yes,Electronic check,57.86,3210.92,1,25.2,1,0,0.045,Healthy
Male,0,No,No,61,Yes,No,Fiber optic,Yes,No,No,No,No,Yes,Month-to-month,Yes,Mailed check,76.09,4618.93,2,4.7,0,1,0.643,High Risk
Male,0,No,Yes,31,Yes,Yes,DSL,No,No,Yes,Yes,Yes,No,Month-to-month,No,Credit card (automatic),50.81,1575.09,0,8.9,1,0,0.38,Watch
Female,0,No,No,71,Yes,Yes,Fiber optic,No,Yes,No,Yes,No,No,One year,No,Bank transfer (automatic),76.68,5440.35,1,26.7,1,0,0.099,Healthy
Male,0,Yes,No,32,Yes,Yes,Fiber optic,Yes,Yes,Yes,No,Yes,No,Month-to-month,No,Bank transfer (automatic),81.74,2627.14,2,13.1,0,0,0.753,Critical Risk
Female,0,Yes,No,8,Yes,No,Fiber optic,Yes,No,Yes,No,No,No,One year,No,Credit card (automatic),74.6,605.73,1,17.5,1,0,0.564,High Risk
Male,0,No,Yes,66,Yes,No,Fiber optic,No,Yes,No,No,No,No,Month-to-month,Yes,Electronic check,70.32,4650.41,1,13.0,1,1,0.6,High Risk
Female,0,Yes,No,28,Yes,Yes,Fiber optic,Yes,Yes,Yes,No,No,No,Two year,Yes,Credit card (automatic),79.01,2235.56,1,16.9,0,0,0.169,Healthy
Male,0,No,No,64,Yes,No,DSL,Yes,No,Yes,No,No,No,Month-to-month,Yes,Credit card (automatic),49.05,3141.17,3,13.3,0,0,0.315,Watch
Male,0,Yes,No,53,Yes,No,Fiber optic,Yes,No,Yes,No,No,Yes,Two year,No,Bank transfer (automatic),84.94,4493.96,0,11.7,1,0,0.18,Healthy
Female,1,Yes,No,68,Yes,Yes,No,No,No,No,No,No,No,Month-to-month,No,Mailed check,18.37,1251.46,1,9.0,0,0,0.137,Healthy
Male,0,No,No,47,Yes,No,No,No,No,No,No,No,No,Month-to-month,No,Credit card (automatic),23.12,1123.97,0,14.2,2,0,0.313,Watch
Male,1,No,No,43,Yes,Yes,DSL,No,No,Yes,No,No,Yes,Month-to-month,No,Electronic check,47.51,2044.22,2,14.0,2,0,0.606,High Risk
Female,0,No,No,17,Yes,Yes,No,No,No,No,No,No,No,Month-to-month,No,Electronic check,21.03,336.57,1,19.2,0,0,0.606,High Risk
Male,0,Yes,Yes,20,Yes,Yes,No,No,No,No,No,No,No,Month-to-month,Yes,Electronic check,18.0,351.47,5,12.8,2,0,0.882,Critical Risk
Male,0,No,Yes,24,Yes,No,No,No,No,No,No,No,No,Month-to-month,Yes,Mailed check,19.01,445.13,3,8.7,0,0,0.596,High Risk
Male,0,No,No,22,Yes,No,No,No,No,No,No,No,No,Month-to-month,No,Bank transfer (automatic),18.0,413.04,1,8.8,0,0,0.5,High Risk
Female,0,Yes,No,43,Yes,No,No,No,No,No,No,No,No,Month-to-month,Yes,Mailed check,18.73,788.25,0,12.4,0,0,0.255,Watch
Female,0,Yes,No,63,No,No,DSL,Yes,Yes,Yes,No,No,No,One year,No,Mailed check,58.77,3704.74,1,4.5,0,0,0.096,Healthy
Female,0,Yes,Yes,2,Yes,No,Fiber optic,No,No,Yes,Yes,Yes,Yes,Two year,Yes,Mailed check,87.78,186.43,2,18.2,2,0,0.533,High Risk
Female,0,No,No,45,Yes,Yes,No,No,No,No,No,No,No,Month-to-month,No,Electronic check,18.0,835.67,2,17.2,0,0,0.38,Watch
Male,0,Yes,No,55,No,No,Fiber optic,Yes,No,Yes,No,Yes,Yes,Month-to-month,No,Electronic check,88.83,4879.19,1,25.8,2,0,0.788,Critical Risk
Male,0,No,No,32,Yes,No,Fiber optic,No,Yes,Yes,Yes,No,No,One year,No,Electronic check,81.62,2628.55,1,5.3,1,0,0.49,High Risk
Male,0,Yes,No,20,Yes,Yes,Fiber optic,Yes,Yes,Yes,Yes,Yes,No,One year,Yes,Credit card (automatic),91.3,1840.95,0,11.6,0,0,0.297,Watch
Male,0,No,Yes,31,Yes,No,DSL,No,Yes,No,No,Yes,Yes,Month-to-month,Yes,Electronic check,59.23,1810.77,0,9.3,1,1,0.696,High Risk
Male,0,No,No,60,Yes,Yes,No,No,No,No,No,No,No,Month-to-month,No,Electronic check,18.0,1079.14,1,20.3,0,0,0.254,Watch
Female,0,No,Yes,66,No,No,Fiber optic,Yes,Yes,Yes,No,Yes,No,Month-to-month,No,Mailed check,92.35,6095.35,0,19.0,1,0,0.476,High Risk
Female,0,Yes,No,49,No,No,Fiber optic,Yes,No,Yes,Yes,No,No,Month-to-month,Yes,Mailed check,79.14,3930.22,1,15.1,1,0,0.628,High Risk
Female,0,Yes,No,35,Yes,Yes,DSL,Yes,Yes,No,Yes,No,No,One year,Yes,Bank transfer (automatic),55.4,1957.16,0,15.8,0,0,0.119,Healthy
Female,0,No,Yes,47,No,No,No,No,No,No,No,No,No,Month-to-month,Yes,Mailed check,18.0,859.1,1,21.2,0,0,0.214,Watch
Female,0,Yes,No,49,Yes,No,DSL,Yes,Yes,Yes,Yes,No,No,Month-to-month,No,Mailed check,60.5,2935.1,3,12.3,2,0,0.622,High Risk
Male,0,No,No,56,Yes,Yes,No,No,No,No,No,No,No,Two year,Yes,Bank transfer (automatic),18.0,999.66,2,17.7,0,0,0.04,Healthy
Female,0,Yes,No,10,Yes,No,DSL,Yes,No,No,No,No,No,Month-to-month,Yes,Electronic check,43.64,396.03,2,17.3,0,0,0.787,Critical Risk
Female,0,Yes,No,5,Yes,Yes,No,No,No,No,No,No,No,Two year,Yes,Mailed check,18.0,50.46,0,9.2,1,0,0.155,Healthy
Male,0,Yes,No,25,Yes,Yes,Fiber optic,Yes,No,Yes,No,Yes,No,Month-to-month,Yes,Mailed check,77.22,1929.16,0,8.9,0,1,0.762,Critical Risk
Male,0,No,No,18,Yes,Yes,No,No,No,No,No,No,No,One year,No,Mailed check,18.0,304.92,1,9.7,1,0,0.277,Watch
Female,0,No,No,44,No,No,Fiber optic,Yes,Yes,Yes,Yes,No,Yes,Month-to-month,No,Credit card (automatic),102.52,4505.26,0,21.8,1,0,0.482,High Risk
Male,0,Yes,No,38,Yes,No,DSL,Yes,No,Yes,Yes,No,No,Two year,Yes,Credit card (automatic),54.05,2067.28,0,18.1,0,0,0.032,Healthy
Female,0,Yes,Yes,67,Yes,No,DSL,No,No,No,No,No,No,Month-to-month,Yes,Bank transfer (automatic),39.52,2625.73,0,21.9,0,0,0.176,Healthy
Female,0,Yes,Yes,56,Yes,No,Fiber optic,Yes,No,Yes,Yes,Yes,Yes,Month-to-month,No,Bank transfer (automatic),86.17,4831.93,2,9.9,2,0,0.734,Critical Risk
Male,0,No,Yes,10,Yes,Yes,Fiber optic,Yes,Yes,Yes,No,Yes,No,One year,No,Credit card (automatic),86.57,874.93,1,23.8,0,0,0.418,High Risk
Male,0,No,No,61,Yes,Yes,Fiber optic,No,Yes,No,Yes,No,No,Month-to-month,Yes,Mailed check,75.87,4636.77,1,8.9,0,0,0.398,Watch
Male,0,Yes,No,56,Yes,Yes,DSL,No,No,Yes,Yes,Yes,No,Two year,No,Mailed check,54.24,3051.35,2,4.3,1,0,0.068,Healthy
Male,0,No,Yes,27,Yes,No,No,No,No,No,No,No,No,Month-to-month,No,Mailed check,18.0,494.92,0,0.0,0,1,0.472,High Risk
Male,0,No,No,4,Yes,No,Fiber optic,Yes,Yes,Yes,No,No,No,Month-to-month,Yes,Credit card (automatic),76.4,308.29,0,12.0,2,0,0.865,Critical Risk
Female,0,No,No,57,Yes,No,Fiber optic,Yes,Yes,No,Yes,Yes,No,Month-to-month,No,Bank transfer (automatic),85.74,4871.72,4,13.0,1,0,0.75,Critical Risk
Male,0,No,Yes,14,Yes,No,Fiber optic,Yes,No,No,Yes,Yes,No,Month-to-month,Yes,Mailed check,81.89,1132.21,1,9.5,1,0,0.874,Critical Risk
Male,0,No,No,16,Yes,No,Fiber optic,Yes,No,Yes,No,Yes,Yes,Two year,Yes,Mailed check,86.75,1336.32,0,1.3,0,0,0.353,Watch
Male,0,No,No,34,Yes,Yes,Fiber optic,No,No,No,No,No,Yes,Two year,No,Bank transfer (automatic),66.88,2304.07,0,19.2,1,0,0.172,Healthy
Female,0,Yes,Yes,6,Yes,No,DSL,No,No,Yes,Yes,Yes,No,Two year,No,Electronic check,50.71,351.47,1,14.6,0,0,0.168,Healthy
Male,0,Yes,No,29,Yes,Yes,No,No,No,No,No,No,No,Two year,Yes,Mailed check,18.0,513.81,1,17.3,1,0,0.094,Healthy
Male,0,Yes,Yes,18,Yes,Yes,Fiber optic,No,Yes,Yes,No,Yes,Yes,Month-to-month,No,Electronic check,82.83,1491.0,1,22.2,0,0,0.795,Critical Risk
Female,0,Yes,No,3,Yes,Yes,Fiber optic,Yes,Yes,Yes,Yes,No,Yes,One year,No,Electronic check,89.51,285.73,3,3.2,1,0,0.797,Critical Risk
Male,0,Yes,No,65,No,No,Fiber optic,No,Yes,Yes,Yes,Yes,Yes,Month-to-month,No,Electronic check,90.54,5889.91,3,19.7,1,0,0.592,High Risk
Male,0,No,No,19,Yes,Yes,Fiber optic,No,Yes,No,Yes,No,No,One year,No,Electronic check,74.23,1408.11,2,16.1,0,1,0.489,High Risk
Male,1,No,No,39,Yes,Yes,Fiber optic,Yes,No,Yes,Yes,Yes,No,Two year,No,Mailed check,86.92,3397.12,0,20.2,1,0,0.107,Healthy
Male,1,Yes,Yes,59,Yes,Yes,Fiber optic,No,No,No,No,No,Yes,Month-to-month,No,Electronic check,63.79,3801.89,0,21.5,1,0,0.496,High Risk
Male,0,Yes,No,35,Yes,No,No,No,No,No,No,No,No,Month-to-month,Yes,Electronic check,20.41,713.15,1,13.1,1,0,0.587,High Risk
Female,0,No,No,21,Yes,Yes,DSL,No,Yes,No,Yes,Yes,No,Month-to-month,Yes,Mailed check,55.86,1180.56,0,30.0,2,1,0.523,High Risk
Male,0,No,No,54,Yes,Yes,No,No,No,No,No,No,No,Two year,No,Electronic check,18.0,962.91,2,21.9,1,0,0.075,Healthy
Male,0,Yes,No,50,Yes,Yes,No,No,No,No,No,No,No,Two year,No,Mailed check,18.0,900.22,3,12.0,0,0,0.066,Healthy
Male,0,No,No,0,Yes,Yes,No,No,No,No,No,No,No,Two year,Yes,Mailed check,18.0,18.47,1,9.6,1,0,0.216,Watch
Female,0,Yes,Yes,59,Yes,Yes,DSL,No,No,No,No,No,No,One year,No,Credit card (automatic),36.86,2173.79,1,6.6,0,0,0.077,Healthy
Female,0,Yes,No,8,Yes,No,Fiber optic,No,Yes,No,Yes,Yes,No,Two year,Yes,Electronic check,83.9,653.85,1,10.7,0,1,0.38,Watch
Male,0,No,No,53,Yes,No,No,No,No,No,No,No,No,Two year,No,Electronic check,18.0,920.9,2,16.0,2,0,0.125,Healthy
Male,0,No,No,7,Yes,No,Fiber optic,No,No,No,No,Yes,No,Month-to-month,Yes,Bank transfer (automatic),68.91,464.1,0,11.8,1,0,0.87,Critical Risk
Male,0,Yes,No,4,Yes,Yes,DSL,Yes,No,Yes,No,No,No,Two year,No,Credit card (automatic),50.6,232.02,2,20.6,2,0,0.291,Watch
Male,0,No,No,8,Yes,Yes,No,No,No,No,No,No,No,One year,No,Credit card (automatic),18.0,140.25,1,21.7,0,0,0.172,Healthy
Male,0,No,No,54,Yes,No,No,No,No,No,No,No,No,Month-to-month,No,Mailed check,18.0,936.59,1,17.7,0,0,0.251,Watch
Male,0,Yes,No,33,No,No,Fiber optic,Yes,Yes,No,No,Yes,No,One year,Yes,Electronic check,86.21,2808.44,1,12.8,0,0,0.54,High Risk
Female,1,No,No,43,Yes,Yes,Fiber optic,No,No,No,Yes,No,Yes,Month-to-month,Yes,Bank transfer (automatic),77.48,3340.69,1,22.0,1,0,0.538,High Risk
Male,0,Yes,No,20,Yes,Yes,Fiber optic,Yes,No,Yes,Yes,No,Yes,Month-to-month,Yes,Credit card (automatic),93.42,1833.12,2,14.7,0,1,0.761,Critical Risk
Male,0,Yes,No,8,Yes,Yes,Fiber optic,Yes,Yes,No,No,No,No,Month-to-month,Yes,Mailed check,73.45,559.49,1,26.2,3,1,0.912,Critical Risk
Male,0,Yes,Yes,57,Yes,No,Fiber optic,No,No,No,No,No,No,One year,Yes,Mailed check,63.99,3654.66,2,3.6,2,0,0.475,High Risk
Female,1,Yes,No,60,Yes,Yes,Fiber optic,Yes,No,No,No,Yes,Yes,One year,No,Electronic check,79.59,4803.08,0,15.3,2,1,0.37,Watch
Female,1,Yes,Yes,61,No,No,DSL,Yes,Yes,No,Yes,Yes,Yes,Month-to-month,Yes,Mailed check,72.71,4450.35,2,17.4,0,0,0.275,Watch
Male,0,No,No,4,Yes,Yes,DSL,Yes,No,Yes,No,No,No,One year,Yes,Electronic check,52.84,183.41,1,25.2,0,0,0.448,High Risk
Male,0,Yes,No,67,Yes,Yes,No,No,No,No,No,No,No,Month-to-month,No,Mailed check,22.54,1523.18,1,12.6,0,0,0.175,Healthy
Female,0,No,No,39,Yes,Yes,DSL,No,No,Yes,No,No,No,Two year,No,Credit card (automatic),44.79,1771.77,1,18.9,1,0,0.059,Healthy
Female,0,Yes,No,14,Yes,No,DSL,No,Yes,No,Yes,No,Yes,One year,Yes,Mailed check,58.12,793.77,2,1.1,0,1,0.362,Watch
Male,1,No,No,14,Yes,Yes,No,No,No,No,No,No,No,Two year,No,Electronic check,19.55,281.64,0,13.3,0,0,0.111,Healthy
Female,0,No,Yes,36,Yes,No,No,No,No,No,No,No,No,One year,Yes,Bank transfer (automatic),18.41,685.62,1,18.8,0,0,0.128,Healthy
Female,0,Yes,No,44,Yes,No,No,No,No,No,No,No,No,Month-to-month,Yes,Mailed check,19.29,864.41,3,16.9,0,0,0.383,Watch
Male,0,No,No,3,Yes,No,DSL,Yes,No,No,No,No,No,Month-to-month,Yes,Electronic check,42.55,90.12,1,12.5,0,1,0.806,Critical Risk
Female,0,No,Yes,36,Yes,Yes,Fiber optic,No,Yes,No,Yes,No,Yes,One year,Yes,Electronic check,74.44,2664.63,3,8.1,1,0,0.519,High Risk
Male,0,No,Yes,17,Yes,Yes,DSL,Yes,No,Yes,Yes,Yes,No,Month-to-month,No,Credit card (automatic),66.48,1124.02,2,13.8,0,0,0.605,High Risk
Male,0,Yes,No,67,Yes,No,DSL,No,No,No,No,No,No,Month-to-month,No,Mailed check,34.71,2321.97,0,14.7,2,0,0.275,Watch
Male,0,No,No,44,Yes,Yes,DSL,Yes,Yes,Yes,Yes,No,Yes,Two year,Yes,Electronic check,65.34,2869.23,4,14.3,0,0,0.109,Healthy
Male,0,No,No,27,Yes,Yes,Fiber optic,Yes,No,No,Yes,No,No,Two year,No,Mailed check,74.28,1978.18,2,26.5,0,0,0.191,Healthy
Female,1,Yes,No,30,Yes,Yes,Fiber optic,Yes,No,Yes,No,No,Yes,Month-to-month,No,Electronic check,81.74,2437.36,0,9.2,0,0,0.759,Critical Risk
Male,0,No,No,61,Yes,Yes,DSL,Yes,Yes,No,Yes,No,Yes,Month-to-month,Yes,Electronic check,68.7,4176.33,0,21.0,1,0,0.356,Watch
Male,1,Yes,Yes,50,Yes,No,No,No,No,No,No,No,No,Two year,Yes,Credit card (automatic),18.0,903.37,2,17.0,0,0,0.034,Healthy
Male,0,Yes,No,28,Yes,Yes,No,No,No,No,No,No,No,Month-to-month,Yes,Credit card (automatic),18.0,493.59,3,11.9,2,1,0.679,High Risk
Female,0,No,No,61,Yes,Yes,DSL,No,No,Yes,Yes,Yes,Yes,Month-to-month,Yes,Bank transfer (automatic),57.85,3524.73,1,18.8,2,0,0.344,Watch
Female,0,No,No,45,Yes,No,No,No,No,No,No,No,No,Month-to-month,Yes,Electronic check,18.0,769.22,1,23.7,0,0,0.319,Watch
Female,0,Yes,No,4,Yes,Yes,Fiber optic,Yes,Yes,No,Yes,No,Yes,Month-to-month,Yes,Electronic check,85.03,353.76,1,5.4,0,1,0.88,Critical Risk
Male,0,Yes,Yes,46,Yes,Yes,Fiber optic,No,Yes,Yes,Yes,Yes,No,One year,Yes,Electronic check,87.55,4027.16,2,27.9,0,0,0.24,Watch
Female,0,Yes,Yes,68,Yes,No,Fiber optic,No,No,No,Yes,Yes,No,Two year,Yes,Electronic check,67.94,4629.5,1,25.7,0,0,0.051,Healthy
Female,0,No,No,63,Yes,No,Fiber optic,No,No,Yes,Yes,No,Yes,One year,Yes,Credit card (automatic),79.0,4961.29,1,20.6,0,0,0.091,Healthy
Female,0,Yes,No,3,Yes,Yes,DSL,Yes,No,No,Yes,Yes,Yes,Month-to-month,Yes,Electronic check,69.9,208.1,0,12.4,0,0,0.785,Critical Risk
Male,0,Yes,No,64,Yes,No,Fiber optic,Yes,Yes,No,No,No,No,One year,Yes,Bank transfer (automatic),69.5,4450.19,0,10.4,1,0,0.196,Healthy
Female,1,Yes,No,71,Yes,Yes,DSL,Yes,No,Yes,Yes,No,Yes,One year,Yes,Electronic check,59.96,4250.03,3,29.1,0,0,0.066,Healthy
Male,1,No,No,11,Yes,No,DSL,No,No,Yes,No,No,No,Month-to-month,Yes,Bank transfer (automatic),44.29,486.49,1,19.9,0,0,0.551,High Risk
Male,1,Yes,No,46,Yes,No,Fiber optic,No,Yes,Yes,Yes,No,Yes,Month-to-month,Yes,Credit card (automatic),94.31,4354.38,0,22.0,0,0,0.299,Watch
Male,0,No,Yes,55,Yes,Yes,DSL,No,Yes,Yes,No,Yes,No,Month-to-month,Yes,Electronic check,57.19,3143.95,1,27.5,2,0,0.538,High Risk
Male,1,Yes,Yes,3,No,No,Fiber optic,No,No,No,Yes,No,Yes,One year,Yes,Electronic check,74.64,239.95,1,24.1,3,0,0.743,Critical Risk
Male,0,Yes,No,60,Yes,Yes,Fiber optic,Yes,Yes,Yes,No,Yes,Yes,One year,Yes,Mailed check,87.75,5278.4,0,13.0,0,0,0.168,Healthy
Male,1,Yes,No,28,Yes,No,DSL,Yes,Yes,Yes,No,No,Yes,Two year,No,Electronic check,58.31,1600.55,0,9.6,0,0,0.109,Healthy
Male,0,Yes,No,21,Yes,No,No,No,No,No,No,No,No,Two year,No,Electronic check,18.0,398.98,2,9.7,0,0,0.157,Healthy
Female,0,Yes,Yes,18,Yes,Yes,DSL,No,No,Yes,Yes,No,Yes,Two year,No,Credit card (automatic),61.2,1096.91,1,13.3,0,0,0.085,Healthy
Male,1,Yes,No,36,Yes,Yes,Fiber optic,Yes,No,No,No,Yes,Yes,Two year,No,Mailed check,80.74,2920.55,1,7.3,0,0,0.191,Healthy
Female,0,Yes,Yes,58,Yes,Yes,DSL,Yes,Yes,No,Yes,Yes,Yes,One year,No,Mailed check,69.94,4059.84,1,15.5,0,0,0.092,Healthy
Female,0,Yes,Yes,59,No,No,DSL,Yes,No,Yes,No,Yes,Yes,Two year,Yes,Bank transfer (automatic),64.22,3772.44,1,5.7,1,0,0.092,Healthy
Female,0,Yes,No,16,No,No,No,No,No,No,No,No,No,Month-to-month,No,Electronic check,22.08,290.69,3,22.7,1,0,0.773,Critical Risk
Female,0,Yes,No,60,No,No,No,No,No,No,No,No,No,Month-to-month,Yes,Bank transfer (automatic),18.0,1131.49,1,24.6,0,0,0.184,Healthy
Male,0,Yes,Yes,60,Yes,No,Fiber optic,No,No,No,Yes,Yes,No,Two year,Yes,Electronic check,76.73,4587.71,1,18.0,1,0,0.144,Healthy
Female,1,Yes,No,4,Yes,Yes,DSL,Yes,No,No,No,Yes,Yes,Month-to-month,Yes,Electronic check,58.19,225.04,0,17.9,0,0,0.748,Critical Risk
Female,1,No,No,22,Yes,Yes,Fiber optic,No,No,No,Yes,No,Yes,Month-to-month,Yes,Credit card (automatic),74.37,1609.4,2,20.0,0,1,0.603,High Risk
Male,1,No,No,1,Yes,Yes,DSL,No,Yes,Yes,No,Yes,Yes,Two year,No,Credit card (automatic),60.43,38.7,0,8.7,0,0,0.115,Healthy
Male,0,No,No,72,Yes,Yes,No,No,No,No,No,No,No,One year,Yes,Electronic check,19.04,1366.05,1,9.5,0,0,0.06,Healthy
Female,0,Yes,Yes,34,Yes,No,DSL,No,Yes,Yes,No,Yes,No,Month-to-month,Yes,Mailed check,59.27,1996.16,2,17.2,1,1,0.624,High Risk
Male,0,No,No,19,No,No,DSL,No,No,No,Yes,No,No,Month-to-month,No,Bank transfer (automatic),48.66,912.13,1,2.1,0,0,0.584,High Risk
Male,0,No,No,65,Yes,Yes,DSL,Yes,No,No,No,Yes,Yes,One year,No,Electronic check,52.18,3386.77,3,16.0,0,0,0.176,Healthy
Female,0,Yes,Yes,50,Yes,No,DSL,No,Yes,No,Yes,No,Yes,One year,Yes,Electronic check,58.56,2944.38,0,21.3,0,0,0.116,Healthy
Female,0,Yes,No,68,Yes,No,No,No,No,No,No,No,No,One year,Yes,Bank transfer (automatic),18.0,1229.76,1,9.5,0,0,0.054,Healthy
Male,1,No,Yes,58,Yes,No,Fiber optic,Yes,Yes,Yes,Yes,Yes,Yes,One year,No,Bank transfer (automatic),103.3,5963.43,0,19.9,0,0,0.143,Healthy
Female,0,No,No,69,Yes,Yes,DSL,No,Yes,No,No,No,No,Month-to-month,Yes,Bank transfer (automatic),39.65,2758.01,1,17.1,0,0,0.166,Healthy
Male,0,No,No,15,Yes,No,DSL,No,No,Yes,Yes,No,Yes,One year,Yes,Electronic check,56.46,831.18,2,13.4,0,1,0.387,Watch
Female,0,No,No,14,Yes,Yes,DSL,Yes,No,Yes,Yes,Yes,No,One year,Yes,Mailed check,65.19,877.92,1,9.3,1,0,0.42,High Risk
Female,0,No,Yes,5,Yes,Yes,Fiber optic,No,No,Yes,No,Yes,No,Month-to-month,Yes,Electronic check,80.72,405.96,3,14.0,0,1,0.936,Critical Risk
Male,0,No,Yes,25,Yes,Yes,Fiber optic,Yes,Yes,Yes,No,No,Yes,Two year,Yes,Bank transfer (automatic),87.5,2175.7,2,13.2,0,0,0.332,Watch
Male,0,Yes,No,40,Yes,No,DSL,Yes,No,No,No,Yes,No,Month-to-month,No,Mailed check,55.25,2156.5,2,15.2,0,0,0.553,High Risk
Female,0,Yes,Yes,41,Yes,Yes,Fiber optic,No,Yes,No,No,Yes,No,Month-to-month,Yes,Bank transfer (automatic),68.6,2802.65,0,12.0,3,0,0.761,Critical Risk
Male,0,No,No,49,Yes,No,Fiber optic,No,Yes,Yes,Yes,Yes,No,Month-to-month,Yes,Electronic check,87.13,4288.37,0,10.8,1,1,0.684,High Risk
Male,1,Yes,No,53,No,No,No,No,No,No,No,No,No,Month-to-month,Yes,Mailed check,25.61,1357.97,1,13.4,0,0,0.273,Watch
Male,0,Yes,Yes,59,Yes,No,Fiber optic,No,No,Yes,No,Yes,No,One year,Yes,Mailed check,78.18,4584.98,2,16.3,0,0,0.268,Watch
Female,0,Yes,No,37,Yes,Yes,DSL,No,No,Yes,No,No,Yes,Two year,No,Electronic check,48.51,1803.93,1,22.7,1,0,0.11,Healthy
Male,0,Yes,Yes,19,Yes,Yes,DSL,No,Yes,Yes,No,No,Yes,Month-to-month,No,Electronic check,55.4,1063.55,0,19.0,0,1,0.56,High Risk
Female,0,Yes,No,32,Yes,Yes,No,No,No,No,No,No,No,One year,Yes,Bank transfer (automatic),18.81,604.47,1,7.7,2,0,0.299,Watch
Female,0,No,No,63,Yes,No,DSL,Yes,Yes,No,Yes,Yes,Yes,Two year,No,Electronic check,65.09,4132.92,2,16.8,0,0,0.051,Healthy
Male,0,Yes,No,59,Yes,Yes,DSL,Yes,Yes,Yes,No,No,Yes,One year,Yes,Mailed check,64.1,3807.68,0,19.7,0,0,0.077,Healthy
Female,1,No,No,66,Yes,Yes,Fiber optic,Yes,No,Yes,Yes,No,No,Two year,Yes,Electronic check,80.39,5319.83,1,21.7,1,0,0.081,Healthy
Female,0,Yes,No,39,Yes,No,Fiber optic,No,Yes,No,No,Yes,Yes,One year,Yes,Electronic check,76.61,2964.38,2,13.5,0,0,0.443,High Risk
Male,0,No,Yes,56,Yes,Yes,Fiber optic,Yes,No,No,Yes,Yes,Yes,Two year,Yes,Electronic check,89.38,5013.14,2,30.0,0,0,0.151,Healthy
Female,0,No,Yes,30,Yes,No,Fiber optic,Yes,Yes,Yes,Yes,Yes,No,One year,No,Electronic check,97.58,2926.98,3,16.8,0,0,0.597,High Risk
Male,0,No,Yes,0,Yes,No,DSL,Yes,Yes,No,No,Yes,Yes,Month-to-month,No,Bank transfer (automatic),62.09,0.0,1,12.0,0,0,0.778,Critical Risk
Male,0,Yes,No,54,Yes,Yes,Fiber optic,Yes,No,Yes,No,Yes,Yes,Month-to-month,No,Bank transfer (automatic),87.16,4700.58,1,5.6,0,1,0.668,High Risk
Male,1,Yes,No,6,Yes,Yes,No,No,No,No,No,No,No,Month-to-month,Yes,Electronic check,19.03,59.1,4,19.7,1,1,0.817,Critical Risk
Female,0,No,No,46,Yes,Yes,DSL,Yes,No,No,Yes,No,Yes,Two year,No,Electronic check,52.6,2422.86,2,11.5,0,0,0.072,Healthy
Female,0,No,No,72,No,No,DSL,No,Yes,Yes,No,Yes,No,Month-to-month,Yes,Electronic check,56.48,4062.08,3,6.0,0,0,0.369,Watch
Male,0,Yes,No,1,Yes,Yes,No,No,No,No,No,No,No,Month-to-month,Yes,Credit card (automatic),21.4,0.0,1,13.3,0,0,0.588,High Risk
Female,0,No,Yes,53,Yes,Yes,DSL,Yes,Yes,Yes,No,Yes,No,Month-to-month,Yes,Electronic check,69.88,3686.0,1,25.7,0,0,0.494,High Risk
Female,1,No,Yes,63,No,No,Fiber optic,No,No,Yes,No,Yes,No,Month-to-month,No,Credit card (automatic),78.07,4869.3,3,13.1,1,0,0.56,High Risk
Female,0,Yes,No,45,Yes,Yes,DSL,Yes,No,Yes,Yes,Yes,Yes,Month-to-month,No,Mailed check,66.75,3025.78,4,10.9,0,0,0.501,High Risk
Female,0,No,No,50,Yes,No,Fiber optic,Yes,Yes,No,Yes,No,No,Two year,No,Credit card (automatic),71.5,3616.37,2,9.2,0,0,0.092,Healthy
Male,0,Yes,No,65,Yes,Yes,Fiber optic,Yes,Yes,Yes,Yes,Yes,Yes,Two year,No,Electronic check,93.27,6064.06,2,27.1,0,0,0.075,Healthy
Female,0,Yes,Yes,56,Yes,Yes,Fiber optic,No,No,No,Yes,Yes,Yes,One year,No,Credit card (automatic),77.1,4318.0,0,11.6,0,0,0.118,Healthy
Male,0,No,No,2,Yes,No,Fiber optic,Yes,Yes,Yes,Yes,No,No,Month-to-month,No,Credit card (automatic),84.17,141.21,0,14.4,0,0,0.71,Critical Risk
Male,0,No,Yes,56,Yes,No,DSL,Yes,No,No,Yes,No,No,Two year,Yes,Electronic check,48.15,2712.25,0,18.3,0,0,0.043,Healthy
Male,0,No,No,55,Yes,No,Fiber optic,No,Yes,Yes,Yes,Yes,No,Month-to-month,No,Credit card (automatic),82.97,4540.72,4,4.5,0,0,0.589,High Risk
Female,0,No,Yes,16,Yes,Yes,Fiber optic,Yes,No,Yes,Yes,No,Yes,Month-to-month,Yes,Mailed check,80.82,1277.6,0,9.0,0,0,0.712,Critical Risk
Female,1,No,Yes,47,Yes,No,Fiber optic,Yes,No,Yes,No,No,Yes,Month-to-month,Yes,Electronic check,75.71,3516.22,0,13.0,2,1,0.708,Critical Risk
Male,0,Yes,No,61,Yes,Yes,Fiber optic,Yes,No,No,No,No,Yes,Month-to-month,No,Mailed check,72.68,4433.55,1,10.6,2,0,0.678,High Risk
Male,0,Yes,No,61,Yes,Yes,No,No,No,No,No,No,No,Month-to-month,Yes,Electronic check,18.0,1077.93,1,12.3,0,0,0.285,Watch
Male,0,Yes,No,63,Yes,Yes,DSL,Yes,No,No,Yes,No,Yes,Month-to-month,No,Bank transfer (automatic),53.62,3334.34,2,28.2,0,0,0.216,Watch
Female,0,No,Yes,56,Yes,Yes,DSL,No,Yes,Yes,No,No,No,Month-to-month,No,Bank transfer (automatic),52.43,2907.35,2,23.7,0,0,0.319,Watch
Male,0,No,No,8,No,No,Fiber optic,No,Yes,No,Yes,No,No,Two year,No,Electronic check,73.36,622.27,0,4.7,1,1,0.345,Watch
Female,0,No,No,35,Yes,No,Fiber optic,No,No,No,Yes,No,Yes,Two year,Yes,Electronic check,70.31,2477.81,2,12.5,0,0,0.215,Watch
Male,0,Yes,No,17,Yes,Yes,DSL,Yes,No,No,No,No,Yes,Two year,No,Electronic check,45.4,787.63,0,21.7,0,0,0.141,Healthy
Male,0,Yes,Yes,5,Yes,Yes,No,No,No,No,No,No,No,One year,No,Bank transfer (automatic),19.36,54.34,0,12.7,0,0,0.243,Watch
Female,0,No,No,19,Yes,Yes,Fiber optic,No,Yes,No,No,Yes,No,One year,No,Electronic check,68.58,1306.84,0,8.2,1,1,0.566,High Risk
Male,0,No,No,66,Yes,Yes,Fiber optic,No,Yes,Yes,No,No,Yes,One year,Yes,Mailed check,84.2,5568.03,0,21.1,0,0,0.107,Healthy
Male,0,Yes,No,43,No,No,Fiber optic,No,Yes,No,No,No,No,Two year,No,Mailed check,69.39,3000.53,1,15.5,1,0,0.135,Healthy
Male,0,No,No,55,Yes,No,Fiber optic,No,No,No,Yes,Yes,No,Month-to-month,Yes,Bank transfer (automatic),82.56,4537.56,2,7.7,0,0,0.658,High Risk
Female,0,No,No,36,Yes,No,Fiber optic,Yes,Yes,No,Yes,No,Yes,One year,Yes,Bank transfer (automatic),91.04,3279.04,0,10.3,1,0,0.381,Watch
Male,0,No,Yes,26,Yes,Yes,DSL,No,No,No,No,No,No,Month-to-month,No,Credit card (automatic),36.66,957.61,3,12.4,4,1,0.857,Critical Risk
Male,1,Yes,Yes,35,Yes,Yes,Fiber optic,No,Yes,No,Yes,Yes,No,Month-to-month,Yes,Bank transfer (automatic),84.32,2972.7,2,10.0,1,1,0.737,Critical Risk
Male,0,No,Yes,71,Yes,Yes,Fiber optic,No,No,Yes,Yes,Yes,Yes,One year,Yes,Mailed check,87.38,6191.54,0,8.1,0,0,0.092,Healthy
Female,0,Yes,No,20,Yes,Yes,Fiber optic,Yes,No,Yes,No,No,Yes,Two year,No,Credit card (automatic),81.48,1632.52,4,18.3,0,0,0.346,Watch
Female,0,Yes,Yes,22,Yes,Yes,Fiber optic,No,Yes,No,No,No,Yes,Two year,No,Mailed check,72.72,1639.62,3,10.1,0,0,0.3,Watch
Female,0,No,Yes,61,Yes,No,DSL,No,Yes,No,No,Yes,No,Month-to-month,No,Electronic check,51.58,3149.53,1,3.6,2,0,0.597,High Risk
Male,0,Yes,No,27,No,No,Fiber optic,No,Yes,No,Yes,No,No,Month-to-month,Yes,Mailed check,79.59,2147.25,0,19.3,0,0,0.6,High Risk
Female,0,Yes,Yes,65,Yes,Yes,DSL,Yes,No,Yes,No,Yes,Yes,Two year,No,Electronic check,58.4,3833.49,1,15.1,0,0,0.05,Healthy
Male,0,Yes,No,71,Yes,Yes,No,No,No,No,No,No,No,One year,Yes,Mailed check,18.19,1291.51,0,10.7,0,0,0.032,Healthy
Female,1,Yes,No,4,Yes,No,Fiber optic,Yes,Yes,No,Yes,Yes,No,Month-to-month,Yes,Electronic check,91.25,387.23,1,19.1,1,1,0.899,Critical Risk
Female,0,No,No,48,Yes,No,Fiber optic,No,Yes,No,No,No,Yes,Month-to-month,Yes,Electronic check,75.0,3628.13,1,14.3,0,0,0.612,High Risk
Female,0,Yes,No,6,No,No,Fiber optic,No,Yes,No,No,Yes,Yes,One year,Yes,Electronic check,75.73,445.65,0,16.0,2,0,0.712,Critical Risk
Female,1,No,No,64,Yes,No,DSL,Yes,Yes,Yes,Yes,Yes,Yes,One year,No,Bank transfer (automatic),70.49,4519.36,0,14.1,1,0,0.062,Healthy
Female,1,No,No,8,Yes,Yes,Fiber optic,No,Yes,No,Yes,Yes,Yes,Two year,Yes,Mailed check,86.33,688.68,3,15.3,1,0,0.382,Watch
Male,0,Yes,No,64,Yes,No,DSL,No,Yes,Yes,No,No,Yes,Month-to-month,No,Mailed check,52.04,3307.77,3,14.9,1,0,0.364,Watch
Female,0,No,No,56,Yes,Yes,Fiber optic,Yes,Yes,No,No,No,No,Month-to-month,Yes,Bank transfer (automatic),72.2,4021.24,2,18.2,0,0,0.587,High Risk
Female,0,Yes,Yes,39,Yes,Yes,DSL,No,Yes,Yes,No,No,Yes,Month-to-month,Yes,Electronic check,55.4,2173.41,1,9.1,2,0,0.672,High Risk
Female,0,Yes,No,15,Yes,Yes,Fiber optic,Yes,No,Yes,No,No,No,Month-to-month,No,Bank transfer (automatic),77.28,1171.59,2,13.4,0,0,0.865,Critical Risk
Female,0,Yes,No,19,Yes,Yes,DSL,No,Yes,Yes,Yes,Yes,No,Month-to-month,Yes,Mailed check,63.16,1210.92,1,16.9,0,0,0.493,High Risk
Male,0,Yes,No,31,No,No,DSL,No,No,Yes,No,Yes,Yes,Month-to-month,Yes,Electronic check,55.88,1729.69,0,6.2,1,1,0.676,High Risk
Female,1,Yes,No,61,Yes,No,Fiber optic,No,Yes,No,Yes,No,No,Month-to-month,Yes,Mailed check,74.44,4519.92,1,15.7,1,0,0.408,High Risk
Male,0,Yes,No,65,Yes,Yes,Fiber optic,Yes,Yes,No,Yes,Yes,No,Month-to-month,Yes,Electronic check,82.37,5394.74,0,12.9,0,0,0.413,High Risk
Female,0,No,No,36,Yes,No,DSL,Yes,Yes,Yes,Yes,No,No,Month-to-month,No,Bank transfer (automatic),66.79,2387.4,2,18.3,0,0,0.465,High Risk
Female,0,No,No,16,No,No,Fiber optic,No,No,No,No,No,Yes,Two year,Yes,Electronic check,72.41,1166.41,1,14.8,0,0,0.386,Watch
Male,0,No,Yes,41,Yes,Yes,No,No,No,No,No,No,No,One year,Yes,Electronic check,18.0,723.02,1,18.5,1,0,0.178,Healthy
Female,1,No,No,60,No,No,Fiber optic,Yes,Yes,Yes,Yes,No,No,Month-to-month,Yes,Electronic check,89.62,5366.91,0,20.6,0,1,0.392,Watch
Female,0,No,Yes,39,Yes,Yes,Fiber optic,Yes,No,Yes,No,No,Yes,Month-to-month,No,Mailed check,78.69,3057.62,2,5.9,0,0,0.722,Critical Risk
Female,0,Yes,No,65,Yes,No,DSL,Yes,No,No,No,Yes,Yes,Month-to-month,No,Bank transfer (automatic),62.37,4053.9,0,17.4,3,0,0.537,High Risk
Male,0,No,No,0,Yes,No,DSL,No,No,No,No,Yes,No,One year,Yes,Mailed check,43.2,9.07,0,23.3,0,0,0.33,Watch
Male,0,Yes,No,36,Yes,Yes,DSL,No,No,Yes,Yes,Yes,No,Month-to-month,Yes,Mailed check,50.68,1839.32,1,14.7,1,0,0.422,High Risk
Female,0,No,No,3,Yes,No,No,No,No,No,No,No,No,Month-to-month,Yes,Mailed check,18.82,25.94,1,16.6,0,0,0.62,High Risk
Female,0,No,No,44,No,No,DSL,No,No,Yes,Yes,No,No,Month-to-month,No,Credit card (automatic),49.71,2157.18,1,13.3,0,0,0.207,Watch
Female,0,Yes,No,44,Yes,No,DSL,Yes,Yes,No,No,Yes,Yes,Two year,Yes,Credit card (automatic),61.25,2684.77,1,18.6,3,0,0.127,Healthy
Female,0,No,Yes,22,Yes,No,DSL,No,No,No,Yes,No,No,Month-to-month,Yes,Credit card (automatic),44.87,984.88,0,15.5,0,0,0.357,Watch
Male,0,No,No,57,Yes,No,Fiber optic,Yes,Yes,No,Yes,No,No,Month-to-month,No,Bank transfer (automatic),75.87,4307.74,0,23.4,2,0,0.513,High Risk
Female,0,No,Yes,69,Yes,Yes,Fiber optic,Yes,No,No,Yes,Yes,Yes,One year,No,Mailed check,88.47,6109.51,2,16.9,1,0,0.213,Watch
Male,0,Yes,Yes,33,Yes,Yes,No,No,No,No,No,No,No,Two year,Yes,Bank transfer (automatic),18.15,595.41,1,4.5,0,0,0.077,Healthy
Female,0,No,No,31,Yes,No,Fiber optic,No,Yes,No,Yes,Yes,No,One year,Yes,Mailed check,84.29,2595.31,1,16.9,1,0,0.416,High Risk
Female,0,No,No,13,No,No,No,No,No,No,No,No,No,Month-to-month,Yes,Credit card (automatic),21.01,289.62,0,11.9,0,1,0.467,High Risk
Female,0,Yes,No,2,Yes,Yes,No,No,No,No,No,No,No,One year,Yes,Bank transfer (automatic),18.0,44.2,0,13.9,2,0,0.427,High Risk
Female,0,No,Yes,29,Yes,No,Fiber optic,No,No,Yes,Yes,No,Yes,Month-to-month,No,Mailed check,79.54,2311.91,2,5.8,0,0,0.734,Critical Risk
Male,0,Yes,No,32,Yes,Yes,No,No,No,No,No,No,No,Month-to-month,No,Bank transfer (automatic),18.68,589.98,1,5.3,1,0,0.539,High Risk
Male,0,No,Yes,56,Yes,Yes,No,No,No,No,No,No,No,Month-to-month,No,Credit card (automatic),18.0,993.18,1,14.4,2,0,0.326,Watch
Male,1,Yes,Yes,62,Yes,Yes,DSL,No,No,Yes,No,Yes,Yes,Month-to-month,Yes,Electronic check,53.1,3313.69,3,25.4,1,0,0.448,High Risk
Female,0,Yes,Yes,7,Yes,Yes,Fiber optic,No,Yes,Yes,No,Yes,No,Month-to-month,No,Credit card (automatic),87.3,611.31,3,3.4,0,1,0.886,Critical Risk
Male,0,Yes,No,11,Yes,No,Fiber optic,Yes,No,Yes,No,No,No,Month-to-month,Yes,Mailed check,73.74,785.76,2,7.8,0,1,0.861,Critical Risk
Female,0,No,No,40,No,No,No,No,No,No,No,No,No,One year,Yes,Mailed check,18.0,734.63,2,14.1,0,0,0.123,Healthy
Male,0,No,Yes,27,No,No,Fiber optic,Yes,No,No,Yes,Yes,No,Month-to-month,Yes,Electronic check,78.86,2170.29,0,23.1,0,0,0.722,Critical Risk
Male,0,Yes,Yes,51,Yes,Yes,Fiber optic,Yes,No,No,No,Yes,Yes,Month-to-month,Yes,Mailed check,84.42,4289.24,1,15.0,1,0,0.756,Critical Risk
Male,0,Yes,No,23,No,No,DSL,No,No,Yes,Yes,No,Yes,Month-to-month,Yes,Mailed check,51.79,1191.48,3,4.7,0,0,0.573,High Risk
Male,0,No,No,30,Yes,No,No,No,No,No,No,No,No,One year,Yes,Electronic check,18.0,537.14,1,7.5,0,0,0.252,Watch
Male,0,Yes,Yes,32,Yes,No,DSL,Yes,Yes,No,Yes,Yes,Yes,One year,Yes,Electronic check,66.47,2140.38,0,8.7,0,0,0.235,Watch
Male,0,Yes,No,43,No,No,Fiber optic,Yes,No,Yes,No,Yes,No,One year,Yes,Electronic check,83.61,3594.04,2,13.6,2,0,0.638,High Risk
Female,0,No,No,5,No,No,DSL,No,Yes,Yes,No,No,No,Month-to-month,Yes,Electronic check,52.65,251.44,2,19.8,0,0,0.758,Critical Risk
Female,0,Yes,No,64,Yes,No,Fiber optic,No,Yes,No,Yes,Yes,Yes,One year,No,Bank transfer (automatic),81.9,5254.69,1,21.4,1,0,0.149,Healthy
Female,1,No,Yes,24,Yes,No,No,No,No,No,No,No,No,Month-to-month,Yes,Electronic check,18.0,439.89,0,10.2,1,0,0.55,High Risk
Male,0,Yes,No,15,Yes,Yes,DSL,No,Yes,No,No,Yes,Yes,Month-to-month,Yes,Credit card (automatic),50.82,788.65,4,16.2,0,1,0.696,High Risk
Female,0,No,No,46,Yes,No,No,No,No,No,No,No,No,Month-to-month,No,Mailed check,18.99,899.68,3,17.4,2,0,0.516,High Risk
Female,0,No,No,9,Yes,Yes,No,No,No,No,No,No,No,One year,Yes,Mailed check,19.59,171.96,0,24.9,3,0,0.378,Watch
Female,0,Yes,No,43,Yes,No,DSL,Yes,No,No,Yes,Yes,No,One year,Yes,Credit card (automatic),55.02,2382.92,1,19.9,1,0,0.123,Healthy
Male,0,No,No,4,Yes,No,Fiber optic,No,Yes,No,Yes,Yes,Yes,One year,Yes,Electronic check,85.54,358.23,2,4.7,0,0,0.7,Critical Risk
Female,0,No,No,19,Yes,No,DSL,No,No,No,Yes,Yes,No,One year,No,Bank transfer (automatic),46.95,914.89,2,27.5,0,0,0.215,Watch
Female,0,No,No,53,Yes,Yes,DSL,No,No,Yes,No,Yes,No,Month-to-month,Yes,Mailed check,52.33,2775.84,0,18.2,0,0,0.308,Watch
Male,0,Yes,Yes,27,Yes,No,No,No,No,No,No,No,No,Month-to-month,No,Bank transfer (automatic),20.06,510.1,1,20.0,0,0,0.464,High Risk
Male,0,Yes,No,65,Yes,No,DSL,No,Yes,No,No,No,Yes,Month-to-month,Yes,Credit card (automatic),46.84,3022.26,2,16.2,1,0,0.265,Watch
Female,0,No,No,25,Yes,Yes,Fiber optic,No,No,No,Yes,No,Yes,Two year,No,Electronic check,80.34,1997.72,1,12.2,2,0,0.464,High Risk
Male,1,Yes,No,50,Yes,Yes,DSL,No,Yes,Yes,No,No,Yes,One year,No,Bank transfer (automatic),49.79,2477.34,0,17.0,2,0,0.131,Healthy
Male,0,Yes,No,2,Yes,Yes,DSL,Yes,Yes,Yes,No,No,No,Month-to-month,No,Bank transfer (automatic),52.9,120.0,0,16.1,0,1,0.64,High Risk
Female,0,Yes,Yes,71,Yes,No,Fiber optic,Yes,Yes,No,Yes,Yes,No,One year,No,Mailed check,89.0,6326.58,2,3.9,0,0,0.173,Healthy
Male,0,No,No,44,No,No,Fiber optic,Yes,No,No,No,No,Yes,Month-to-month,No,Electronic check,73.63,3244.61,0,18.2,0,0,0.605,High Risk
Male,0,Yes,No,51,Yes,No,No,No,No,No,No,No,No,One year,Yes,Electronic check,18.0,921.22,1,12.2,0,0,0.148,Healthy
Male,1,Yes,No,23,Yes,Yes,DSL,Yes,No,No,No,No,Yes,Two year,Yes,Mailed check,50.52,1149.58,2,16.6,0,0,0.125,Healthy
Female,0,No,No,21,Yes,Yes,Fiber optic,Yes,Yes,Yes,No,Yes,Yes,One year,No,Bank transfer (automatic),97.56,2084.24,1,24.1,1,0,0.563,High Risk
Male,0,Yes,Yes,31,Yes,No,Fiber optic,Yes,Yes,No,No,No,No,Two year,Yes,Mailed check,80.11,2488.35,1,5.6,0,0,0.276,Watch
Female,0,Yes,Yes,18,Yes,Yes,Fiber optic,No,Yes,No,No,No,Yes,Month-to-month,Yes,Electronic check,74.1,1336.31,2,0.0,2,0,0.943,Critical Risk
Male,0,Yes,No,1,Yes,Yes,Fiber optic,Yes,No,No,Yes,No,Yes,One year,Yes,Electronic check,80.67,79.29,0,11.4,0,1,0.634,High Risk
Female,0,Yes,No,48,Yes,No,DSL,No,Yes,No,No,Yes,Yes,Month-to-month,No,Mailed check,57.74,2744.97,2,9.8,0,0,0.404,High Risk
Female,1,No,No,52,Yes,Yes,Fiber optic,No,No,No,No,No,Yes,One year,No,Electronic check,61.67,3230.66,0,12.6,0,0,0.217,Watch
Female,0,Yes,No,49,Yes,Yes,Fiber optic,Yes,No,Yes,Yes,No,Yes,Month-to-month,No,Electronic check,85.27,4191.48,0,22.6,0,0,0.561,High Risk
Female,0,No,No,40,Yes,Yes,Fiber optic,No,No,Yes,No,No,No,One year,Yes,Bank transfer (automatic),72.57,2944.51,0,10.1,0,0,0.272,Watch
Male,0,Yes,No,38,Yes,Yes,DSL,No,Yes,Yes,No,Yes,No,Month-to-month,No,Mailed check,52.37,2004.78,3,15.8,0,0,0.479,High Risk
Female,0,Yes,No,71,Yes,Yes,DSL,Yes,Yes,Yes,No,Yes,Yes,One year,Yes,Bank transfer (automatic),61.4,4374.29,1,12.8,0,0,0.061,Healthy
Female,1,Yes,No,38,Yes,No,Fiber optic,Yes,No,Yes,No,No,Yes,Month-to-month,No,Mailed check,80.1,3033.3,3,19.4,2,0,0.827,Critical Risk
Female,0,No,No,51,Yes,No,Fiber optic,Yes,Yes,Yes,No,No,No,One year,Yes,Electronic check,83.73,4276.73,3,19.0,0,0,0.491,High Risk
Female,0,Yes,No,30,No,No,DSL,No,No,No,Yes,Yes,No,Month-to-month,No,Electronic check,51.95,1570.51,0,21.9,0,0,0.459,High Risk
Female,0,Yes,No,2,Yes,No,DSL,No,No,No,No,Yes,No,Month-to-month,No,Electronic check,42.03,45.35,2,7.4,0,1,0.838,Critical Risk
Male,0,No,No,25,Yes,No,DSL,No,Yes,No,Yes,No,Yes,One year,Yes,Credit card (automatic),61.16,1565.44,1,20.6,0,0,0.163,Healthy
Male,0,Yes,Yes,52,Yes,Yes,DSL,Yes,Yes,Yes,Yes,Yes,Yes,Month-to-month,Yes,Credit card (automatic),75.14,3917.3,2,15.0,0,0,0.34,Watch
Male,0,No,No,46,Yes,Yes,DSL,No,No,Yes,Yes,Yes,Yes,Month-to-month,Yes,Electronic check,65.87,3054.32,1,10.0,0,0,0.417,High Risk
Male,0,Yes,No,50,No,No,No,No,No,No,No,No,No,Month-to-month,Yes,Credit card (automatic),18.26,935.54,1,13.1,1,0,0.321,Watch
Female,0,Yes,No,54,Yes,No,No,No,No,No,No,No,No,Month-to-month,No,Electronic check,18.0,952.61,0,15.7,0,0,0.295,Watch
Female,0,No,Yes,15,Yes,No,Fiber optic,Yes,No,No,No,Yes,No,Month-to-month,No,Bank transfer (automatic),76.21,1128.18,4,15.3,0,1,0.922,Critical Risk
Male,0,Yes,No,59,Yes,No,DSL,Yes,No,Yes,No,No,No,Month-to-month,No,Mailed check,48.44,2855.03,4,16.0,0,0,0.462,High Risk
Male,0,Yes,Yes,52,Yes,Yes,DSL,No,No,Yes,No,Yes,Yes,Two year,No,Bank transfer (automatic),53.37,2769.07,5,20.4,1,0,0.163,Healthy
Female,0,Yes,No,22,Yes,No,No,No,No,No,No,No,No,Month-to-month,Yes,Credit card (automatic),18.0,402.28,0,23.6,0,0,0.31,Watch
Female,0,Yes,No,36,Yes,No,No,No,No,No,No,No,No,One year,Yes,Credit card (automatic),22.3,822.56,1,18.5,0,0,0.106,Healthy
Female,0,No,No,62,No,No,DSL,Yes,No,No,No,Yes,Yes,Month-to-month,Yes,Credit card (automatic),56.79,3487.41,3,12.7,2,1,0.554,High Risk
Female,0,Yes,No,12,Yes,No,DSL,No,Yes,No,No,Yes,No,Month-to-month,No,Electronic check,42.36,502.31,3,10.6,0,1,0.763,Critical Risk
Female,0,No,No,22,Yes,Yes,DSL,Yes,No,No,No,No,Yes,One year,No,Bank transfer (automatic),51.51,1152.18,2,13.9,1,1,0.421,High Risk
Female,0,Yes,No,14,Yes,Yes,Fiber optic,No,No,Yes,No,Yes,No,Two year,No,Mailed check,76.43,1037.97,1,19.3,0,0,0.288,Watch
Male,0,Yes,No,22,Yes,Yes,DSL,Yes,Yes,Yes,No,Yes,No,Month-to-month,Yes,Electronic check,55.62,1235.76,0,21.2,0,0,0.548,High Risk
Female,0,Yes,No,14,Yes,Yes,Fiber optic,Yes,No,Yes,No,No,Yes,Month-to-month,No,Electronic check,80.21,1144.66,2,11.4,2,0,0.95,Critical Risk
Male,0,No,No,58,Yes,No,DSL,No,Yes,No,No,Yes,No,One year,Yes,Mailed check,51.33,2957.5,2,7.2,1,0,0.197,Healthy
Male,0,No,No,72,No,No,DSL,Yes,Yes,Yes,No,No,No,One year,Yes,Mailed check,55.56,4006.39,3,12.9,1,0,0.112,Healthy
Male,0,No,Yes,70,Yes,No,Fiber optic,No,Yes,No,Yes,No,No,One year,No,Bank transfer (automatic),77.7,5453.08,1,15.6,0,0,0.098,Healthy
Male,0,Yes,No,26,Yes,Yes,Fiber optic,No,No,No,No,No,Yes,Two year,No,Mailed check,66.02,1726.19,3,9.5,0,0,0.326,Watch
Male,1,Yes,No,68,Yes,No,DSL,Yes,Yes,No,No,No,Yes,Month-to-month,No,Credit card (automatic),57.44,3920.98,0,9.2,1,0,0.195,Healthy
Female,0,No,Yes,5,Yes,No,Fiber optic,Yes,No,No,No,No,No,One year,Yes,Electronic check,65.77,336.52,1,6.0,1,0,0.783,Critical Risk
Female,0,Yes,Yes,8,Yes,No,DSL,Yes,No,No,No,Yes,Yes,Two year,Yes,Credit card (automatic),50.72,411.85,1,9.8,0,0,0.166,Healthy
Male,0,No,No,23,Yes,No,DSL,Yes,Yes,No,Yes,Yes,No,Month-to-month,No,Bank transfer (automatic),54.03,1248.24,1,16.6,0,1,0.455,High Risk
Female,0,Yes,No,21,Yes,Yes,DSL,No,No,No,No,Yes,No,One year,No,Mailed check,49.26,1055.03,1,12.1,0,0,0.289,Watch
Male,0,Yes,No,66,Yes,Yes,DSL,Yes,No,Yes,No,Yes,Yes,One year,No,Bank transfer (automatic),64.24,4228.69,2,16.8,1,0,0.154,Healthy
Male,0,Yes,No,55,No,No,DSL,No,Yes,No,Yes,Yes,No,Month-to-month,Yes,Mailed check,57.52,3178.85,0,13.0,3,0,0.459,High Risk
Female,0,Yes,No,54,Yes,Yes,Fiber optic,Yes,No,Yes,Yes,Yes,Yes,Month-to-month,Yes,Electronic check,97.75,5252.93,0,5.5,0,1,0.667,High Risk
Male,0,No,No,58,Yes,No,No,No,No,No,No,No,No,Two year,Yes,Credit card (automatic),18.45,1042.66,1,11.1,0,0,0.025,Healthy
Female,0,No,Yes,52,No,No,DSL,Yes,Yes,No,No,No,No,Month-to-month,No,Mailed check,49.29,2512.0,0,18.1,0,0,0.29,Watch
Female,1,No,No,36,Yes,Yes,DSL,Yes,No,No,Yes,Yes,Yes,Month-to-month,No,Credit card (automatic),61.46,2201.54,1,15.4,1,0,0.4,High Risk
Male,0,No,No,4,Yes,No,DSL,No,No,No,Yes,Yes,Yes,Two year,Yes,Bank transfer (automatic),62.04,229.76,1,0.9,2,1,0.39,Watch
Male,0,Yes,No,1,Yes,Yes,Fiber optic,Yes,Yes,Yes,No,Yes,Yes,Month-to-month,No,Bank transfer (automatic),92.06,88.17,0,19.6,0,1,0.838,Critical Risk
Female,0,No,Yes,71,Yes,Yes,No,No,No,No,No,No,No,Month-to-month,No,Electronic check,18.0,1280.6,3,8.6,1,0,0.368,Watch
Female,0,Yes,No,36,Yes,Yes,DSL,Yes,No,Yes,No,No,No,Month-to-month,No,Credit card (automatic),47.42,1692.35,1,9.1,0,0,0.401,High Risk
Female,0,No,No,69,Yes,No,Fiber optic,No,No,Yes,Yes,Yes,Yes,Two year,No,Mailed check,86.68,5996.83,3,23.7,0,0,0.062,Healthy
Male,0,Yes,No,2,Yes,Yes,Fiber optic,No,Yes,No,Yes,No,No,Month-to-month,Yes,Credit card (automatic),75.37,160.73,0,2.0,0,1,0.747,Critical Risk
Male,0,No,No,46,Yes,Yes,No,No,No,No,No,No,No,Two year,Yes,Mailed check,18.0,804.63,0,9.9,2,0,0.055,Healthy
Female,0,No,No,20,Yes,No,DSL,Yes,No,No,Yes,Yes,No,Two year,Yes,Bank transfer (automatic),55.29,1064.66,3,25.0,1,0,0.21,Watch
Female,0,No,No,26,Yes,Yes,DSL,No,No,No,No,No,No,Month-to-month,Yes,Electronic check,37.49,973.32,1,21.4,1,0,0.696,High Risk
Male,0,No,No,47,Yes,Yes,DSL,Yes,No,Yes,Yes,Yes,No,One year,No,Bank transfer (automatic),65.71,3068.11,3,30.0,0,0,0.128,Healthy
Female,0,No,Yes,36,Yes,Yes,Fiber optic,No,No,Yes,Yes,No,No,Month-to-month,Yes,Credit card (automatic),72.83,2642.27,0,12.7,0,0,0.435,High Risk
Female,0,No,No,9,Yes,No,Fiber optic,No,Yes,Yes,No,No,Yes,One year,Yes,Electronic check,84.31,769.96,0,16.0,0,0,0.563,High Risk
Male,0,No,No,72,Yes,No,Fiber optic,No,No,Yes,Yes,Yes,Yes,Month-to-month,No,Electronic check,87.91,6318.45,0,20.5,0,0,0.314,Watch
Male,0,Yes,No,52,Yes,No,DSL,No,No,Yes,No,No,Yes,Month-to-month,No,Bank transfer (automatic),51.63,2692.26,3,5.9,0,1,0.54,High Risk
Female,0,No,No,26,Yes,Yes,DSL,No,Yes,No,No,No,Yes,Month-to-month,Yes,Mailed check,44.48,1159.73,2,14.0,0,0,0.566,High Risk
Female,0,Yes,No,45,Yes,No,Fiber optic,Yes,Yes,No,Yes,No,Yes,Month-to-month,Yes,Electronic check,81.42,3684.51,0,10.1,0,0,0.543,High Risk
Male,0,No,No,11,Yes,No,DSL,Yes,No,No,No,Yes,Yes,Month-to-month,Yes,Credit card (automatic),48.98,524.09,2,7.4,0,0,0.678,High Risk
Male,0,No,No,31,Yes,No,No,No,No,No,No,No,No,One year,Yes,Electronic check,22.02,735.81,2,9.0,0,0,0.308,Watch
Female,0,Yes,Yes,31,Yes,Yes,No,No,No,No,No,No,No,Month-to-month,Yes,Credit card (automatic),18.0,569.18,2,17.0,1,0,0.482,High Risk
Male,0,No,No,27,Yes,No,DSL,No,No,Yes,No,No,No,Month-to-month,Yes,Electronic check,38.5,1042.96,2,10.7,2,0,0.808,Critical Risk
Female,1,Yes,Yes,35,Yes,Yes,Fiber optic,No,Yes,No,Yes,Yes,No,One year,No,Bank transfer (automatic),79.31,2786.64,2,15.4,4,0,0.605,High Risk
Female,0,No,No,66,Yes,Yes,DSL,No,No,Yes,No,No,Yes,One year,No,Mailed check,58.72,3866.78,2,14.5,0,0,0.1,Healthy
Female,0,No,No,0,Yes,No,No,No,No,No,No,No,No,Two year,No,Bank transfer (automatic),18.0,0.0,3,16.4,0,0,0.205,Watch
Male,0,No,No,40,Yes,No,Fiber optic,Yes,No,No,No,No,Yes,Month-to-month,Yes,Bank transfer (automatic),72.73,2890.02,1,22.7,0,0,0.629,High Risk
Male,0,No,Yes,68,Yes,No,DSL,No,No,No,Yes,Yes,No,One year,Yes,Electronic check,53.68,3670.22,1,8.4,1,0,0.131,Healthy
Male,0,Yes,No,64,Yes,No,Fiber optic,Yes,No,Yes,No,Yes,Yes,Month-to-month,Yes,Mailed check,87.72,5610.11,2,16.1,0,0,0.573,High Risk
Female,0,Yes,No,65,Yes,Yes,DSL,No,No,No,Yes,No,No,One year,No,Bank transfer (automatic),42.73,2776.2,3,19.4,1,0,0.101,Healthy
Male,0,No,No,30,Yes,No,DSL,No,Yes,No,Yes,Yes,No,Two year,No,Electronic check,56.23,1681.49,0,10.7,0,0,0.092,Healthy
Male,0,Yes,No,41,Yes,Yes,DSL,Yes,Yes,Yes,Yes,No,Yes,Month-to-month,No,Mailed check,73.38,3003.75,0,23.2,0,0,0.266,Watch
Male,0,Yes,No,43,Yes,No,DSL,No,Yes,No,Yes,No,No,Month-to-month,Yes,Electronic check,44.11,1882.08,2,8.9,1,0,0.496,High Risk
Male,0,Yes,No,61,Yes,Yes,DSL,Yes,Yes,Yes,No,No,No,Month-to-month,Yes,Mailed check,59.44,3622.03,0,21.9,1,0,0.288,Watch
Male,0,Yes,Yes,69,Yes,Yes,No,No,No,No,No,No,No,Month-to-month,Yes,Electronic check,18.0,1190.06,0,19.0,0,0,0.158,Healthy
Female,0,No,Yes,18,Yes,No,Fiber optic,Yes,Yes,No,Yes,Yes,No,Month-to-month,No,Bank transfer (automatic),90.58,1654.93,1,11.8,2,1,0.889,Critical Risk
Female,0,Yes,No,9,Yes,No,No,No,No,No,No,No,No,Two year,No,Credit card (automatic),21.09,184.38,1,25.5,0,0,0.078,Healthy
Male,0,Yes,No,19,Yes,No,DSL,No,Yes,No,Yes,No,No,One year,Yes,Electronic check,55.33,1039.46,1,7.1,1,0,0.412,High Risk
Male,0,No,Yes,19,Yes,No,No,No,No,No,No,No,No,Month-to-month,No,Mailed check,23.91,474.99,2,16.3,0,0,0.585,High Risk
Male,1,No,Yes,21,Yes,No,Fiber optic,Yes,Yes,No,Yes,Yes,No,Month-to-month,Yes,Mailed check,95.85,2048.9,0,5.9,2,1,0.851,Critical Risk
Female,1,Yes,No,66,No,No,Fiber optic,Yes,No,No,Yes,Yes,No,Month-to-month,Yes,Electronic check,81.89,5378.11,0,14.2,0,0,0.399,Watch
Male,0,No,Yes,15,No,No,No,No,No,No,No,No,No,Month-to-month,Yes,Bank transfer (automatic),18.07,296.74,0,11.4,1,0,0.592,High Risk
Female,0,Yes,No,30,Yes,No,Fiber optic,Yes,Yes,Yes,Yes,No,Yes,Two year,No,Electronic check,96.63,2874.03,2,9.8,1,0,0.405,High Risk
Male,0,No,No,26,Yes,Yes,Fiber optic,No,No,No,Yes,Yes,Yes,One year,No,Bank transfer (automatic),80.97,2107.66,1,16.8,0,0,0.388,Watch
Male,0,Yes,No,19,Yes,No,No,No,No,No,No,No,No,Month-to-month,Yes,Credit card (automatic),18.0,371.36,2,15.3,1,0,0.581,High Risk
Female,0,Yes,No,14,Yes,Yes,DSL,Yes,Yes,No,Yes,No,Yes,Two year,No,Bank transfer (automatic),61.6,842.55,0,17.1,1,0,0.138,Healthy
Female,0,Yes,Yes,72,Yes,No,DSL,Yes,No,No,No,Yes,No,Two year,Yes,Mailed check,45.15,3233.47,0,12.7,0,0,0.021,Healthy
Female,1,No,Yes,45,Yes,Yes,No,No,No,No,No,No,No,Month-to-month,No,Mailed check,19.17,888.34,1,7.9,1,0,0.318,Watch
Female,1,Yes,Yes,7,Yes,No,No,No,No,No,No,No,No,One year,Yes,Credit card (automatic),19.28,81.29,1,18.7,0,0,0.18,Healthy
Female,0,Yes,No,47,Yes,Yes,Fiber optic,No,No,Yes,Yes,Yes,No,Month-to-month,Yes,Bank transfer (automatic),82.46,3904.16,1,20.9,0,0,0.457,High Risk
Female,0,No,No,44,Yes,No,Fiber optic,Yes,No,Yes,No,No,Yes,Two year,No,Mailed check,75.58,3299.02,2,13.0,0,0,0.146,Healthy
Male,0,Yes,Yes,26,Yes,No,No,No,No,No,No,No,No,Month-to-month,Yes,Mailed check,18.0,474.62,0,20.9,0,0,0.394,Watch
Male,0,No,No,57,Yes,No,Fiber optic,Yes,No,Yes,No,No,Yes,Two year,No,Bank transfer (automatic),85.52,4847.63,1,26.3,0,0,0.11,Healthy
Male,1,Yes,No,58,Yes,Yes,DSL,Yes,Yes,Yes,No,No,Yes,Month-to-month,No,Electronic check,52.69,3054.16,0,22.9,0,0,0.217,Watch
Male,0,Yes,Yes,57,Yes,Yes,Fiber optic,No,Yes,Yes,No,Yes,Yes,One year,No,Bank transfer (automatic),94.64,5381.64,2,16.4,0,0,0.301,Watch
Male,0,Yes,Yes,46,Yes,No,Fiber optic,No,Yes,No,Yes,Yes,No,Month-to-month,Yes,Mailed check,88.14,4044.73,3,10.8,1,0,0.733,Critical Risk
Male,0,Yes,No,32,Yes,Yes,DSL,Yes,Yes,Yes,Yes,No,Yes,Month-to-month,No,Electronic check,69.95,2220.68,0,7.3,2,0,0.68,High Risk
Male,0,Yes,No,15,Yes,No,No,No,No,No,No,No,No,One year,Yes,Credit card (automatic),19.88,303.94,2,18.8,0,0,0.228,Watch
Female,0,No,No,3,Yes,Yes,Fiber optic,No,No,Yes,No,Yes,Yes,Month-to-month,Yes,Bank transfer (automatic),78.73,226.61,1,10.9,2,0,0.928,Critical Risk
Male,0,No,Yes,67,No,No,Fiber optic,No,Yes,Yes,Yes,No,Yes,Month-to-month,Yes,Bank transfer (automatic),87.69,5887.06,1,18.9,3,0,0.548,High Risk
Female,0,Yes,No,61,No,No,Fiber optic,Yes,No,No,No,No,Yes,Two year,No,Bank transfer (automatic),75.32,4599.65,3,8.4,1,0,0.22,Watch
Male,0,Yes,Yes,14,Yes,No,DSL,Yes,No,No,Yes,Yes,Yes,Month-to-month,Yes,Credit card (automatic),60.91,851.44,0,22.3,0,0,0.49,High Risk
Female,0,No,No,58,Yes,No,Fiber optic,No,No,No,No,Yes,No,Month-to-month,Yes,Mailed check,69.62,4047.42,1,11.1,0,0,0.562,High Risk
Female,0,Yes,No,3,Yes,Yes,Fiber optic,No,No,Yes,Yes,No,No,Month-to-month,No,Bank transfer (automatic),70.79,213.92,1,7.7,1,1,0.844,Critical Risk
Male,0,No,No,17,No,No,Fiber optic,Yes,No,No,Yes,No,No,Two year,No,Mailed check,74.78,1231.88,4,14.8,2,0,0.541,High Risk
Male,0,No,Yes,10,Yes,No,DSL,No,No,Yes,Yes,No,Yes,Month-to-month,Yes,Credit card (automatic),53.6,543.35,1,9.1,1,0,0.588,High Risk
Female,0,Yes,Yes,24,Yes,Yes,No,No,No,No,No,No,No,Month-to-month,Yes,Bank transfer (automatic),23.82,561.13,0,9.0,0,0,0.46,High Risk
Female,0,No,No,23,Yes,Yes,DSL,Yes,No,Yes,Yes,No,No,Month-to-month,No,Credit card (automatic),62.37,1414.46,0,19.1,0,1,0.376,Watch
Male,0,No,Yes,37,Yes,Yes,Fiber optic,Yes,Yes,No,No,No,No,Month-to-month,No,Bank transfer (automatic),72.49,2657.76,0,11.2,1,0,0.688,High Risk
Female,0,No,No,33,Yes,Yes,Fiber optic,No,No,Yes,No,Yes,Yes,Month-to-month,No,Mailed check,86.42,2834.71,2,19.2,0,1,0.756,Critical Risk
Female,0,No,Yes,8,Yes,No,No,No,No,No,No,No,No,Month-to-month,Yes,Credit card (automatic),19.14,164.67,1,17.1,1,0,0.596,High Risk
Male,0,Yes,Yes,10,Yes,Yes,DSL,No,No,Yes,No,Yes,Yes,Month-to-month,Yes,Bank transfer (automatic),60.49,564.58,0,13.8,2,1,0.783,Critical Risk
Male,0,No,No,59,Yes,Yes,DSL,No,No,Yes,No,Yes,No,Month-to-month,No,Bank transfer (automatic),50.96,3018.03,0,13.4,0,0,0.262,Watch
Male,0,Yes,Yes,40,Yes,Yes,No,No,No,No,No,No,No,Month-to-month,No,Bank transfer (automatic),18.0,692.32,0,10.8,1,0,0.356,Watch
Female,0,Yes,No,67,Yes,Yes,No,No,No,No,No,No,No,Month-to-month,No,Mailed check,19.67,1317.42,5,10.5,1,0,0.431,High Risk
Female,0,No,No,9,Yes,Yes,DSL,Yes,No,Yes,No,Yes,Yes,One year,Yes,Bank transfer (automatic),61.83,593.2,1,15.9,2,0,0.554,High Risk
Female,0,Yes,Yes,22,Yes,No,No,No,No,No,No,No,No,One year,Yes,Credit card (automatic),23.8,530.64,1,18.4,0,0,0.16,Healthy
Female,0,No,No,11,Yes,Yes,No,No,No,No,No,No,No,Two year,Yes,Bank transfer (automatic),18.0,187.07,2,18.1,2,0,0.223,Watch
Male,0,No,No,67,No,No,DSL,No,No,Yes,Yes,Yes,Yes,Month-to-month,Yes,Bank transfer (automatic),63.41,4214.04,2,22.8,0,0,0.203,Watch
Male,0,No,No,11,Yes,Yes,Fiber optic,No,Yes,No,No,No,Yes,One year,No,Bank transfer (automatic),72.71,805.09,1,14.7,1,0,0.549,High Risk
Male,1,No,No,58,Yes,Yes,DSL,No,Yes,No,Yes,Yes,Yes,Month-to-month,No,Bank transfer (automatic),72.19,4170.7,1,24.3,1,0,0.302,Watch
Male,0,No,No,14,No,No,No,No,No,No,No,No,No,One year,Yes,Bank transfer (automatic),19.71,261.21,1,14.4,1,0,0.324,Watch
Female,1,No,No,53,Yes,Yes,DSL,No,Yes,No,Yes,Yes,No,Two year,No,Credit card (automatic),58.12,3123.23,0,16.0,1,0,0.028,Healthy
Female,0,No,No,33,No,No,Fiber optic,Yes,Yes,Yes,Yes,Yes,No,Two year,Yes,Bank transfer (automatic),97.07,3201.31,0,29.3,1,0,0.156,Healthy
Male,1,No,No,70,Yes,No,No,No,No,No,No,No,No,One year,Yes,Electronic check,23.29,1610.78,1,20.4,0,0,0.053,Healthy
Female,1,No,No,5,Yes,No,DSL,Yes,No,No,Yes,No,No,Month-to-month,Yes,Electronic check,50.41,246.1,1,15.6,0,0,0.698,High Risk
Female,1,Yes,Yes,23,Yes,Yes,Fiber optic,No,Yes,No,Yes,Yes,Yes,Month-to-month,No,Electronic check,84.39,1922.64,2,18.9,0,1,0.733,Critical Risk
Male,0,Yes,Yes,52,Yes,Yes,DSL,Yes,Yes,Yes,No,Yes,No,Month-to-month,No,Bank transfer (automatic),60.41,3135.17,2,16.1,2,0,0.617,High Risk
Female,0,Yes,Yes,66,Yes,Yes,DSL,Yes,No,No,Yes,No,Yes,Month-to-month,Yes,Electronic check,51.5,3387.64,2,26.6,0,0,0.259,Watch
Female,0,Yes,Yes,39,Yes,No,No,No,No,No,No,No,No,One year,Yes,Credit card (automatic),18.0,706.58,0,12.5,0,0,0.074,Healthy
Female,0,Yes,No,7,No,No,No,No,No,No,No,No,No,Month-to-month,Yes,Electronic check,21.38,141.31,3,6.8,1,0,0.851,Critical Risk
Female,0,No,No,45,Yes,Yes,Fiber optic,Yes,Yes,No,Yes,Yes,Yes,Month-to-month,Yes,Credit card (automatic),93.38,4231.0,0,13.8,0,0,0.418,High Risk
Male,1,No,Yes,34,Yes,Yes,No,No,No,No,No,No,No,One year,Yes,Credit card (automatic),18.0,633.36,3,11.6,1,0,0.19,Healthy
Female,0,No,No,56,Yes,Yes,DSL,Yes,Yes,No,No,No,No,One year,No,Credit card (automatic),55.35,3082.48,3,11.8,1,0,0.211,Watch
Male,0,No,No,40,Yes,Yes,Fiber optic,No,No,No,No,Yes,No,Month-to-month,No,Electronic check,68.53,2729.69,1,6.6,0,0,0.737,Critical Risk
Female,0,No,No,65,Yes,No,No,No,No,No,No,No,No,One year,Yes,Mailed check,18.0,1151.92,2,20.8,1,0,0.082,Healthy
Male,0,No,No,8,Yes,No,No,No,No,No,No,No,No,Month-to-month,No,Credit card (automatic),19.34,156.62,2,18.4,0,0,0.546,High Risk
Male,0,No,No,45,Yes,No,Fiber optic,Yes,Yes,No,Yes,Yes,No,Two year,Yes,Credit card (automatic),82.89,3745.83,3,25.8,1,0,0.127,Healthy
Female,0,Yes,No,53,Yes,Yes,DSL,Yes,No,Yes,No,No,No,Two year,Yes,Mailed check,45.74,2419.74,0,17.3,0,0,0.039,Healthy
Male,0,No,Yes,29,Yes,No,Fiber optic,No,Yes,No,No,No,Yes,One year,No,Electronic check,72.99,2143.64,1,20.6,1,1,0.532,High Risk
Male,1,Yes,Yes,34,Yes,Yes,DSL,No,No,No,No,No,No,Two year,Yes,Mailed check,33.75,1161.47,2,14.0,0,0,0.073,Healthy
Female,0,Yes,No,50,No,No,Fiber optic,No,Yes,Yes,Yes,Yes,No,Month-to-month,Yes,Mailed check,79.14,3970.71,2,11.2,1,1,0.614,High Risk
Male,0,Yes,Yes,33,Yes,Yes,DSL,Yes,No,Yes,Yes,Yes,No,Month-to-month,Yes,Credit card (automatic),60.26,2016.15,0,9.2,0,0,0.353,Watch
Female,0,No,Yes,28,Yes,No,Fiber optic,Yes,No,Yes,No,No,Yes,Two year,No,Credit card (automatic),80.67,2263.24,2,21.2,0,0,0.221,Watch
Male,1,No,Yes,42,Yes,Yes,DSL,Yes,Yes,No,No,No,Yes,One year,Yes,Mailed check,49.01,2067.25,1,19.0,0,0,0.094,Healthy
Male,1,Yes,No,58,Yes,No,Fiber optic,Yes,Yes,No,No,No,Yes,Month-to-month,Yes,Credit card (automatic),79.71,4630.3,0,18.1,1,0,0.436,High Risk
Female,0,No,No,9,Yes,No,No,No,No,No,No,No,No,Month-to-month,No,Bank transfer (automatic),18.18,161.92,0,10.8,0,1,0.531,High Risk
Male,0,Yes,No,63,No,No,Fiber optic,No,Yes,No,No,Yes,No,Month-to-month,Yes,Mailed check,75.27,4728.12,1,24.5,1,0,0.477,High Risk
Male,0,Yes,No,14,Yes,Yes,No,No,No,No,No,No,No,Month-to-month,No,Electronic check,18.0,271.6,3,12.7,0,0,0.746,Critical Risk
Female,0,Yes,No,7,Yes,Yes,Fiber optic,No,No,No,Yes,No,No,Month-to-month,Yes,Mailed check,70.34,480.44,1,14.1,3,0,0.908,Critical Risk
Female,0,Yes,No,13,Yes,No,DSL,No,No,No,Yes,Yes,No,Month-to-month,Yes,Mailed check,51.77,670.41,1,12.1,0,0,0.634,High Risk
Male,0,No,No,5,Yes,No,No,No,No,No,No,No,No,One year,No,Electronic check,18.0,112.87,0,16.0,0,0,0.301,Watch
Female,0,Yes,Yes,69,Yes,No,DSL,No,No,Yes,Yes,No,Yes,One year,Yes,Credit card (automatic),58.55,4077.8,0,21.2,1,0,0.038,Healthy
Female,0,Yes,Yes,21,No,No,DSL,Yes,Yes,No,No,Yes,Yes,One year,Yes,Electronic check,66.58,1434.37,1,15.2,1,0,0.49,High Risk
Female,0,Yes,No,56,No,No,Fiber optic,Yes,No,No,Yes,Yes,No,Month-to-month,Yes,Credit card (automatic),79.35,4457.26,2,13.7,1,0,0.589,High Risk
Male,1,No,No,13,Yes,No,DSL,Yes,No,Yes,Yes,Yes,No,Two year,Yes,Electronic check,61.84,808.94,1,8.2,2,0,0.341,Watch
Female,0,No,No,38,Yes,No,No,No,No,No,No,No,No,Month-to-month,No,Electronic check,20.53,799.76,1,24.2,0,1,0.402,High Risk
Female,0,No,No,31,Yes,No,Fiber optic,Yes,No,No,Yes,Yes,Yes,Month-to-month,Yes,Bank transfer (automatic),83.78,2585.01,1,5.7,2,0,0.858,Critical Risk
Female,0,No,No,48,Yes,Yes,DSL,Yes,Yes,No,No,Yes,No,One year,No,Credit card (automatic),52.14,2503.37,2,6.6,1,0,0.159,Healthy
Male,1,No,Yes,72,Yes,No,Fiber optic,Yes,Yes,No,No,Yes,Yes,Month-to-month,Yes,Electronic check,85.03,6157.28,0,17.4,0,0,0.38,Watch
Female,0,Yes,No,47,Yes,Yes,DSL,Yes,Yes,No,No,No,Yes,One year,No,Electronic check,59.29,2789.86,1,13.4,0,0,0.177,Healthy
Female,0,Yes,No,51,Yes,Yes,Fiber optic,No,No,No,Yes,No,No,Month-to-month,No,Bank transfer (automatic),73.32,3740.79,2,17.1,0,0,0.589,High Risk
Male,0,No,No,19,No,No,DSL,No,Yes,Yes,Yes,No,No,Two year,Yes,Credit card (automatic),60.2,1142.92,0,13.7,0,0,0.056,Healthy
Female,0,Yes,Yes,8,Yes,Yes,No,No,No,No,No,No,No,Month-to-month,No,Mailed check,18.0,173.93,1,5.4,2,0,0.75,Critical Risk
Female,1,Yes,Yes,6,Yes,No,DSL,No,No,No,Yes,Yes,No,Month-to-month,No,Bank transfer (automatic),49.47,302.55,1,5.0,3,1,0.828,Critical Risk
Male,0,Yes,No,21,Yes,No,DSL,No,Yes,Yes,No,No,Yes,One year,No,Mailed check,57.81,1197.85,1,3.8,0,0,0.27,Watch
Female,0,Yes,Yes,40,Yes,No,Fiber optic,Yes,Yes,No,Yes,Yes,No,One year,Yes,Electronic check,83.18,3319.13,0,27.8,1,0,0.306,Watch
Male,0,No,Yes,4,Yes,Yes,Fiber optic,Yes,Yes,No,Yes,No,Yes,Month-to-month,No,Electronic check,87.12,351.97,1,7.6,1,0,0.91,Critical Risk
Female,0,Yes,No,19,Yes,No,Fiber optic,Yes,Yes,Yes,No,No,Yes,Month-to-month,Yes,Bank transfer (automatic),90.58,1698.17,1,11.4,0,0,0.827,Critical Risk
Female,0,Yes,No,46,Yes,Yes,Fiber optic,Yes,No,No,No,Yes,Yes,One year,Yes,Credit card (automatic),87.6,4028.01,1,20.6,1,0,0.326,Watch
Female,0,No,Yes,63,Yes,No,DSL,No,No,Yes,Yes,No,Yes,One year,Yes,Electronic check,51.13,3210.19,0,19.9,0,0,0.056,Healthy
Male,0,No,No,72,Yes,Yes,Fiber optic,No,No,No,Yes,No,No,One year,No,Bank transfer (automatic),70.0,5012.68,0,9.5,0,0,0.079,Healthy
Female,0,Yes,Yes,17,No,No,No,No,No,No,No,No,No,Month-to-month,Yes,Bank transfer (automatic),19.81,342.68,1,10.7,0,1,0.557,High Risk
Male,1,Yes,No,7,Yes,No,DSL,No,No,No,No,Yes,No,Month-to-month,Yes,Electronic check,50.25,366.76,0,13.5,1,1,0.791,Critical Risk
Female,1,Yes,No,41,Yes,Yes,Fiber optic,Yes,Yes,Yes,Yes,No,No,Two year,No,Mailed check,83.8,3458.32,4,10.0,0,0,0.154,Healthy
Female,1,Yes,No,68,Yes,Yes,DSL,Yes,Yes,Yes,No,Yes,Yes,Month-to-month,Yes,Credit card (automatic),67.65,4599.99,2,18.1,1,1,0.253,Watch
Male,0,Yes,Yes,30,Yes,No,No,No,No,No,No,No,No,Month-to-month,No,Electronic check,18.0,531.82,0,30.0,1,0,0.479,High Risk
Male,0,Yes,No,66,No,No,DSL,Yes,No,No,No,Yes,No,One year,No,Electronic check,50.77,3346.66,3,11.4,1,0,0.249,Watch
Male,0,No,No,54,Yes,Yes,DSL,Yes,No,No,Yes,Yes,Yes,Month-to-month,No,Electronic check,62.0,3381.91,1,10.4,1,0,0.539,High Risk
Female,1,No,No,65,Yes,No,Fiber optic,Yes,Yes,Yes,Yes,No,No,Month-to-month,Yes,Bank transfer (automatic),84.7,5487.4,0,18.4,0,1,0.261,Watch
Male,0,No,No,69,Yes,No,Fiber optic,Yes,Yes,Yes,No,Yes,No,Month-to-month,Yes,Mailed check,86.36,5957.54,1,0.0,1,0,0.578,High Risk
Male,0,No,Yes,7,Yes,No,DSL,No,No,No,No,Yes,Yes,Month-to-month,Yes,Credit card (automatic),51.49,346.07,1,15.3,0,0,0.647,High Risk
Male,0,No,Yes,30,Yes,Yes,No,No,No,No,No,No,No,Two year,No,Bank transfer (automatic),18.0,559.03,1,8.5,0,0,0.078,Healthy
Male,0,No,No,3,Yes,Yes,DSL,No,No,Yes,Yes,Yes,Yes,Two year,Yes,Electronic check,60.5,170.96,1,23.6,3,0,0.388,Watch
Male,1,No,No,3,Yes,Yes,No,No,No,No,No,No,No,One year,Yes,Electronic check,21.12,30.86,2,8.7,0,0,0.429,High Risk
Male,0,No,No,34,Yes,No,No,No,No,No,No,No,No,Month-to-month,Yes,Credit card (automatic),18.0,602.85,2,13.7,1,1,0.47,High Risk
Male,0,No,Yes,48,Yes,Yes,Fiber optic,Yes,Yes,Yes,No,Yes,Yes,Two year,Yes,Bank transfer (automatic),93.74,4503.27,3,13.2,0,0,0.191,Healthy
Female,0,No,Yes,64,Yes,Yes,Fiber optic,No,Yes,Yes,No,No,No,Two year,No,Bank transfer (automatic),78.75,5057.43,3,16.2,2,0,0.193,Healthy
Male,0,No,Yes,9,Yes,Yes,Fiber optic,Yes,No,No,No,Yes,No,Month-to-month,Yes,Mailed check,73.68,684.55,1,18.5,3,0,0.934,Critical Risk
Female,0,Yes,Yes,2,Yes,Yes,No,No,No,No,No,No,No,Month-to-month,Yes,Electronic check,18.0,18.19,2,16.9,2,0,0.856,Critical Risk
Female,1,Yes,No,7,Yes,No,DSL,Yes,Yes,Yes,No,Yes,No,Two year,Yes,Bank transfer (automatic),65.15,447.39,3,7.5,0,0,0.295,Watch
Female,0,Yes,Yes,67,Yes,No,No,No,No,No,No,No,No,Two year,No,Electronic check,18.0,1203.92,3,15.5,0,0,0.044,Healthy
Male,0,Yes,No,48,Yes,Yes,Fiber optic,Yes,No,No,Yes,No,No,Two year,No,Bank transfer (automatic),74.8,3588.08,4,20.4,0,0,0.144,Healthy
Male,0,Yes,Yes,35,Yes,Yes,Fiber optic,Yes,Yes,No,Yes,Yes,Yes,Two year,Yes,Credit card (automatic),94.82,3286.55,2,10.0,2,0,0.3,Watch
Female,0,Yes,No,7,Yes,Yes,Fiber optic,Yes,No,Yes,Yes,Yes,No,Month-to-month,No,Credit card (automatic),95.29,664.37,1,11.6,0,0,0.81,Critical Risk
Female,0,Yes,No,27,Yes,No,Fiber optic,No,Yes,Yes,Yes,No,No,One year,Yes,Electronic check,84.85,2275.44,1,18.2,0,0,0.436,High Risk
Female,0,No,Yes,9,Yes,No,DSL,Yes,Yes,Yes,No,No,Yes,Month-to-month,No,Mailed check,59.83,551.51,2,7.1,0,1,0.725,Critical Risk
Male,1,Yes,Yes,2,Yes,No,Fiber optic,No,No,Yes,Yes,No,Yes,Month-to-month,Yes,Bank transfer (automatic),80.91,194.77,1,17.5,1,0,0.832,Critical Risk
Male,0,Yes,No,32,Yes,No,Fiber optic,Yes,Yes,No,No,Yes,No,Month-to-month,Yes,Mailed check,82.08,2637.98,1,17.4,1,0,0.802,Critical Risk
Male,0,Yes,Yes,36,Yes,No,Fiber optic,Yes,No,Yes,Yes,Yes,Yes,Month-to-month,Yes,Bank transfer (automatic),87.29,3134.17,2,6.8,1,1,0.787,Critical Risk
Male,0,Yes,Yes,33,Yes,No,DSL,No,Yes,Yes,Yes,Yes,No,Month-to-month,Yes,Mailed check,67.55,2226.43,1,17.0,1,0,0.519,High Risk
Female,0,No,No,63,Yes,No,No,No,No,No,No,No,No,One year,No,Electronic check,18.71,1210.83,2,13.1,2,0,0.193,Healthy
Male,0,No,No,66,Yes,No,No,No,No,No,No,No,No,Month-to-month,No,Electronic check,18.1,1161.29,5,10.8,0,0,0.456,High Risk
Male,1,Yes,No,8,Yes,Yes,No,No,No,No,No,No,No,Two year,Yes,Bank transfer (automatic),20.73,169.86,0,18.7,1,0,0.113,Healthy
Female,0,No,Yes,20,Yes,Yes,No,No,No,No,No,No,No,Month-to-month,Yes,Credit card (automatic),22.6,466.56,0,8.9,2,1,0.594,High Risk
Female,1,Yes,Yes,36,Yes,No,Fiber optic,No,Yes,No,No,Yes,No,One year,No,Electronic check,84.0,3048.5,4,15.2,0,1,0.613,High Risk
Male,0,No,No,29,Yes,Yes,No,No,No,No,No,No,No,Two year,Yes,Mailed check,18.0,483.39,1,15.8,0,0,0.07,Healthy
Male,0,No,No,31,Yes,Yes,Fiber optic,Yes,No,No,Yes,Yes,Yes,Two year,No,Electronic check,86.88,2676.03,3,17.0,0,0,0.352,Watch
Female,0,No,Yes,51,Yes,Yes,DSL,Yes,Yes,Yes,Yes,Yes,Yes,Month-to-month,No,Credit card (automatic),73.49,3738.98,1,22.1,1,0,0.326,Watch
Female,0,Yes,No,13,Yes,No,DSL,Yes,No,Yes,Yes,No,Yes,Month-to-month,Yes,Electronic check,60.24,778.19,1,17.2,0,0,0.698,High Risk
Female,1,No,No,60,Yes,Yes,DSL,Yes,No,Yes,No,No,Yes,Month-to-month,No,Mailed check,51.78,3095.6,2,15.1,1,1,0.36,Watch
Female,0,No,No,19,Yes,No,DSL,No,No,Yes,No,No,Yes,One year,No,Bank transfer (automatic),55.55,1048.91,1,10.6,1,0,0.398,Watch
Female,0,No,No,25,Yes,Yes,Fiber optic,Yes,No,No,Yes,No,Yes,Month-to-month,No,Electronic check,76.93,1919.28,1,18.6,1,1,0.831,Critical Risk
Male,0,Yes,No,16,Yes,Yes,No,No,No,No,No,No,No,Month-to-month,Yes,Electronic check,19.24,305.53,2,17.3,2,0,0.809,Critical Risk
Male,1,Yes,No,46,Yes,No,DSL,No,Yes,Yes,Yes,No,No,Month-to-month,Yes,Credit card (automatic),53.24,2444.9,0,8.6,0,0,0.141,Healthy
Female,0,Yes,Yes,50,Yes,Yes,No,No,No,No,No,No,No,Month-to-month,Yes,Bank transfer (automatic),18.15,917.87,2,12.6,1,0,0.468,High Risk
Male,0,Yes,No,45,Yes,Yes,No,No,No,No,No,No,No,Two year,Yes,Mailed check,18.0,833.36,0,8.8,1,0,0.042,Healthy
Male,0,No,No,36,Yes,Yes,No,No,No,No,No,No,No,Month-to-month,Yes,Bank transfer (automatic),18.0,680.68,1,16.6,0,0,0.358,Watch
Male,1,Yes,No,22,Yes,No,Fiber optic,Yes,Yes,No,Yes,Yes,No,Two year,Yes,Bank transfer (automatic),81.86,1797.33,1,13.8,0,0,0.173,Healthy
Female,0,Yes,No,50,No,No,No,No,No,No,No,No,No,Month-to-month,Yes,Electronic check,26.01,1323.86,2,17.0,1,0,0.579,High Risk
Male,0,No,Yes,8,Yes,No,DSL,Yes,Yes,No,No,No,No,Two year,No,Credit card (automatic),46.05,372.44,2,12.5,1,0,0.206,Watch
Male,1,No,No,22,Yes,Yes,Fiber optic,No,Yes,Yes,No,No,Yes,Two year,No,Electronic check,84.5,1836.71,0,15.5,0,0,0.208,Watch
Male,0,No,No,49,Yes,Yes,DSL,Yes,Yes,Yes,Yes,Yes,No,One year,Yes,Mailed check,64.51,3145.01,2,16.1,0,0,0.137,Healthy
Male,0,No,No,50,Yes,Yes,DSL,Yes,Yes,Yes,Yes,No,No,Month-to-month,Yes,Electronic check,54.18,2728.55,0,17.6,1,0,0.377,Watch
Female,0,No,No,19,Yes,No,Fiber optic,No,Yes,No,No,No,No,Month-to-month,Yes,Mailed check,70.51,1356.05,2,14.5,0,1,0.805,Critical Risk
Male,0,No,Yes,24,Yes,No,Fiber optic,No,No,No,No,No,Yes,Two year,No,Bank transfer (automatic),78.03,1897.0,2,7.6,0,0,0.35,Watch
Female,0,Yes,No,23,Yes,Yes,No,No,No,No,No,No,No,Month-to-month,Yes,Mailed check,18.0,418.83,1,19.9,0,1,0.418,High Risk
Male,0,Yes,No,64,Yes,Yes,DSL,Yes,No,No,Yes,Yes,Yes,Month-to-month,Yes,Bank transfer (automatic),67.04,4266.14,4,20.1,0,0,0.422,High Risk
Female,0,No,No,41,Yes,No,No,No,No,No,No,No,No,Month-to-month,Yes,Electronic check,23.91,1016.77,0,22.6,0,0,0.353,Watch
Female,0,Yes,Yes,8,Yes,No,DSL,Yes,Yes,Yes,No,Yes,Yes,Two year,No,Bank transfer (automatic),66.51,533.12,0,8.4,0,0,0.174,Healthy
Female,0,Yes,No,11,Yes,Yes,Fiber optic,Yes,Yes,Yes,Yes,Yes,Yes,Two year,No,Electronic check,93.67,1021.7,2,10.7,0,0,0.369,Watch
Female,0,No,Yes,5,Yes,Yes,DSL,Yes,No,Yes,Yes,No,No,Month-to-month,Yes,Credit card (automatic),53.51,244.12,0,8.1,2,0,0.692,High Risk
Male,0,Yes,No,17,Yes,No,No,No,No,No,No,No,No,Month-to-month,Yes,Bank transfer (automatic),21.27,345.43,2,1.4,0,1,0.682,High Risk
Female,0,Yes,Yes,16,Yes,No,Fiber optic,No,No,Yes,No,Yes,Yes,Two year,No,Electronic check,76.03,1229.12,1,19.1,1,1,0.423,High Risk
Female,0,Yes,No,32,Yes,No,DSL,No,No,Yes,No,Yes,No,One year,No,Electronic check,52.25,1669.88,0,5.3,0,0,0.28,Watch
Female,0,Yes,Yes,54,Yes,Yes,No,No,No,No,No,No,No,One year,Yes,Electronic check,18.29,949.92,1,17.9,0,0,0.116,Healthy
Female,0,No,Yes,64,Yes,No,DSL,Yes,Yes,No,Yes,Yes,Yes,Two year,Yes,Electronic check,68.41,4364.93,2,5.7,2,0,0.13,Healthy
Female,0,Yes,No,40,Yes,Yes,No,No,No,No,No,No,No,Two year,Yes,Bank transfer (automatic),18.0,701.94,1,3.9,1,0,0.078,Healthy
Female,0,No,No,56,Yes,Yes,DSL,No,No,No,No,No,No,One year,Yes,Electronic check,37.45,2083.2,1,11.5,0,0,0.154,Healthy
Female,1,Yes,No,47,Yes,No,DSL,No,Yes,Yes,No,Yes,Yes,Month-to-month,No,Electronic check,65.96,3102.93,1,16.6,0,0,0.385,Watch
Female,0,No,No,23,Yes,Yes,DSL,No,Yes,Yes,No,Yes,No,Two year,Yes,Mailed check,60.88,1365.65,3,3.4,2,0,0.341,Watch
Male,0,Yes,No,44,Yes,No,Fiber optic,Yes,Yes,Yes,Yes,Yes,Yes,One year,Yes,Electronic check,97.37,4285.55,0,10.7,2,0,0.433,High Risk
Male,0,Yes,No,22,Yes,Yes,No,No,No,No,No,No,No,Month-to-month,Yes,Electronic check,18.0,443.73,0,5.0,1,0,0.63,High Risk
Male,0,No,Yes,22,Yes,No,Fiber optic,Yes,Yes,Yes,Yes,No,Yes,Month-to-month,Yes,Bank transfer (automatic),98.48,2151.45,2,18.2,0,0,0.78,Critical Risk
Male,0,Yes,Yes,72,Yes,No,DSL,Yes,Yes,No,No,Yes,Yes,One year,Yes,Credit card (automatic),59.35,4299.03,1,13.9,0,0,0.05,Healthy
Male,0,No,No,66,Yes,No,Fiber optic,No,Yes,No,Yes,No,No,Two year,Yes,Mailed check,79.13,5211.67,5,14.1,2,0,0.223,Watch
Male,1,Yes,No,47,Yes,No,Fiber optic,Yes,Yes,No,No,Yes,No,Month-to-month,Yes,Bank transfer (automatic),81.93,3824.37,2,19.3,0,1,0.595,High Risk
Male,0,Yes,Yes,43,No,No,Fiber optic,Yes,No,No,No,No,No,Month-to-month,Yes,Credit card (automatic),68.71,2905.98,2,12.6,1,0,0.684,High Risk
Male,0,Yes,No,50,Yes,No,Fiber optic,Yes,Yes,Yes,No,No,Yes,Month-to-month,No,Electronic check,88.58,4450.31,1,16.6,0,0,0.713,Critical Risk
Female,0,No,No,54,Yes,No,Fiber optic,Yes,Yes,Yes,No,No,Yes,Two year,No,Credit card (automatic),89.26,4825.99,5,23.7,1,0,0.258,Watch
Female,0,Yes,No,4,Yes,Yes,Fiber optic,Yes,No,No,Yes,Yes,Yes,Month-to-month,No,Credit card (automatic),91.59,313.57,1,14.2,2,1,0.899,Critical Risk
Female,1,Yes,Yes,26,No,No,Fiber optic,No,No,No,No,No,Yes,Month-to-month,Yes,Bank transfer (automatic),68.41,1779.05,0,3.3,1,1,0.784,Critical Risk
Male,0,No,No,7,No,No,DSL,No,No,No,No,No,Yes,Month-to-month,Yes,Mailed check,43.33,272.09,0,16.7,0,0,0.582,High Risk
Male,0,Yes,No,38,Yes,No,No,No,No,No,No,No,No,Month-to-month,No,Mailed check,18.0,728.05,0,8.9,0,0,0.303,Watch
Female,0,No,No,21,Yes,No,No,No,No,No,No,No,No,Month-to-month,No,Electronic check,21.79,457.03,1,11.5,2,1,0.762,Critical Risk
Male,0,No,No,24,No,No,Fiber optic,Yes,Yes,Yes,No,Yes,Yes,Month-to-month,Yes,Bank transfer (automatic),96.8,2315.06,0,9.9,0,0,0.759,Critical Risk
Female,0,No,Yes,61,Yes,Yes,No,No,No,No,No,No,No,One year,No,Bank transfer (automatic),18.0,1089.6,1,15.2,1,0,0.085,Healthy
Male,0,Yes,No,14,Yes,Yes,Fiber optic,No,No,Yes,Yes,Yes,No,One year,No,Bank transfer (automatic),81.59,1149.22,1,13.1,2,1,0.639,High Risk
Male,0,Yes,No,66,Yes,Yes,No,No,No,No,No,No,No,Month-to-month,Yes,Credit card (automatic),18.0,1179.9,2,12.9,1,0,0.221,Watch
Female,0,No,No,30,Yes,Yes,Fiber optic,Yes,No,Yes,No,No,Yes,One year,No,Electronic check,78.28,2325.89,0,17.8,1,0,0.515,High Risk
Male,0,No,No,13,Yes,No,Fiber optic,No,No,No,Yes,Yes,Yes,One year,No,Mailed check,83.13,1090.93,1,12.6,0,0,0.511,High Risk
Male,0,Yes,No,10,Yes,Yes,No,No,No,No,No,No,No,Month-to-month,No,Electronic check,18.0,161.41,0,15.0,0,0,0.568,High Risk
Female,0,No,Yes,52,Yes,Yes,No,No,No,No,No,No,No,Month-to-month,No,Bank transfer (automatic),18.0,954.0,1,21.3,1,1,0.335,Watch
Male,0,No,Yes,65,Yes,Yes,Fiber optic,Yes,Yes,No,Yes,Yes,No,One year,Yes,Electronic check,86.25,5631.45,2,22.2,0,0,0.213,Watch
Female,0,Yes,No,63,Yes,Yes,No,No,No,No,No,No,No,One year,Yes,Electronic check,19.68,1232.41,3,25.5,0,0,0.108,Healthy
Male,0,Yes,No,12,Yes,Yes,Fiber optic,No,No,Yes,No,No,No,Month-to-month,Yes,Electronic check,66.61,765.2,1,22.6,1,1,0.852,Critical Risk
Male,1,No,No,64,Yes,No,Fiber optic,No,No,No,Yes,Yes,No,One year,Yes,Mailed check,75.38,4818.05,1,5.0,1,1,0.189,Healthy
Female,0,No,No,16,No,No,No,No,No,No,No,No,No,Two year,Yes,Credit card (automatic),18.0,287.07,4,9.5,0,0,0.159,Healthy
Male,0,No,No,33,Yes,No,Fiber optic,Yes,Yes,Yes,Yes,Yes,No,Month-to-month,Yes,Electronic check,93.02,3041.07,2,17.8,0,0,0.779,Critical Risk
Female,0,Yes,No,0,Yes,Yes,No,No,No,No,No,No,No,Month-to-month,No,Credit card (automatic),19.47,0.0,3,16.9,0,0,0.644,High Risk
Female,0,Yes,No,18,Yes,Yes,No,No,No,No,No,No,No,Month-to-month,Yes,Bank transfer (automatic),22.21,359.0,1,12.8,0,1,0.559,High Risk
Female,1,Yes,No,23,Yes,No,DSL,No,Yes,No,Yes,Yes,Yes,Month-to-month,Yes,Credit card (automatic),62.81,1467.64,2,18.9,1,0,0.5,High Risk
Male,0,Yes,Yes,69,Yes,No,No,No,No,No,No,No,No,One year,No,Credit card (automatic),18.0,1257.96,1,7.9,0,0,0.037,Healthy
Female,0,No,No,20,Yes,No,DSL,No,No,No,Yes,No,Yes,One year,Yes,Mailed check,51.82,1009.28,3,18.3,0,1,0.292,Watch
Female,1,Yes,No,20,Yes,Yes,No,No,No,No,No,No,No,Two year,Yes,Mailed check,18.0,380.86,2,20.1,0,0,0.08,Healthy
Female,0,Yes,No,19,Yes,No,Fiber optic,Yes,Yes,No,Yes,Yes,Yes,Month-to-month,Yes,Electronic check,93.24,1775.29,3,4.2,0,0,0.908,Critical Risk
Male,0,No,No,18,Yes,Yes,Fiber optic,No,No,Yes,Yes,No,Yes,Month-to-month,Yes,Mailed check,84.27,1523.98,1,14.6,1,0,0.794,Critical Risk
Female,0,Yes,Yes,39,Yes,Yes,No,No,No,No,No,No,No,Month-to-month,Yes,Mailed check,18.0,625.39,3,15.5,0,0,0.428,High Risk
Male,0,Yes,No,15,Yes,Yes,Fiber optic,Yes,No,Yes,No,No,No,Two year,Yes,Bank transfer (automatic),68.39,1010.5,3,8.0,0,0,0.422,High Risk
Female,0,No,Yes,21,Yes,No,DSL,No,Yes,No,No,No,Yes,One year,Yes,Mailed check,46.36,994.94,3,6.1,0,0,0.35,Watch
Male,0,Yes,Yes,38,Yes,No,Fiber optic,Yes,No,No,Yes,No,Yes,Two year,Yes,Electronic check,77.88,2913.81,1,15.5,0,0,0.182,Healthy
Female,0,No,No,55,No,No,Fiber optic,No,Yes,Yes,No,No,Yes,One year,Yes,Electronic check,86.23,4775.24,1,17.1,0,0,0.304,Watch
Female,0,Yes,No,7,Yes,No,Fiber optic,No,Yes,Yes,Yes,Yes,Yes,Month-to-month,No,Bank transfer (automatic),93.67,669.14,2,13.0,0,0,0.829,Critical Risk
Male,0,Yes,No,25,Yes,Yes,DSL,No,Yes,No,Yes,Yes,Yes,One year,Yes,Mailed check,66.62,1660.25,1,11.6,0,0,0.241,Watch
Female,0,No,No,41,Yes,Yes,Fiber optic,Yes,Yes,Yes,No,Yes,No,Two year,No,Electronic check,85.43,3481.7,0,16.7,2,0,0.27,Watch
Female,0,Yes,Yes,66,Yes,No,No,No,No,No,No,No,No,Month-to-month,No,Credit card (automatic),21.23,1416.44,1,5.1,0,1,0.17,Healthy
Male,0,No,No,68,Yes,No,Fiber optic,No,No,No,No,No,No,Month-to-month,Yes,Mailed check,66.55,4530.95,1,21.9,1,0,0.464,High Risk
Male,0,Yes,Yes,63,Yes,No,No,No,No,No,No,No,No,One year,No,Electronic check,18.0,1126.79,1,27.3,1,0,0.089,Healthy
Female,0,No,No,36,Yes,Yes,Fiber optic,Yes,No,No,No,No,Yes,One year,Yes,Electronic check,75.56,2730.81,0,14.6,0,0,0.417,High Risk
Male,0,Yes,No,7,Yes,No,No,No,No,No,No,No,No,Month-to-month,Yes,Electronic check,23.13,139.3,1,22.1,1,0,0.752,Critical Risk
Male,0,No,No,70,Yes,Yes,No,No,No,No,No,No,No,Month-to-month,Yes,Electronic check,18.31,1269.04,1,19.4,1,0,0.242,Watch
Female,0,No,No,45,Yes,Yes,Fiber optic,Yes,No,No,Yes,Yes,No,Month-to-month,No,Bank transfer (automatic),82.56,3707.59,2,29.3,2,1,0.71,Critical Risk
Male,0,No,No,66,Yes,Yes,Fiber optic,No,No,Yes,No,Yes,No,Month-to-month,No,Bank transfer (automatic),74.78,4922.69,2,0.0,0,1,0.553,High Risk
Female,0,Yes,No,67,Yes,No,No,No,No,No,No,No,No,Two year,No,Credit card (automatic),20.67,1386.01,1,17.9,2,0,0.029,Healthy
Male,0,No,No,57,Yes,No,No,No,No,No,No,No,No,Month-to-month,Yes,Electronic check,21.8,1238.61,1,0.0,1,1,0.507,High Risk
Female,0,No,No,30,Yes,Yes,Fiber optic,No,No,No,No,No,No,Month-to-month,Yes,Electronic check,62.45,1885.11,1,8.3,1,1,0.854,Critical Risk
Male,0,Yes,No,44,Yes,Yes,No,No,No,No,No,No,No,Month-to-month,Yes,Bank transfer (automatic),18.01,799.3,1,13.6,2,0,0.447,High Risk
Female,0,No,Yes,50,Yes,No,No,No,No,No,No,No,No,Two year,No,Mailed check,18.0,921.27,1,11.7,1,0,0.063,Healthy
Female,1,Yes,No,64,Yes,No,DSL,Yes,No,No,Yes,Yes,Yes,Two year,Yes,Mailed check,57.59,3652.8,2,21.2,0,0,0.027,Healthy
Male,0,Yes,No,16,Yes,Yes,Fiber optic,No,Yes,Yes,Yes,No,Yes,One year,No,Electronic check,85.47,1388.69,2,24.7,0,0,0.478,High Risk
Male,0,No,Yes,40,Yes,Yes,Fiber optic,Yes,Yes,Yes,Yes,No,Yes,Month-to-month,No,Electronic check,90.82,3621.55,1,16.7,0,1,0.618,High Risk
Female,1,Yes,No,43,Yes,Yes,DSL,No,No,Yes,Yes,No,No,Two year,No,Bank transfer (automatic),51.15,2183.31,0,29.5,0,0,0.019,Healthy
Female,1,Yes,Yes,15,Yes,No,No,No,No,No,No,No,No,Month-to-month,Yes,Bank transfer (automatic),23.84,341.16,0,6.8,0,1,0.544,High Risk
Female,0,No,No,29,Yes,No,DSL,No,Yes,No,No,Yes,Yes,Month-to-month,Yes,Electronic check,55.08,1578.28,3,8.4,0,1,0.766,Critical Risk
Male,0,No,No,67,Yes,No,Fiber optic,Yes,Yes,Yes,Yes,No,No,Month-to-month,No,Credit card (automatic),88.86,5939.45,4,7.3,1,1,0.58,High Risk
Female,1,Yes,No,1,Yes,No,Fiber optic,No,Yes,No,Yes,No,Yes,Month-to-month,Yes,Bank transfer (automatic),73.8,79.85,1,20.3,2,0,0.842,Critical Risk
Female,0,Yes,No,36,Yes,Yes,Fiber optic,Yes,Yes,No,No,Yes,Yes,Month-to-month,Yes,Electronic check,89.86,3263.72,1,21.6,1,0,0.831,Critical Risk
Male,0,Yes,No,44,Yes,Yes,DSL,Yes,No,Yes,Yes,No,No,Month-to-month,Yes,Mailed check,48.96,2161.19,1,4.8,1,0,0.38,Watch
Male,0,No,No,66,Yes,No,Fiber optic,No,No,Yes,No,No,No,Month-to-month,Yes,Electronic check,69.49,4569.12,1,8.9,0,0,0.535,High Risk
Male,0,Yes,No,20,Yes,Yes,DSL,Yes,Yes,No,No,Yes,Yes,Month-to-month,Yes,Credit card (automatic),54.67,1065.42,0,12.6,2,0,0.634,High Risk
Female,0,No,No,28,Yes,No,DSL,Yes,No,Yes,No,No,Yes,One year,Yes,Electronic check,62.55,1742.55,1,10.5,0,0,0.419,High Risk
Male,0,No,No,5,Yes,No,No,No,No,No,No,No,No,One year,No,Credit card (automatic),20.19,97.16,0,10.2,0,0,0.207,Watch
Male,0,No,No,24,Yes,No,DSL,No,No,No,Yes,No,Yes,One year,No,Bank transfer (automatic),50.55,1197.05,0,12.3,0,0,0.155,Healthy
Female,0,Yes,No,72,Yes,Yes,DSL,No,No,Yes,No,No,No,Two year,No,Electronic check,47.87,3442.0,1,8.3,0,0,0.035,Healthy
Male,0,Yes,No,55,Yes,Yes,DSL,Yes,No,No,Yes,Yes,Yes,Month-to-month,No,Credit card (automatic),61.04,3350.83,1,20.2,0,0,0.242,Watch
Female,1,Yes,Yes,31,Yes,No,Fiber optic,Yes,No,Yes,No,No,Yes,Two year,No,Credit card (automatic),82.73,2592.09,2,23.9,0,1,0.169,Healthy
Female,0,Yes,No,46,Yes,Yes,DSL,No,No,No,Yes,Yes,No,Month-to-month,Yes,Bank transfer (automatic),43.73,1978.96,4,5.4,0,1,0.458,High Risk
Female,1,Yes,No,70,Yes,No,Fiber optic,No,No,No,Yes,No,Yes,One year,No,Mailed check,78.25,5478.1,1,15.9,0,0,0.088,Healthy
Female,1,No,No,32,Yes,Yes,Fiber optic,Yes,No,Yes,Yes,Yes,Yes,One year,Yes,Bank transfer (automatic),91.67,2928.99,1,17.9,1,0,0.391,Watch
Female,0,Yes,No,21,Yes,No,DSL,No,No,Yes,No,No,Yes,Month-to-month,No,Bank transfer (automatic),52.13,1102.54,0,8.5,0,0,0.553,High Risk
Female,0,Yes,Yes,64,Yes,No,DSL,Yes,Yes,No,Yes,No,No,Two year,No,Electronic check,51.93,3331.9,0,4.0,2,0,0.064,Healthy
Female,0,No,No,62,Yes,No,Fiber optic,No,Yes,Yes,No,No,Yes,One year,Yes,Mailed check,76.8,4787.22,2,12.9,0,0,0.19,Healthy
Male,1,No,No,37,Yes,Yes,No,No,No,No,No,No,No,Month-to-month,No,Credit card (automatic),18.0,664.28,0,10.5,0,0,0.21,Watch
Male,0,Yes,Yes,0,Yes,Yes,DSL,Yes,No,Yes,No,Yes,Yes,One year,No,Bank transfer (automatic),63.35,0.0,0,11.5,0,0,0.435,High Risk
Female,0,No,No,0,Yes,Yes,Fiber optic,No,No,No,No,No,No,Month-to-month,Yes,Electronic check,64.23,6.59,2,17.6,0,1,0.909,Critical Risk
Male,1,No,No,8,Yes,No,No,No,No,No,No,No,No,Month-to-month,Yes,Credit card (automatic),18.0,103.84,1,21.1,2,0,0.602,High Risk
Female,0,Yes,No,50,Yes,No,DSL,No,Yes,No,Yes,Yes,Yes,Month-to-month,Yes,Electronic check,55.01,2750.56,1,30.0,0,0,0.319,Watch
Female,1,No,Yes,12,Yes,Yes,DSL,Yes,Yes,No,No,No,Yes,Two year,No,Bank transfer (automatic),60.17,727.52,1,16.4,0,0,0.137,Healthy
Female,0,Yes,No,4,Yes,No,Fiber optic,No,Yes,Yes,No,No,No,Month-to-month,No,Electronic check,67.24,270.24,1,13.5,0,1,0.846,Critical Risk
Male,0,Yes,No,49,Yes,Yes,No,No,No,No,No,No,No,Two year,No,Electronic check,21.39,1038.38,1,6.0,1,0,0.109,Healthy
Male,0,Yes,No,35,Yes,Yes,DSL,Yes,No,No,Yes,Yes,Yes,Two year,No,Mailed check,62.88,2206.36,1,17.1,2,0,0.137,Healthy
Male,0,Yes,Yes,38,Yes,Yes,Fiber optic,No,No,Yes,No,No,No,Two year,No,Electronic check,66.46,2529.24,3,15.2,0,0,0.255,Watch
Female,0,No,Yes,14,Yes,No,Fiber optic,No,No,Yes,Yes,No,No,One year,No,Credit card (automatic),72.24,1022.8,1,13.2,1,0,0.436,High Risk
Female,1,No,No,15,Yes,No,Fiber optic,Yes,No,Yes,No,No,No,Two year,Yes,Credit card (automatic),76.73,1160.3,0,14.9,1,0,0.264,Watch
Female,0,Yes,Yes,17,Yes,Yes,Fiber optic,Yes,Yes,Yes,No,Yes,No,Month-to-month,Yes,Electronic check,94.7,1614.32,1,3.1,1,1,0.935,Critical Risk
Female,0,No,Yes,47,Yes,No,Fiber optic,No,No,Yes,Yes,No,Yes,One year,No,Credit card (automatic),83.32,3917.64,0,1.8,0,0,0.145,Healthy
Female,1,Yes,No,71,Yes,No,No,No,No,No,No,No,No,One year,No,Credit card (automatic),21.34,1506.19,2,20.8,1,0,0.042,Healthy
Female,0,Yes,No,66,Yes,No,Fiber optic,Yes,Yes,No,Yes,Yes,No,Month-to-month,Yes,Electronic check,85.25,5636.17,1,2.0,0,0,0.549,High Risk
Male,0,No,No,8,Yes,Yes,Fiber optic,Yes,No,Yes,Yes,No,Yes,One year,Yes,Electronic check,88.36,745.57,0,5.7,2,1,0.743,Critical Risk
Female,1,Yes,Yes,49,Yes,No,Fiber optic,Yes,No,Yes,Yes,No,No,One year,No,Mailed check,75.36,3712.34,1,7.3,1,1,0.279,Watch
Male,0,No,No,55,Yes,Yes,DSL,No,No,Yes,Yes,Yes,Yes,Month-to-month,Yes,Electronic check,61.43,3369.77,0,16.5,2,0,0.474,High Risk
Female,0,Yes,No,2,No,No,Fiber optic,Yes,Yes,Yes,No,Yes,Yes,Two year,No,Mailed check,91.22,161.31,0,28.4,2,0,0.429,High Risk
Female,0,No,No,46,Yes,Yes,DSL,No,No,Yes,Yes,No,No,Month-to-month,Yes,Mailed check,54.22,2500.76,0,13.7,0,0,0.23,Watch
Male,0,Yes,Yes,32,No,No,Fiber optic,Yes,Yes,Yes,No,Yes,Yes,One year,Yes,Bank transfer (automatic),94.79,3051.71,2,9.8,0,0,0.518,High Risk
Female,0,Yes,Yes,14,Yes,No,Fiber optic,Yes,Yes,No,No,Yes,No,Two year,Yes,Bank transfer (automatic),85.61,1192.65,1,22.2,1,0,0.452,High Risk
Male,0,No,No,57,Yes,Yes,No,No,No,No,No,No,No,Two year,Yes,Mailed check,18.0,1022.15,1,7.5,0,0,0.034,Healthy
Female,0,No,Yes,68,Yes,Yes,No,No,No,No,No,No,No,One year,Yes,Mailed check,24.18,1636.07,1,18.6,0,0,0.049,Healthy
Male,0,Yes,No,43,Yes,Yes,Fiber optic,Yes,Yes,Yes,No,No,No,Two year,No,Credit card (automatic),80.63,3509.2,2,16.5,1,0,0.15,Healthy
Male,0,No,Yes,14,Yes,Yes,Fiber optic,No,No,No,No,No,Yes,One year,Yes,Electronic check,66.77,938.05,2,9.9,0,0,0.682,High Risk
Female,0,Yes,Yes,31,Yes,Yes,DSL,No,Yes,Yes,No,Yes,Yes,Month-to-month,No,Electronic check,65.97,2060.05,1,13.8,0,0,0.626,High Risk
Male,0,Yes,No,37,Yes,Yes,Fiber optic,No,Yes,Yes,Yes,No,Yes,One year,Yes,Electronic check,90.45,3325.55,5,16.3,0,0,0.555,High Risk
Female,0,Yes,No,65,Yes,No,DSL,Yes,Yes,No,No,Yes,No,Month-to-month,Yes,Bank transfer (automatic),53.66,3481.86,0,11.1,0,1,0.246,Watch
Female,0,No,No,57,Yes,No,DSL,No,No,Yes,Yes,Yes,No,One year,No,Electronic check,53.3,3080.59,0,13.4,2,0,0.167,Healthy
Male,1,No,No,48,Yes,No,No,No,No,No,No,No,No,Month-to-month,No,Bank transfer (automatic),18.0,862.76,1,16.3,0,0,0.204,Watch
Male,0,No,Yes,55,Yes,Yes,No,No,No,No,No,No,No,Month-to-month,No,Mailed check,18.0,1004.22,1,18.4,1,0,0.3,Watch
Male,0,No,No,50,Yes,No,Fiber optic,No,Yes,No,No,No,Yes,Month-to-month,Yes,Mailed check,71.0,3525.85,0,4.3,1,0,0.642,High Risk
Male,0,Yes,Yes,23,Yes,Yes,DSL,Yes,No,No,No,No,No,Month-to-month,No,Bank transfer (automatic),41.21,948.13,3,14.0,0,0,0.671,High Risk
Male,0,Yes,No,9,Yes,Yes,DSL,Yes,No,Yes,Yes,No,No,One year,No,Electronic check,60.74,506.4,0,10.1,0,0,0.343,Watch
Female,1,Yes,No,61,No,No,DSL,No,No,No,No,Yes,No,Month-to-month,No,Bank transfer (automatic),43.78,2660.31,0,22.5,0,0,0.178,Healthy
Male,0,No,No,40,Yes,Yes,No,No,No,No,No,No,No,Two year,Yes,Bank transfer (automatic),18.0,719.45,1,14.1,0,0,0.046,Healthy
Female,0,Yes,Yes,70,Yes,Yes,Fiber optic,Yes,Yes,No,Yes,No,No,Month-to-month,No,Credit card (automatic),85.56,6009.33,0,13.3,0,1,0.238,Watch
Male,0,No,No,49,Yes,No,No,No,No,No,No,No,No,Month-to-month,Yes,Credit card (automatic),23.46,1146.12,1,23.0,0,1,0.267,Watch
Female,0,No,No,34,Yes,No,Fiber optic,No,Yes,No,Yes,No,No,Month-to-month,No,Electronic check,78.12,2654.37,1,7.2,2,0,0.841,Critical Risk
Female,0,No,No,47,Yes,No,Fiber optic,Yes,No,No,No,Yes,Yes,One year,Yes,Electronic check,83.32,3897.14,1,14.9,1,1,0.484,High Risk
Male,1,Yes,Yes,47,Yes,No,Fiber optic,Yes,Yes,No,No,Yes,Yes,Month-to-month,Yes,Electronic check,95.01,4462.25,1,11.2,0,0,0.714,Critical Risk
Female,0,Yes,No,71,Yes,Yes,DSL,No,Yes,No,No,No,No,Two year,Yes,Credit card (automatic),49.66,3540.64,0,26.1,0,0,0.011,Healthy
Male,0,No,No,26,No,No,Fiber optic,Yes,Yes,Yes,Yes,Yes,No,Month-to-month,Yes,Bank transfer (automatic),93.87,2388.28,0,8.8,1,0,0.776,Critical Risk
Male,0,No,No,27,Yes,No,No,No,No,No,No,No,No,Month-to-month,Yes,Credit card (automatic),18.0,503.02,0,14.6,1,0,0.433,High Risk
Female,0,Yes,No,25,Yes,No,DSL,No,Yes,No,No,Yes,Yes,One year,Yes,Credit card (automatic),52.2,1297.5,1,13.7,3,0,0.433,High Risk
Female,0,No,No,7,Yes,No,DSL,Yes,Yes,No,No,No,No,Month-to-month,Yes,Credit card (automatic),49.18,340.63,0,13.9,1,1,0.654,High Risk
Male,0,No,No,34,Yes,Yes,Fiber optic,Yes,No,No,No,No,No,One year,No,Electronic check,74.48,2523.53,1,22.3,0,0,0.472,High Risk
Male,0,Yes,No,32,Yes,No,No,No,No,No,No,No,No,Month-to-month,Yes,Mailed check,18.21,569.86,1,18.1,0,0,0.394,Watch
Male,0,No,Yes,14,Yes,No,No,No,No,No,No,No,No,One year,Yes,Electronic check,18.0,227.48,1,14.7,1,0,0.414,High Risk
Male,1,Yes,Yes,59,Yes,No,DSL,Yes,Yes,Yes,No,No,No,Month-to-month,Yes,Mailed check,53.07,3112.97,1,18.6,2,0,0.383,Watch
Male,0,No,No,50,Yes,No,Fiber optic,No,No,No,No,No,No,One year,Yes,Mailed check,66.56,3305.62,4,14.6,1,0,0.554,High Risk
Male,1,Yes,No,17,Yes,Yes,No,No,No,No,No,No,No,Month-to-month,Yes,Credit card (automatic),18.0,318.03,1,5.9,0,0,0.443,High Risk
Female,0,Yes,No,12,Yes,Yes,No,No,No,No,No,No,No,Two year,Yes,Bank transfer (automatic),19.17,259.39,1,16.0,0,0,0.104,Healthy
Male,0,Yes,Yes,45,No,No,DSL,No,No,No,Yes,No,Yes,Month-to-month,No,Bank transfer (automatic),48.25,2162.98,0,30.0,0,0,0.17,Healthy
Female,1,No,No,0,Yes,No,No,No,No,No,No,No,No,Month-to-month,Yes,Bank transfer (automatic),18.0,0.0,2,19.0,0,0,0.637,High Risk
Female,0,No,No,11,Yes,Yes,No,No,No,No,No,No,No,Month-to-month,Yes,Mailed check,18.0,195.12,0,8.5,0,0,0.499,High Risk
Female,0,Yes,No,32,Yes,No,Fiber optic,No,Yes,No,No,No,Yes,Month-to-month,Yes,Mailed check,77.07,2443.34,4,3.4,0,0,0.858,Critical Risk
Male,0,Yes,No,72,Yes,Yes,DSL,Yes,No,Yes,Yes,No,Yes,Month-to-month,No,Credit card (automatic),65.06,4691.37,0,9.0,2,0,0.209,Watch
Female,0,Yes,No,5,Yes,No,DSL,No,Yes,Yes,Yes,No,No,Month-to-month,Yes,Mailed check,57.25,283.45,1,8.9,0,0,0.612,High Risk
Female,1,Yes,Yes,38,Yes,No,DSL,Yes,No,No,Yes,Yes,No,Month-to-month,No,Mailed check,55.73,2074.46,4,15.2,0,1,0.535,High Risk
Male,0,No,No,41,Yes,Yes,No,No,No,No,No,No,No,One year,Yes,Electronic check,18.0,749.04,0,23.8,0,0,0.097,Healthy
Female,0,Yes,No,18,Yes,Yes,Fiber optic,No,No,Yes,Yes,Yes,No,Month-to-month,No,Bank transfer (automatic),78.69,1389.45,0,9.4,1,1,0.761,Critical Risk
Male,0,No,No,37,Yes,No,No,No,No,No,No,No,No,Month-to-month,Yes,Mailed check,18.0,661.16,0,11.9,1,0,0.391,Watch
Female,0,No,Yes,46,Yes,Yes,Fiber optic,Yes,Yes,No,No,No,No,One year,Yes,Credit card (automatic),70.17,3219.71,2,19.2,0,0,0.2,Watch
Male,0,Yes,No,10,Yes,Yes,No,No,No,No,No,No,No,Month-to-month,No,Electronic check,18.43,197.89,0,13.0,0,0,0.581,High Risk
Female,1,No,Yes,69,Yes,Yes,No,No,No,No,No,No,No,Two year,No,Electronic check,23.0,1576.57,2,19.2,1,0,0.038,Healthy
Male,0,No,No,17,No,No,DSL,Yes,No,No,No,No,No,Month-to-month,Yes,Electronic check,34.69,617.0,0,12.0,1,1,0.701,Critical Risk
Male,1,No,No,26,Yes,Yes,DSL,No,No,Yes,Yes,Yes,No,Month-to-month,Yes,Mailed check,54.49,1438.68,2,12.7,3,1,0.744,Critical Risk
Male,0,No,No,1,Yes,Yes,No,No,No,No,No,No,No,One year,Yes,Bank transfer (automatic),18.0,16.28,0,14.3,1,0,0.351,Watch
Male,0,Yes,No,43,Yes,No,Fiber optic,No,No,Yes,Yes,Yes,Yes,Month-to-month,Yes,Bank transfer (automatic),80.44,3499.72,0,14.5,0,0,0.442,High Risk
Male,0,Yes,No,43,Yes,No,DSL,Yes,Yes,No,Yes,Yes,Yes,Two year,Yes,Electronic check,72.33,3101.73,0,5.2,0,0,0.083,Healthy
Male,0,No,No,8,Yes,No,Fiber optic,Yes,Yes,No,No,Yes,Yes,Month-to-month,No,Electronic check,86.96,680.0,0,14.0,0,1,0.871,Critical Risk
Male,1,Yes,No,21,Yes,No,DSL,Yes,No,Yes,Yes,No,No,Month-to-month,Yes,Electronic check,58.54,1265.48,1,17.0,0,1,0.581,High Risk
Female,0,No,No,55,Yes,Yes,Fiber optic,No,Yes,Yes,Yes,No,Yes,Month-to-month,Yes,Bank transfer (automatic),84.57,4667.32,1,11.0,0,1,0.456,High Risk
Female,0,No,Yes,52,Yes,No,No,No,No,No,No,No,No,Month-to-month,Yes,Bank transfer (automatic),19.44,1028.69,1,17.1,0,0,0.307,Watch
Female,0,Yes,No,22,Yes,Yes,DSL,Yes,No,No,No,No,No,Month-to-month,No,Credit card (automatic),49.92,1113.36,2,18.8,0,0,0.589,High Risk
Female,0,Yes,No,45,No,No,DSL,Yes,Yes,Yes,Yes,Yes,No,One year,Yes,Electronic check,65.01,2941.14,0,15.8,0,0,0.103,Healthy
Male,0,Yes,No,54,Yes,No,Fiber optic,Yes,Yes,Yes,Yes,No,No,One year,Yes,Electronic check,92.61,5005.73,0,11.5,1,1,0.348,Watch
Male,1,No,No,27,Yes,No,Fiber optic,Yes,Yes,No,Yes,No,No,Month-to-month,Yes,Mailed check,83.2,2230.3,1,6.7,0,1,0.712,Critical Risk
Male,0,Yes,No,12,No,No,DSL,Yes,No,No,No,Yes,Yes,Month-to-month,No,Bank transfer (automatic),52.63,601.55,1,18.0,0,1,0.634,High Risk
Male,0,Yes,Yes,1,Yes,Yes,Fiber optic,No,No,Yes,No,No,No,Month-to-month,No,Bank transfer (automatic),71.71,62.16,1,18.9,0,1,0.841,Critical Risk
Male,0,No,No,69,Yes,Yes,Fiber optic,No,Yes,No,No,Yes,No,Month-to-month,Yes,Credit card (automatic),71.52,4939.82,2,25.8,1,0,0.378,Watch
Female,0,No,No,23,Yes,No,No,No,No,No,No,No,No,Month-to-month,Yes,Electronic check,22.29,534.82,0,4.9,1,1,0.661,High Risk
Female,0,No,No,58,Yes,Yes,Fiber optic,No,Yes,No,No,No,Yes,Two year,Yes,Credit card (automatic),79.47,4600.44,1,22.8,1,0,0.093,Healthy
Female,0,No,Yes,23,Yes,Yes,DSL,No,Yes,Yes,Yes,No,Yes,Month-to-month,Yes,Bank transfer (automatic),62.49,1402.12,0,21.3,1,0,0.447,High Risk
Male,0,Yes,No,51,Yes,No,DSL,No,Yes,Yes,Yes,Yes,No,Month-to-month,Yes,Electronic check,60.28,3102.19,0,15.7,0,0,0.33,Watch
Female,0,No,No,24,Yes,Yes,DSL,No,No,Yes,No,No,Yes,Month-to-month,No,Credit card (automatic),46.41,1138.47,0,21.1,0,0,0.328,Watch
Male,1,No,Yes,44,Yes,No,DSL,No,Yes,No,No,Yes,Yes,Two year,Yes,Electronic check,57.82,2536.48,1,15.0,0,0,0.072,Healthy
Male,1,Yes,No,69,Yes,Yes,DSL,Yes,No,No,Yes,Yes,Yes,One year,Yes,Electronic check,57.54,3976.86,2,15.4,1,0,0.111,Healthy
Male,0,Yes,Yes,55,Yes,No,No,No,No,No,No,No,No,Month-to-month,Yes,Mailed check,18.0,981.67,1,7.9,1,0,0.366,Watch
Female,0,Yes,No,12,Yes,Yes,No,No,No,No,No,No,No,One year,Yes,Mailed check,18.0,193.21,1,12.0,3,0,0.45,High Risk
Male,0,No,Yes,38,Yes,Yes,DSL,No,Yes,No,No,No,No,Two year,No,Mailed check,41.18,1562.02,1,17.4,0,0,0.051,Healthy
Male,0,No,Yes,19,Yes,No,No,No,No,No,No,No,No,Month-to-month,No,Bank transfer (automatic),18.0,310.26,1,13.6,0,0,0.514,High Risk
Male,0,No,No,16,Yes,No,Fiber optic,No,Yes,No,No,Yes,No,Month-to-month,Yes,Electronic check,75.34,1209.23,1,9.6,3,1,0.951,Critical Risk
Male,0,No,Yes,60,Yes,No,Fiber optic,Yes,No,Yes,Yes,No,No,Month-to-month,No,Credit card (automatic),79.13,4754.75,1,12.5,0,0,0.37,Watch
Male,0,Yes,Yes,71,Yes,Yes,No,No,No,No,No,No,No,Month-to-month,No,Mailed check,18.0,1260.99,1,14.2,2,0,0.232,Watch
Male,1,No,No,67,Yes,No,DSL,No,No,No,No,No,No,Month-to-month,No,Electronic check,35.51,2396.74,1,21.5,0,0,0.21,Watch
Male,1,No,Yes,61,Yes,No,Fiber optic,No,Yes,Yes,Yes,No,No,Month-to-month,Yes,Credit card (automatic),84.34,5116.13,1,20.7,3,1,0.511,High Risk
Male,0,No,Yes,34,Yes,Yes,DSL,No,Yes,No,Yes,No,Yes,Month-to-month,Yes,Credit card (automatic),53.2,1785.86,0,12.8,2,0,0.411,High Risk
Male,0,Yes,No,38,Yes,Yes,No,No,No,No,No,No,No,One year,No,Electronic check,18.3,710.35,2,11.6,1,0,0.258,Watch
Male,0,No,No,39,Yes,Yes,DSL,Yes,No,Yes,No,No,Yes,Two year,Yes,Mailed check,52.36,2050.13,1,18.8,3,0,0.16,Healthy
Female,0,No,No,53,Yes,Yes,Fiber optic,No,Yes,Yes,Yes,Yes,Yes,Month-to-month,Yes,Electronic check,93.52,4945.7,2,9.8,0,0,0.676,High Risk
Male,0,Yes,No,3,Yes,No,DSL,Yes,No,No,No,Yes,No,Two year,Yes,Mailed check,51.7,157.2,3,18.2,0,0,0.322,Watch
Female,1,No,No,60,Yes,No,Fiber optic,Yes,No,No,Yes,Yes,No,Month-to-month,No,Electronic check,79.89,4782.8,3,22.0,3,1,0.815,Critical Risk
Female,0,Yes,No,58,Yes,Yes,Fiber optic,No,Yes,Yes,No,Yes,No,Month-to-month,No,Mailed check,79.99,4627.92,0,23.6,1,0,0.463,High Risk
Male,0,Yes,No,72,Yes,Yes,Fiber optic,No,Yes,No,No,No,Yes,One year,No,Electronic check,67.7,4879.6,3,9.1,1,0,0.267,Watch
Male,0,No,No,43,Yes,No,DSL,No,Yes,Yes,No,Yes,No,Month-to-month,Yes,Mailed check,60.93,2615.09,2,15.4,1,0,0.535,High Risk
Male,0,Yes,No,33,Yes,No,DSL,No,No,Yes,Yes,Yes,Yes,Month-to-month,No,Electronic check,65.22,2143.48,1,14.4,0,1,0.549,High Risk
Male,0,No,No,34,Yes,No,DSL,Yes,Yes,No,Yes,Yes,No,Month-to-month,No,Mailed check,63.53,2152.18,5,4.7,0,1,0.717,Critical Risk
Male,0,No,No,45,No,No,DSL,Yes,Yes,Yes,Yes,Yes,Yes,Month-to-month,No,Electronic check,71.84,3280.73,0,17.3,0,0,0.308,Watch
Male,0,Yes,No,22,Yes,Yes,DSL,Yes,No,No,No,Yes,Yes,Month-to-month,No,Electronic check,54.8,1219.34,1,13.9,0,1,0.7,Critical Risk
Male,0,Yes,Yes,56,Yes,No,Fiber optic,No,Yes,No,Yes,No,Yes,Month-to-month,Yes,Mailed check,82.2,4592.25,2,12.9,1,0,0.612,High Risk
Male,0,Yes,No,32,Yes,No,Fiber optic,Yes,No,No,Yes,No,No,Month-to-month,No,Bank transfer (automatic),74.21,2354.37,2,14.3,0,1,0.724,Critical Risk
Female,0,Yes,No,20,No,No,No,No,No,No,No,No,No,Month-to-month,Yes,Mailed check,18.16,361.11,3,12.3,1,0,0.68,High Risk
Male,0,No,No,53,Yes,Yes,Fiber optic,Yes,Yes,No,Yes,No,Yes,Two year,Yes,Bank transfer (automatic),87.28,4591.37,1,10.8,1,0,0.153,Healthy
Female,1,Yes,No,24,Yes,No,DSL,No,No,No,No,No,No,Month-to-month,Yes,Credit card (automatic),37.32,921.82,2,18.9,1,1,0.532,High Risk
Male,0,No,Yes,5,Yes,No,No,No,No,No,No,No,No,Month-to-month,No,Credit card (automatic),18.0,76.44,2,13.8,0,1,0.587,High Risk
Female,0,Yes,Yes,38,Yes,Yes,DSL,Yes,No,Yes,No,Yes,No,One year,Yes,Electronic check,56.64,2150.25,0,21.0,2,0,0.334,Watch
Male,0,Yes,No,36,Yes,Yes,No,No,No,No,No,No,No,Month-to-month,Yes,Credit card (automatic),18.0,666.71,0,18.1,0,0,0.235,Watch
Female,0,No,No,21,Yes,Yes,Fiber optic,No,Yes,No,Yes,Yes,No,Two year,No,Credit card (automatic),78.93,1688.23,1,18.5,0,0,0.127,Healthy
Female,0,No,No,2,Yes,Yes,DSL,No,Yes,No,No,No,No,Month-to-month,Yes,Electronic check,46.21,79.38,0,5.6,1,0,0.822,Critical Risk
Male,0,No,Yes,34,No,No,No,No,No,No,No,No,No,Month-to-month,Yes,Credit card (automatic),18.0,625.4,1,14.1,1,0,0.391,Watch
Female,0,No,Yes,56,Yes,Yes,Fiber optic,No,No,No,Yes,No,Yes,Month-to-month,No,Credit card (automatic),76.72,4336.42,2,19.1,0,0,0.433,High Risk
Male,1,No,No,58,No,No,No,No,No,No,No,No,No,Two year,No,Bank transfer (automatic),20.9,1180.56,2,21.9,0,0,0.028,Healthy
Male,0,Yes,Yes,15,Yes,No,Fiber optic,Yes,Yes,No,No,Yes,Yes,Month-to-month,Yes,Bank transfer (automatic),88.25,1308.67,1,14.3,1,1,0.895,Critical Risk
Female,0,Yes,No,31,Yes,Yes,Fiber optic,Yes,No,No,No,No,Yes,Two year,Yes,Credit card (automatic),76.86,2388.61,3,7.5,2,0,0.475,High Risk
Female,1,No,No,65,Yes,Yes,Fiber optic,Yes,Yes,Yes,Yes,Yes,No,Month-to-month,No,Electronic check,93.79,6078.95,1,22.3,0,0,0.398,Watch
Male,0,Yes,No,25,Yes,No,Fiber optic,No,Yes,No,No,No,No,Month-to-month,Yes,Bank transfer (automatic),74.76,1857.95,2,9.6,4,1,0.956,Critical Risk
Female,0,No,No,34,Yes,No,No,No,No,No,No,No,No,Month-to-month,No,Credit card (automatic),18.0,623.57,1,3.9,0,0,0.365,Watch
Female,0,No,No,49,Yes,No,DSL,Yes,No,Yes,No,No,No,One year,No,Mailed check,51.9,2570.87,0,14.4,1,0,0.183,Healthy
Female,0,No,No,33,No,No,Fiber optic,No,Yes,No,No,No,No,Month-to-month,Yes,Electronic check,69.89,2331.5,2,13.7,0,0,0.79,Critical Risk
Male,0,No,No,61,Yes,No,DSL,Yes,No,Yes,Yes,Yes,No,One year,Yes,Mailed check,56.7,3443.02,1,21.4,0,0,0.064,Healthy
Female,0,No,No,26,Yes,Yes,Fiber optic,No,No,Yes,Yes,No,No,Two year,Yes,Credit card (automatic),73.65,1911.24,2,20.5,0,0,0.15,Healthy
Male,0,Yes,No,35,Yes,Yes,DSL,No,No,Yes,Yes,No,Yes,Two year,Yes,Bank transfer (automatic),57.14,1978.15,1,11.1,1,0,0.09,Healthy
Female,1,No,Yes,37,Yes,No,DSL,No,No,No,No,Yes,Yes,Two year,No,Mailed check,46.41,1749.97,2,8.0,1,0,0.117,Healthy
Female,0,No,Yes,54,Yes,No,Fiber optic,Yes,Yes,No,No,Yes,Yes,Two year,No,Electronic check,90.83,4913.36,3,12.2,0,0,0.317,Watch
Female,0,Yes,No,24,No,No,Fiber optic,No,No,Yes,No,No,Yes,Month-to-month,No,Bank transfer (automatic),73.78,1768.31,0,15.3,0,1,0.652,High Risk
Female,0,No,No,20,Yes,Yes,No,No,No,No,No,No,No,Month-to-month,No,Electronic check,18.0,360.04,4,18.1,2,0,0.836,Critical Risk
Female,0,Yes,No,26,Yes,Yes,DSL,Yes,Yes,Yes,No,No,Yes,Month-to-month,Yes,Credit card (automatic),67.66,1755.89,2,11.8,0,0,0.627,High Risk
Male,0,Yes,No,16,Yes,Yes,Fiber optic,Yes,No,No,Yes,Yes,Yes,Month-to-month,No,Mailed check,88.34,1402.76,1,18.2,2,1,0.879,Critical Risk
Male,0,No,No,14,Yes,Yes,DSL,Yes,No,Yes,No,Yes,No,Two year,Yes,Bank transfer (automatic),54.43,756.58,1,10.5,0,0,0.199,Healthy
Female,1,No,No,59,Yes,Yes,Fiber optic,Yes,Yes,Yes,Yes,Yes,No,Month-to-month,Yes,Credit card (automatic),86.29,5079.97,3,24.1,0,0,0.371,Watch
Male,0,Yes,No,25,Yes,No,Fiber optic,Yes,Yes,Yes,Yes,No,No,Month-to-month,Yes,Bank transfer (automatic),92.75,2328.83,0,16.1,0,0,0.712,Critical Risk
Female,0,No,Yes,19,Yes,No,DSL,Yes,No,No,No,Yes,No,Two year,Yes,Mailed check,48.28,894.01,0,6.7,0,0,0.147,Healthy
Male,0,Yes,No,59,Yes,Yes,Fiber optic,No,Yes,Yes,Yes,Yes,Yes,Month-to-month,No,Mailed check,97.03,5730.26,1,10.3,0,0,0.458,High Risk
Female,0,Yes,Yes,57,Yes,No,DSL,No,Yes,Yes,Yes,No,No,Month-to-month,No,Credit card (automatic),54.41,3066.02,0,9.6,1,0,0.205,Watch
Male,0,Yes,Yes,17,No,No,DSL,Yes,No,Yes,No,Yes,No,Month-to-month,No,Credit card (automatic),56.68,976.6,0,12.2,0,0,0.536,High Risk
Male,0,No,Yes,22,Yes,Yes,No,No,No,No,No,No,No,Two year,Yes,Mailed check,18.0,374.84,1,7.3,2,0,0.164,Healthy
Male,0,Yes,No,59,Yes,No,No,No,No,No,No,No,No,Month-to-month,Yes,Mailed check,18.0,1050.67,1,12.0,1,0,0.304,Watch
Male,0,Yes,No,20,Yes,Yes,Fiber optic,Yes,Yes,Yes,Yes,No,Yes,Month-to-month,Yes,Bank transfer (automatic),90.78,1809.56,1,11.5,1,1,0.791,Critical Risk
Male,0,No,No,62,Yes,No,DSL,Yes,Yes,Yes,Yes,Yes,No,Month-to-month,No,Electronic check,74.45,4607.18,1,15.9,1,0,0.432,High Risk
Male,0,Yes,No,45,Yes,No,DSL,No,No,Yes,Yes,Yes,No,Month-to-month,Yes,Mailed check,56.54,2594.55,2,11.5,0,1,0.358,Watch
Female,0,Yes,No,48,Yes,Yes,DSL,No,Yes,Yes,Yes,No,No,One year,No,Electronic check,59.15,2822.42,1,19.4,1,0,0.126,Healthy
Female,0,Yes,No,38,Yes,Yes,Fiber optic,Yes,No,Yes,Yes,No,No,Month-to-month,Yes,Credit card (automatic),86.88,3297.86,3,12.0,1,0,0.757,Critical Risk
Female,0,No,Yes,2,Yes,No,No,No,No,No,No,No,No,One year,Yes,Electronic check,20.85,16.64,1,7.1,0,0,0.455,High Risk
Female,0,No,No,60,Yes,Yes,Fiber optic,Yes,No,No,Yes,No,No,Month-to-month,Yes,Mailed check,80.61,4873.44,3,0.2,0,0,0.669,High Risk
Female,0,No,No,40,Yes,Yes,Fiber optic,No,Yes,Yes,No,Yes,Yes,Month-to-month,No,Credit card (automatic),86.58,3459.72,0,15.5,0,1,0.47,High Risk
Female,1,Yes,No,12,Yes,No,DSL,Yes,Yes,Yes,Yes,No,No,Month-to-month,No,Electronic check,69.17,804.8,1,11.2,0,0,0.654,High Risk
Male,0,Yes,Yes,60,Yes,Yes,Fiber optic,Yes,No,No,No,No,No,Month-to-month,Yes,Credit card (automatic),68.18,4121.33,3,5.2,0,1,0.613,High Risk
Female,0,No,Yes,21,Yes,Yes,DSL,Yes,No,Yes,Yes,No,Yes,Month-to-month,Yes,Electronic check,61.85,1311.51,0,14.3,2,0,0.726,Critical Risk
Male,1,Yes,No,26,Yes,Yes,Fiber optic,Yes,Yes,No,No,Yes,Yes,Two year,No,Electronic check,88.53,2301.15,0,9.6,0,0,0.297,Watch
Male,0,Yes,No,46,Yes,No,Fiber optic,Yes,Yes,Yes,No,Yes,Yes,Month-to-month,No,Electronic check,97.63,4490.66,2,20.7,0,1,0.734,Critical Risk
Female,0,Yes,No,20,Yes,Yes,DSL,Yes,Yes,Yes,No,Yes,Yes,One year,Yes,Credit card (automatic),72.07,1442.29,3,9.4,0,0,0.387,Watch
Male,0,Yes,No,0,Yes,No,No,No,No,No,No,No,No,Two year,No,Bank transfer (automatic),18.0,21.63,1,23.7,0,0,0.136,Healthy
Female,0,Yes,No,23,Yes,Yes,No,No,No,No,No,No,No,One year,Yes,Credit card (automatic),18.0,439.25,2,13.6,0,0,0.168,Healthy
Female,0,No,No,49,Yes,No,Fiber optic,No,Yes,Yes,No,No,No,Two year,Yes,Electronic check,76.26,3686.04,1,15.6,3,0,0.389,Watch
Female,1,No,No,30,Yes,Yes,DSL,Yes,No,Yes,Yes,No,Yes,Month-to-month,No,Electronic check,61.94,1845.71,3,17.8,1,0,0.698,High Risk
Female,0,No,Yes,52,Yes,Yes,DSL,Yes,Yes,Yes,No,No,Yes,Month-to-month,No,Mailed check,58.56,3045.91,0,17.3,0,0,0.287,Watch
Female,0,Yes,No,5,Yes,Yes,DSL,No,No,No,No,No,Yes,Month-to-month,Yes,Electronic check,44.44,206.87,3,15.1,2,0,0.91,Critical Risk
Male,0,No,No,18,Yes,Yes,Fiber optic,Yes,Yes,Yes,No,Yes,No,Month-to-month,No,Mailed check,84.33,1500.42,0,6.4,1,0,0.825,Critical Risk
Female,1,No,No,17,Yes,Yes,DSL,No,Yes,Yes,No,No,No,Month-to-month,Yes,Credit card (automatic),56.38,968.44,1,30.0,0,0,0.423,High Risk
Male,0,No,No,4,No,No,No,No,No,No,No,No,No,One year,Yes,Bank transfer (automatic),18.93,106.52,2,7.2,0,0,0.369,Watch
Male,1,Yes,Yes,47,Yes,Yes,Fiber optic,Yes,No,No,No,No,Yes,Month-to-month,No,Mailed check,78.12,3671.84,1,6.9,0,0,0.575,High Risk
Male,0,No,No,15,Yes,Yes,Fiber optic,No,No,Yes,Yes,Yes,No,One year,No,Electronic check,81.34,1213.24,0,16.3,0,0,0.466,High Risk
Male,0,Yes,No,34,Yes,Yes,No,No,No,No,No,No,No,Month-to-month,Yes,Mailed check,18.0,587.1,0,19.9,1,0,0.376,Watch
Female,0,No,No,72,Yes,Yes,Fiber optic,Yes,Yes,No,Yes,Yes,Yes,Month-to-month,No,Mailed check,92.44,6685.47,1,7.5,1,0,0.431,High Risk
Male,0,No,No,18,Yes,Yes,Fiber optic,Yes,No,No,No,Yes,Yes,Month-to-month,Yes,Mailed check,80.13,1449.97,0,22.6,1,0,0.818,Critical Risk
Female,0,No,No,14,Yes,No,No,No,No,No,No,No,No,Two year,Yes,Mailed check,18.0,257.0,2,7.1,1,0,0.215,Watch
Female,1,No,No,67,Yes,No,Fiber optic,No,No,Yes,Yes,No,No,Two year,No,Credit card (automatic),76.41,5124.15,1,19.3,0,0,0.027,Healthy
Female,0,No,No,26,Yes,No,Fiber optic,No,No,No,No,Yes,Yes,Month-to-month,Yes,Electronic check,76.51,2009.21,0,16.1,0,0,0.817,Critical Risk
Female,0,No,Yes,21,Yes,Yes,Fiber optic,Yes,Yes,Yes,No,Yes,Yes,Month-to-month,Yes,Mailed check,97.78,2046.4,1,27.8,1,0,0.824,Critical Risk
Male,0,Yes,No,52,Yes,No,Fiber optic,No,No,Yes,No,Yes,No,Month-to-month,No,Electronic check,75.13,3919.76,0,17.3,1,1,0.698,High Risk
Male,0,Yes,Yes,9,Yes,Yes,Fiber optic,No,No,Yes,Yes,Yes,No,One year,Yes,Mailed check,80.92,722.06,1,16.9,0,0,0.439,High Risk
Female,0,No,No,27,Yes,Yes,Fiber optic,No,Yes,No,No,No,No,Month-to-month,Yes,Electronic check,73.92,1982.23,2,16.1,3,0,0.941,Critical Risk
Female,0,No,No,14,Yes,Yes,DSL,Yes,Yes,No,No,Yes,Yes,Month-to-month,Yes,Mailed check,63.4,869.72,4,21.1,2,0,0.894,Critical Risk
Female,0,No,No,65,Yes,Yes,No,No,No,No,No,No,No,Month-to-month,Yes,Mailed check,22.67,1453.14,1,9.8,0,0,0.208,Watch
Male,1,Yes,No,21,No,No,Fiber optic,Yes,No,No,No,Yes,Yes,Month-to-month,No,Bank transfer (automatic),86.84,1790.18,0,12.9,0,0,0.763,Critical Risk
Male,0,No,No,41,No,No,No,No,No,No,No,No,No,Month-to-month,Yes,Credit card (automatic),18.46,788.97,1,16.7,0,0,0.234,Watch
Male,0,Yes,No,38,Yes,No,DSL,No,No,No,Yes,Yes,Yes,Month-to-month,Yes,Mailed check,54.67,2099.54,2,23.1,1,0,0.479,High Risk
Male,0,Yes,No,35,Yes,No,Fiber optic,Yes,Yes,Yes,No,Yes,No,Month-to-month,No,Bank transfer (automatic),87.47,3055.44,0,17.0,0,0,0.653,High Risk
Male,1,Yes,No,4,Yes,No,No,No,No,No,No,No,No,Month-to-month,Yes,Mailed check,18.26,72.68,3,6.7,0,0,0.704,Critical Risk
Female,0,Yes,No,19,Yes,No,Fiber optic,No,Yes,Yes,Yes,No,No,Month-to-month,Yes,Electronic check,79.52,1512.78,0,19.3,1,0,0.766,Critical Risk
Male,0,No,No,62,No,No,DSL,No,Yes,No,Yes,No,No,Two year,No,Electronic check,46.62,2902.79,2,17.4,0,0,0.034,Healthy
Female,0,Yes,Yes,40,Yes,No,Fiber optic,Yes,Yes,No,No,Yes,Yes,Month-to-month,No,Mailed check,84.45,3397.88,3,16.2,1,0,0.805,Critical Risk
Female,0,Yes,No,64,Yes,No,DSL,Yes,Yes,Yes,No,No,No,Two year,No,Bank transfer (automatic),54.35,3490.53,3,16.9,2,0,0.096,Healthy
Female,1,No,No,40,Yes,Yes,Fiber optic,No,No,Yes,No,Yes,No,One year,No,Bank transfer (automatic),70.73,2807.69,1,12.0,0,0,0.244,Watch
Male,1,Yes,No,23,Yes,Yes,DSL,No,Yes,No,No,No,No,One year,Yes,Electronic check,37.28,850.65,0,17.5,1,0,0.218,Watch
Male,0,Yes,No,25,Yes,Yes,DSL,Yes,Yes,No,Yes,Yes,No,Month-to-month,No,Bank transfer (automatic),62.06,1542.94,0,6.3,0,1,0.531,High Risk
Female,0,Yes,No,56,Yes,No,DSL,No,Yes,No,Yes,No,No,Two year,Yes,Electronic check,49.6,2707.79,2,21.2,0,0,0.052,Healthy
Male,0,Yes,No,17,Yes,No,Fiber optic,Yes,No,No,No,Yes,Yes,Month-to-month,No,Electronic check,84.92,1446.31,4,27.2,1,1,0.951,Critical Risk
Female,0,No,Yes,43,Yes,No,Fiber optic,Yes,No,Yes,Yes,No,No,Month-to-month,No,Electronic check,69.94,2956.53,2,24.4,0,1,0.564,High Risk
Female,1,Yes,Yes,68,Yes,No,DSL,No,Yes,No,Yes,Yes,No,Month-to-month,No,Bank transfer (automatic),55.39,3797.64,1,12.2,1,0,0.201,Watch
Male,0,Yes,No,61,No,No,Fiber optic,No,Yes,No,Yes,No,Yes,Month-to-month,Yes,Electronic check,80.91,4905.99,3,18.9,1,1,0.649,High Risk
Female,0,Yes,No,28,Yes,No,Fiber optic,Yes,Yes,No,No,No,Yes,Month-to-month,No,Credit card (automatic),85.75,2399.32,2,20.4,2,1,0.864,Critical Risk
Male,0,Yes,No,20,Yes,No,No,No,No,No,No,No,No,Two year,Yes,Electronic check,24.52,516.19,1,18.6,1,0,0.189,Healthy
Male,0,Yes,No,45,Yes,Yes,No,No,No,No,No,No,No,One year,Yes,Credit card (automatic),18.04,792.47,2,11.0,1,0,0.117,Healthy
Female,0,Yes,No,44,Yes,Yes,No,No,No,No,No,No,No,Two year,No,Electronic check,18.47,817.9,0,12.2,1,0,0.06,Healthy
Female,0,Yes,No,52,Yes,No,No,No,No,No,No,No,No,One year,No,Credit card (automatic),19.46,990.9,2,9.3,2,0,0.187,Healthy
Male,0,Yes,No,5,Yes,No,Fiber optic,No,Yes,Yes,No,Yes,No,Month-to-month,Yes,Electronic check,82.14,405.58,1,10.5,0,1,0.893,Critical Risk
Female,0,No,No,39,Yes,Yes,DSL,No,Yes,Yes,No,Yes,No,Month-to-month,Yes,Electronic check,54.16,2097.67,0,26.4,0,0,0.37,Watch
Female,0,Yes,No,0,Yes,Yes,No,No,No,No,No,No,No,Month-to-month,No,Electronic check,20.65,12.11,2,14.9,1,0,0.821,Critical Risk
Female,1,Yes,No,72,No,No,Fiber optic,No,No,Yes,No,Yes,Yes,Two year,No,Electronic check,84.91,6119.39,1,9.1,1,0,0.105,Healthy
Male,0,No,No,63,Yes,Yes,DSL,No,Yes,Yes,No,Yes,Yes,One year,Yes,Bank transfer (automatic),68.65,4334.23,0,18.4,0,0,0.075,Healthy
Male,0,Yes,No,54,Yes,Yes,DSL,Yes,No,Yes,No,No,Yes,Month-to-month,No,Credit card (automatic),51.01,2755.51,2,25.4,0,0,0.282,Watch
Female,0,No,No,21,Yes,No,Fiber optic,No,No,Yes,No,Yes,Yes,One year,Yes,Mailed check,72.98,1518.77,0,17.6,1,0,0.426,High Risk
Female,0,Yes,No,54,Yes,Yes,DSL,No,Yes,No,Yes,Yes,Yes,One year,Yes,Electronic check,62.66,3394.55,0,15.2,2,0,0.199,Healthy
Female,0,Yes,Yes,32,Yes,Yes,No,No,No,No,No,No,No,Two year,Yes,Electronic check,18.0,581.83,0,0.0,0,0,0.097,Healthy
Male,0,No,No,47,Yes,Yes,DSL,No,Yes,No,No,No,No,One year,Yes,Credit card (automatic),43.65,2026.23,2,10.1,0,0,0.098,Healthy
Male,0,Yes,No,16,Yes,No,DSL,No,Yes,Yes,Yes,Yes,No,One year,No,Electronic check,63.31,1029.28,3,16.9,2,1,0.583,High Risk
Female,0,Yes,No,34,No,No,DSL,Yes,Yes,Yes,No,No,Yes,Month-to-month,Yes,Mailed check,58.93,2017.73,1,24.9,1,0,0.49,High Risk
Male,1,No,No,64,Yes,Yes,Fiber optic,No,Yes,Yes,No,Yes,Yes,Month-to-month,Yes,Electronic check,86.38,5547.48,1,14.2,1,0,0.574,High Risk
Male,0,No,No,13,Yes,No,Fiber optic,No,Yes,No,Yes,Yes,Yes,Month-to-month,No,Mailed check,93.08,1218.59,1,20.0,0,1,0.786,Critical Risk
Female,0,Yes,No,28,Yes,Yes,Fiber optic,Yes,Yes,No,Yes,Yes,No,One year,No,Electronic check,80.22,2227.86,2,17.2,0,1,0.476,High Risk
Female,0,No,No,21,Yes,Yes,DSL,No,No,No,Yes,No,No,Two year,Yes,Bank transfer (automatic),42.66,896.36,2,13.7,1,0,0.146,Healthy
Male,0,Yes,Yes,13,Yes,Yes,No,No,No,No,No,No,No,One year,No,Electronic check,18.0,206.77,1,9.8,1,0,0.426,High Risk
Male,0,No,No,28,Yes,Yes,Fiber optic,No,Yes,Yes,Yes,No,Yes,Two year,No,Credit card (automatic),90.03,2533.36,1,15.2,1,0,0.172,Healthy
Male,1,Yes,No,44,Yes,No,DSL,Yes,Yes,No,Yes,No,No,One year,No,Bank transfer (automatic),54.79,2435.97,3,27.5,0,0,0.102,Healthy
Female,0,No,No,3,Yes,Yes,DSL,No,No,No,Yes,Yes,Yes,One year,Yes,Electronic check,57.42,213.42,1,1.4,0,0,0.497,High Risk
Male,0,Yes,Yes,14,No,No,Fiber optic,No,No,No,Yes,No,No,Month-to-month,No,Electronic check,69.36,962.86,2,13.0,0,1,0.846,Critical Risk
Female,0,No,Yes,59,Yes,No,Fiber optic,No,No,No,No,Yes,No,One year,No,Electronic check,70.27,4109.78,3,12.8,1,1,0.505,High Risk
Male,0,Yes,No,19,Yes,Yes,Fiber optic,Yes,No,Yes,No,No,No,Month-to-month,Yes,Mailed check,66.38,1245.35,0,12.1,0,0,0.706,Critical Risk
Female,0,No,Yes,24,Yes,No,DSL,No,Yes,Yes,Yes,Yes,Yes,Month-to-month,No,Credit card (automatic),64.12,1523.22,2,19.9,2,0,0.565,High Risk
Female,0,No,Yes,49,Yes,No,No,No,No,No,No,No,No,One year,Yes,Mailed check,20.1,972.45,0,18.3,1,0,0.12,Healthy
Female,0,No,No,54,Yes,No,DSL,Yes,No,No,No,No,Yes,One year,No,Mailed check,46.09,2523.53,0,14.1,1,0,0.14,Healthy
Female,0,No,No,70,Yes,Yes,DSL,Yes,No,No,Yes,Yes,No,Two year,Yes,Credit card (automatic),55.03,3856.27,0,14.3,0,0,0.014,Healthy
Female,0,Yes,No,11,Yes,No,Fiber optic,No,Yes,Yes,Yes,No,No,Month-to-month,Yes,Mailed check,80.45,913.18,0,17.5,0,1,0.65,High Risk
Male,0,No,No,55,Yes,Yes,Fiber optic,Yes,Yes,Yes,Yes,No,Yes,Month-to-month,No,Electronic check,95.52,5272.03,1,20.4,0,1,0.567,High Risk
Female,0,Yes,No,52,Yes,No,No,No,No,No,No,No,No,Month-to-month,Yes,Electronic check,18.0,952.43,3,23.3,0,0,0.46,High Risk
Female,0,No,No,9,Yes,No,Fiber optic,Yes,Yes,Yes,Yes,Yes,Yes,Month-to-month,No,Credit card (automatic),101.6,925.09,1,14.8,0,1,0.758,Critical Risk
Female,0,No,No,63,Yes,No,DSL,No,No,No,No,Yes,No,Month-to-month,Yes,Mailed check,43.29,2717.8,1,5.4,0,1,0.309,Watch
Male,0,Yes,Yes,22,Yes,No,No,No,No,No,No,No,No,Month-to-month,Yes,Bank transfer (automatic),18.87,426.07,1,20.0,0,1,0.464,High Risk
Female,1,Yes,No,30,Yes,Yes,Fiber optic,Yes,No,No,No,No,Yes,Two year,Yes,Bank transfer (automatic),73.57,2249.7,3,14.1,0,0,0.3,Watch
Male,0,No,No,58,No,No,Fiber optic,Yes,Yes,No,Yes,Yes,Yes,Month-to-month,Yes,Electronic check,94.79,5499.85,0,19.3,0,0,0.514,High Risk
Female,0,No,Yes,38,Yes,Yes,DSL,Yes,No,No,No,Yes,No,Two year,Yes,Electronic check,54.51,2078.76,0,29.8,0,0,0.088,Healthy
Female,1,No,No,20,Yes,Yes,DSL,Yes,Yes,Yes,Yes,Yes,No,Month-to-month,No,Electronic check,68.24,1347.0,3,14.5,1,0,0.756,Critical Risk
Male,0,No,No,23,Yes,No,No,No,No,No,No,No,No,One year,Yes,Electronic check,22.33,507.71,2,13.8,1,0,0.398,Watch
Female,0,Yes,No,54,Yes,No,No,No,No,No,No,No,No,One year,Yes,Bank transfer (automatic),24.11,1293.44,1,8.2,0,0,0.121,Healthy
Female,0,No,No,13,Yes,Yes,No,No,No,No,No,No,No,Month-to-month,No,Credit card (automatic),18.0,268.31,2,24.6,2,0,0.668,High Risk
Male,0,No,No,34,Yes,No,No,No,No,No,No,No,No,Month-to-month,No,Bank transfer (automatic),18.0,608.9,1,0.2,1,0,0.547,High Risk
Male,0,No,No,54,No,No,Fiber optic,Yes,No,Yes,No,No,No,One year,Yes,Credit card (automatic),73.73,3986.26,1,15.1,0,0,0.2,Watch
Male,0,No,No,64,Yes,No,Fiber optic,No,No,No,Yes,Yes,Yes,Month-to-month,No,Credit card (automatic),84.97,5470.71,2,19.9,0,0,0.389,Watch
Female,0,No,Yes,60,Yes,Yes,DSL,No,Yes,No,Yes,Yes,Yes,Month-to-month,No,Credit card (automatic),63.12,3801.95,1,13.7,0,0,0.189,Healthy
Female,0,No,Yes,26,Yes,No,No,No,No,No,No,No,No,One year,Yes,Bank transfer (automatic),19.73,516.39,1,7.1,3,0,0.473,High Risk
Female,0,No,Yes,14,Yes,No,Fiber optic,No,No,Yes,Yes,Yes,No,Month-to-month,Yes,Mailed check,84.51,1189.01,0,6.7,1,0,0.834,Critical Risk
Female,0,No,No,68,No,No,Fiber optic,No,No,Yes,Yes,No,Yes,Two year,Yes,Mailed check,80.63,5485.89,1,13.0,1,0,0.06,Healthy
Female,0,No,Yes,43,Yes,Yes,Fiber optic,Yes,Yes,No,No,No,No,Month-to-month,No,Electronic check,73.85,3197.72,0,18.3,1,0,0.681,High Risk
Male,0,Yes,Yes,29,Yes,No,DSL,Yes,Yes,No,Yes,Yes,Yes,Month-to-month,No,Credit card (automatic),59.43,1715.38,1,15.9,1,0,0.465,High Risk
Male,0,Yes,No,65,Yes,No,No,No,No,No,No,No,No,One year,No,Electronic check,18.0,1165.83,2,9.9,0,1,0.1,Healthy
Male,0,No,No,53,Yes,No,No,No,No,No,No,No,No,One year,Yes,Electronic check,18.0,944.52,0,21.2,0,0,0.094,Healthy
Male,0,No,No,34,Yes,Yes,Fiber optic,No,Yes,Yes,Yes,No,Yes,Month-to-month,Yes,Electronic check,85.41,2926.59,2,20.7,0,1,0.689,High Risk
Female,0,No,No,14,Yes,Yes,DSL,No,Yes,No,Yes,No,Yes,Month-to-month,No,Electronic check,62.01,892.92,1,9.8,0,0,0.696,High Risk
Male,0,No,Yes,5,Yes,No,No,No,No,No,No,No,No,Month-to-month,No,Credit card (automatic),19.84,101.03,0,8.3,1,0,0.602,High Risk
Male,1,Yes,No,38,Yes,Yes,Fiber optic,Yes,Yes,No,No,Yes,Yes,Month-to-month,Yes,Credit card (automatic),88.83,3381.12,1,20.3,2,0,0.724,Critical Risk
Male,0,Yes,No,8,Yes,Yes,Fiber optic,No,No,No,No,No,No,Month-to-month,Yes,Electronic check,62.41,532.07,1,13.0,0,1,0.867,Critical Risk
Male,0,No,No,22,Yes,No,No,No,No,No,No,No,No,Month-to-month,No,Credit card (automatic),24.7,556.56,2,16.1,0,0,0.489,High Risk
Male,0,No,No,49,Yes,No,Fiber optic,Yes,No,Yes,Yes,Yes,Yes,Month-to-month,No,Bank transfer (automatic),91.34,4460.7,1,20.1,0,0,0.586,High Risk
Male,1,Yes,No,0,Yes,No,Fiber optic,No,Yes,Yes,No,No,Yes,One year,Yes,Electronic check,79.13,0.0,0,4.9,0,0,0.62,High Risk
Female,0,Yes,Yes,72,Yes,Yes,Fiber optic,No,Yes,No,No,Yes,Yes,Month-to-month,Yes,Electronic check,81.79,5894.94,2,15.4,1,0,0.603,High Risk
Male,0,Yes,Yes,31,Yes,No,Fiber optic,No,Yes,Yes,Yes,Yes,No,Month-to-month,No,Mailed check,85.99,2694.71,1,15.3,1,0,0.7,Critical Risk
Male,0,Yes,Yes,63,Yes,No,DSL,No,No,No,No,Yes,Yes,Two year,No,Electronic check,47.62,3011.43,1,9.8,0,0,0.056,Healthy
Male,0,No,No,12,Yes,No,DSL,No,No,Yes,Yes,No,No,Month-to-month,Yes,Bank transfer (automatic),47.0,553.78,1,8.1,0,1,0.546,High Risk
Female,1,Yes,Yes,33,Yes,Yes,Fiber optic,Yes,Yes,No,No,Yes,Yes,Month-to-month,Yes,Electronic check,86.15,2867.57,0,11.0,0,1,0.743,Critical Risk
Female,0,Yes,No,69,Yes,No,DSL,No,No,Yes,No,Yes,Yes,Month-to-month,Yes,Credit card (automatic),60.47,4163.06,0,3.5,1,1,0.26,Watch
Female,0,No,Yes,46,Yes,No,No,No,No,No,No,No,No,Month-to-month,No,Bank transfer (automatic),18.51,851.51,1,6.0,1,0,0.382,Watch
Female,0,No,No,59,Yes,No,Fiber optic,No,Yes,Yes,Yes,Yes,No,Month-to-month,Yes,Mailed check,92.53,5508.71,0,20.9,0,0,0.375,Watch
Female,0,No,No,50,Yes,No,Fiber optic,Yes,No,Yes,Yes,Yes,No,Two year,Yes,Mailed check,89.15,4448.47,0,9.1,1,0,0.166,Healthy
Female,0,Yes,Yes,53,No,No,DSL,No,No,Yes,Yes,No,No,Month-to-month,Yes,Mailed check,43.05,2284.87,1,6.3,0,0,0.256,Watch
Male,0,Yes,Yes,26,Yes,No,Fiber optic,No,No,Yes,Yes,Yes,Yes,Month-to-month,No,Credit card (automatic),79.58,2076.6,2,13.7,1,0,0.739,Critical Risk
Female,0,Yes,No,33,Yes,Yes,Fiber optic,Yes,Yes,No,Yes,Yes,No,Month-to-month,Yes,Mailed check,94.29,3088.12,0,10.2,1,1,0.747,Critical Risk
Male,0,No,Yes,3,Yes,Yes,Fiber optic,Yes,No,No,Yes,Yes,No,Month-to-month,Yes,Credit card (automatic),81.62,265.76,0,10.5,0,0,0.782,Critical Risk
Male,0,Yes,Yes,18,Yes,Yes,DSL,No,Yes,No,No,Yes,No,Month-to-month,Yes,Bank transfer (automatic),49.28,888.61,1,21.2,0,0,0.573,High Risk
Female,0,No,No,4,No,No,Fiber optic,Yes,No,Yes,Yes,Yes,No,Two year,Yes,Bank transfer (automatic),87.84,359.47,0,27.0,0,0,0.243,Watch
Male,1,No,No,23,Yes,No,No,No,No,No,No,No,No,Month-to-month,Yes,Bank transfer (automatic),22.62,520.33,1,18.3,0,0,0.437,High Risk
Male,0,No,No,52,Yes,Yes,Fiber optic,No,Yes,No,Yes,No,No,One year,Yes,Bank transfer (automatic),77.71,4018.78,2,5.5,1,0,0.361,Watch
Female,0,Yes,No,14,Yes,No,Fiber optic,Yes,Yes,Yes,Yes,No,No,Month-to-month,Yes,Mailed check,87.59,1242.86,1,12.1,0,0,0.784,Critical Risk
Male,0,Yes,No,34,Yes,No,Fiber optic,Yes,Yes,Yes,Yes,Yes,No,One year,Yes,Electronic check,93.32,3199.53,0,19.1,0,1,0.344,Watch
Male,0,No,No,40,Yes,No,Fiber optic,No,Yes,Yes,Yes,Yes,Yes,Two year,Yes,Mailed check,97.11,3863.17,1,12.5,0,0,0.125,Healthy
Female,0,Yes,No,11,Yes,Yes,Fiber optic,Yes,Yes,Yes,No,Yes,No,Month-to-month,No,Bank transfer (automatic),87.1,960.8,3,11.9,1,0,0.916,Critical Risk
Female,0,No,No,59,Yes,No,Fiber optic,Yes,Yes,Yes,No,No,No,Month-to-month,Yes,Electronic check,85.15,5045.84,1,14.5,0,0,0.646,High Risk
Male,0,Yes,No,56,Yes,No,DSL,Yes,Yes,No,No,Yes,No,Month-to-month,No,Mailed check,54.56,3050.79,2,23.0,1,1,0.455,High Risk
Female,0,No,No,13,Yes,No,DSL,No,Yes,No,Yes,No,Yes,Month-to-month,Yes,Electronic check,65.23,846.98,1,5.0,0,0,0.761,Critical Risk
Female,0,No,No,2,Yes,Yes,Fiber optic,Yes,No,Yes,No,No,No,Month-to-month,Yes,Mailed check,76.21,160.24,0,14.7,2,1,0.914,Critical Risk
Male,0,Yes,No,0,Yes,No,No,No,No,No,No,No,No,Month-to-month,Yes,Electronic check,18.0,0.0,3,2.2,0,1,0.832,Critical Risk
Male,0,No,No,21,No,No,Fiber optic,No,Yes,Yes,No,No,Yes,Month-to-month,Yes,Bank transfer (automatic),76.03,1604.68,0,20.7,3,0,0.828,Critical Risk
Male,0,No,No,9,Yes,Yes,Fiber optic,Yes,No,Yes,Yes,No,No,Month-to-month,No,Bank transfer (automatic),88.8,787.89,0,15.1,1,1,0.83,Critical Risk
Male,0,No,Yes,1,Yes,Yes,No,No,No,No,No,No,No,Month-to-month,No,Mailed check,23.71,29.76,2,10.8,0,1,0.707,Critical Risk
Male,0,Yes,No,33,Yes,No,Fiber optic,No,No,Yes,Yes,No,No,Month-to-month,Yes,Electronic check,80.07,2637.5,0,18.4,0,0,0.666,High Risk
Male,0,Yes,No,38,Yes,Yes,DSL,No,Yes,No,No,Yes,No,One year,No,Electronic check,49.46,1883.68,1,10.6,2,0,0.36,Watch
Male,1,No,No,1,No,No,DSL,Yes,Yes,Yes,Yes,Yes,No,Month-to-month,No,Electronic check,65.64,76.33,3,6.6,0,0,0.783,Critical Risk
Male,0,Yes,No,43,Yes,No,No,No,No,No,No,No,No,Month-to-month,Yes,Credit card (automatic),18.0,760.54,2,25.0,0,0,0.244,Watch
Male,0,No,No,29,Yes,Yes,Fiber optic,Yes,Yes,Yes,No,No,Yes,Month-to-month,Yes,Electronic check,91.96,2655.78,1,13.0,1,1,0.879,Critical Risk
Male,0,Yes,No,14,Yes,No,Fiber optic,No,No,Yes,Yes,No,Yes,One year,No,Mailed check,77.91,1092.12,1,14.8,0,0,0.411,High Risk
Male,0,No,No,8,Yes,Yes,Fiber optic,Yes,No,Yes,Yes,Yes,Yes,Month-to-month,No,Mailed check,89.4,691.57,0,20.6,2,0,0.839,Critical Risk
Male,0,Yes,Yes,55,Yes,No,Fiber optic,No,No,Yes,Yes,Yes,No,One year,Yes,Bank transfer (automatic),90.11,4945.95,4,23.4,0,0,0.368,Watch
Female,0,No,No,7,Yes,Yes,Fiber optic,Yes,No,No,Yes,No,Yes,One year,No,Bank transfer (automatic),80.92,546.35,2,14.4,0,0,0.576,High Risk
Male,0,Yes,No,14,Yes,No,Fiber optic,Yes,No,No,No,Yes,No,Month-to-month,No,Mailed check,71.66,1002.2,1,26.6,2,1,0.89,Critical Risk
Female,0,Yes,Yes,52,Yes,No,DSL,Yes,Yes,Yes,No,No,No,Month-to-month,No,Mailed check,57.94,3026.35,2,18.6,0,0,0.425,High Risk
Female,0,Yes,No,45,Yes,No,DSL,No,Yes,Yes,Yes,Yes,Yes,Two year,No,Credit card (automatic),70.53,3193.26,1,24.6,0,0,0.025,Healthy
Female,0,No,No,72,Yes,No,Fiber optic,No,No,No,No,Yes,Yes,Month-to-month,Yes,Electronic check,72.64,5257.83,2,10.5,1,1,0.634,High Risk
Female,0,Yes,Yes,2,Yes,No,DSL,Yes,No,Yes,Yes,No,Yes,One year,Yes,Mailed check,59.53,122.96,3,10.8,0,0,0.453,High Risk
Male,0,No,No,14,Yes,Yes,No,No,No,No,No,No,No,One year,No,Electronic check,19.3,247.45,2,15.5,2,0,0.54,High Risk
Female,0,Yes,No,48,Yes,Yes,DSL,Yes,No,No,No,Yes,Yes,Month-to-month,Yes,Electronic check,54.88,2610.74,1,9.3,0,0,0.497,High Risk
Male,0,No,No,16,Yes,No,Fiber optic,No,Yes,Yes,Yes,No,No,One year,No,Electronic check,78.99,1272.49,1,22.9,2,1,0.6,High Risk
Male,1,No,Yes,27,No,No,Fiber optic,No,No,Yes,Yes,No,Yes,Month-to-month,Yes,Electronic check,79.4,2136.93,1,10.9,2,1,0.838,Critical Risk
Male,0,Yes,No,21,Yes,Yes,Fiber optic,Yes,No,No,Yes,No,Yes,One year,Yes,Mailed check,79.03,1642.76,7,10.4,1,1,0.805,Critical Risk
Male,0,Yes,No,59,Yes,Yes,DSL,No,Yes,No,Yes,No,Yes,Two year,No,Bank transfer (automatic),53.45,3172.42,0,4.1,0,0,0.025,Healthy
Male,1,Yes,No,57,Yes,Yes,No,No,No,No,No,No,No,One year,No,Credit card (automatic),18.0,1057.79,2,9.9,0,0,0.061,Healthy
Male,0,No,Yes,58,Yes,Yes,Fiber optic,No,No,No,Yes,No,No,Month-to-month,Yes,Credit card (automatic),69.15,4020.2,3,0.1,0,0,0.547,High Risk
Female,0,No,Yes,36,Yes,No,DSL,Yes,Yes,No,No,No,Yes,One year,No,Credit card (automatic),57.13,2075.08,1,11.3,0,0,0.162,Healthy
Female,0,Yes,No,35,Yes,No,DSL,Yes,No,Yes,No,No,No,One year,No,Mailed check,50.2,1747.8,0,1.4,0,0,0.195,Healthy
Male,0,No,No,41,Yes,Yes,No,No,No,No,No,No,No,Month-to-month,Yes,Mailed check,18.0,729.99,2,8.2,0,0,0.379,Watch
Female,0,No,Yes,4,Yes,No,Fiber optic,Yes,Yes,Yes,No,No,Yes,Month-to-month,No,Mailed check,86.08,284.12,0,9.6,0,1,0.828,Critical Risk
Male,0,No,No,39,Yes,Yes,Fiber optic,No,No,Yes,No,No,Yes,Month-to-month,No,Credit card (automatic),73.94,2905.69,1,12.8,1,1,0.623,High Risk
Male,0,No,No,20,Yes,Yes,DSL,No,No,Yes,No,No,Yes,One year,No,Bank transfer (automatic),42.72,869.16,1,16.7,1,0,0.267,Watch
Female,0,No,No,68,Yes,No,Fiber optic,No,Yes,No,No,Yes,Yes,One year,Yes,Bank transfer (automatic),78.01,5305.28,0,14.2,2,0,0.219,Watch
Female,0,No,No,13,Yes,Yes,DSL,No,Yes,Yes,No,Yes,No,Two year,No,Electronic check,61.11,820.84,1,16.7,1,0,0.292,Watch
Male,0,No,No,2,Yes,Yes,DSL,Yes,No,Yes,Yes,Yes,No,Two year,Yes,Credit card (automatic),66.18,141.68,1,19.1,0,0,0.148,Healthy
Male,0,Yes,No,70,Yes,No,Fiber optic,Yes,Yes,Yes,No,Yes,Yes,Two year,Yes,Mailed check,88.51,6197.58,4,16.9,0,0,0.113,Healthy
Male,1,No,No,11,Yes,Yes,No,No,No,No,No,No,No,Two year,No,Bank transfer (automatic),18.0,221.55,0,13.7,0,0,0.07,Healthy
Male,0,No,No,37,Yes,Yes,Fiber optic,No,No,Yes,Yes,No,Yes,Month-to-month,No,Credit card (automatic),84.0,3099.29,0,22.2,0,0,0.41,High Risk
Male,1,No,Yes,27,Yes,Yes,DSL,Yes,Yes,Yes,No,No,No,Month-to-month,Yes,Electronic check,57.17,1534.81,1,14.6,0,0,0.618,High Risk
Female,0,Yes,No,19,Yes,No,Fiber optic,No,No,No,No,Yes,No,Month-to-month,Yes,Electronic check,68.04,1284.6,0,7.0,1,0,0.88,Critical Risk
Female,0,No,No,35,No,No,No,No,No,No,No,No,No,One year,Yes,Credit card (automatic),20.56,697.04,0,15.5,1,0,0.114,Healthy
Male,0,Yes,No,53,Yes,No,Fiber optic,No,No,Yes,Yes,No,No,One year,No,Electronic check,77.64,4151.79,2,16.5,1,0,0.391,Watch
Female,0,No,Yes,8,Yes,No,DSL,Yes,Yes,Yes,No,No,No,Two year,No,Electronic check,56.48,433.31,2,10.8,1,0,0.365,Watch
Male,0,Yes,No,48,Yes,No,Fiber optic,Yes,Yes,Yes,Yes,Yes,No,One year,Yes,Credit card (automatic),98.29,4713.05,3,21.6,0,0,0.233,Watch
Male,1,No,No,65,No,No,Fiber optic,Yes,No,No,No,No,No,One year,No,Mailed check,72.5,4719.49,1,14.9,0,0,0.152,Healthy
Male,0,Yes,No,21,Yes,Yes,DSL,Yes,Yes,No,Yes,Yes,Yes,Two year,Yes,Credit card (automatic),70.14,1484.07,1,8.7,0,0,0.098,Healthy
Female,0,Yes,No,49,Yes,No,No,No,No,No,No,No,No,Two year,Yes,Credit card (automatic),20.3,1007.38,0,6.0,1,0,0.05,Healthy
Female,0,Yes,No,67,Yes,No,DSL,No,No,No,Yes,No,Yes,Month-to-month,No,Electronic check,52.64,3496.96,0,5.9,1,0,0.308,Watch
Female,0,Yes,Yes,68,Yes,Yes,Fiber optic,No,No,No,Yes,No,Yes,Month-to-month,No,Electronic check,77.11,5217.82,3,26.9,0,1,0.48,High Risk
Male,0,Yes,Yes,47,Yes,No,Fiber optic,Yes,No,No,No,Yes,No,Two year,Yes,Electronic check,78.63,3703.86,1,14.4,1,0,0.272,Watch
Female,1,No,No,68,Yes,Yes,Fiber optic,Yes,No,No,No,Yes,No,One year,Yes,Electronic check,74.9,5124.61,2,17.0,0,0,0.242,Watch
Male,0,No,Yes,56,Yes,Yes,DSL,Yes,No,No,No,Yes,Yes,Month-to-month,No,Electronic check,54.79,3098.72,0,10.3,0,0,0.437,High Risk
Male,0,No,No,37,Yes,Yes,Fiber optic,No,Yes,No,Yes,Yes,No,Month-to-month,No,Credit card (automatic),79.24,2955.18,1,18.7,1,0,0.548,High Risk
Female,0,No,No,9,Yes,No,Fiber optic,No,No,No,No,No,Yes,One year,Yes,Credit card (automatic),67.18,601.22,1,13.2,1,0,0.549,High Risk
Male,0,Yes,No,62,Yes,No,No,No,No,No,No,No,No,One year,Yes,Mailed check,18.0,1107.57,0,12.9,0,0,0.05,Healthy
Female,1,No,No,20,Yes,Yes,DSL,Yes,Yes,No,No,Yes,Yes,Two year,No,Mailed check,65.5,1286.84,1,13.1,2,0,0.235,Watch
Female,1,No,No,53,Yes,No,DSL,Yes,No,No,Yes,No,No,Month-to-month,No,Mailed check,48.35,2573.68,1,6.5,0,0,0.301,Watch
Female,0,Yes,No,47,Yes,No,No,No,No,No,No,No,No,Two year,Yes,Credit card (automatic),21.22,1015.02,0,18.2,0,0,0.021,Healthy
Male,1,No,Yes,26,Yes,No,Fiber optic,No,No,Yes,No,Yes,Yes,Two year,No,Electronic check,86.02,2241.94,1,24.4,0,0,0.287,Watch
Male,0,No,Yes,56,Yes,No,Fiber optic,Yes,No,No,No,No,No,One year,Yes,Electronic check,71.01,3998.83,1,16.0,0,0,0.355,Watch
Female,0,No,No,47,Yes,No,Fiber optic,Yes,Yes,Yes,Yes,Yes,No,One year,Yes,Electronic check,86.11,4061.42,0,13.3,0,0,0.204,Watch
Female,0,No,No,54,Yes,Yes,DSL,Yes,Yes,No,Yes,Yes,No,Month-to-month,Yes,Bank transfer (automatic),64.65,3500.41,2,9.0,0,0,0.432,High Risk
Female,0,Yes,No,69,Yes,Yes,No,No,No,No,No,No,No,Month-to-month,No,Bank transfer (automatic),20.63,1423.52,1,12.4,0,0,0.165,Healthy
Female,0,No,No,20,Yes,No,Fiber optic,No,No,No,Yes,Yes,Yes,Month-to-month,Yes,Credit card (automatic),78.58,1538.81,0,9.4,2,1,0.781,Critical Risk
Male,0,Yes,No,55,Yes,No,No,No,No,No,No,No,No,Month-to-month,Yes,Electronic check,20.3,1116.98,0,4.0,0,0,0.358,Watch
Male,0,No,Yes,2,No,No,Fiber optic,No,No,No,No,Yes,Yes,Month-to-month,No,Mailed check,78.18,130.09,2,12.2,0,1,0.892,Critical Risk
Female,1,Yes,Yes,51,Yes,Yes,No,No,No,No,No,No,No,One year,Yes,Electronic check,18.0,918.07,0,13.1,0,0,0.097,Healthy
Male,1,No,No,11,Yes,No,DSL,Yes,No,No,Yes,No,Yes,Month-to-month,No,Electronic check,58.98,596.22,2,15.6,1,0,0.773,Critical Risk
Female,0,No,No,16,Yes,No,DSL,Yes,No,No,Yes,No,No,Two year,Yes,Credit card (automatic),49.81,792.3,3,21.1,1,0,0.184,Healthy
Male,0,Yes,No,14,Yes,No,Fiber optic,Yes,Yes,No,Yes,Yes,Yes,Two year,Yes,Mailed check,89.29,1261.7,0,16.2,0,0,0.224,Watch
Female,0,Yes,No,60,Yes,Yes,No,No,No,No,No,No,No,Month-to-month,Yes,Bank transfer (automatic),18.48,1077.52,1,9.4,0,0,0.242,Watch
Female,0,Yes,No,27,No,No,Fiber optic,Yes,Yes,No,No,Yes,Yes,Two year,No,Mailed check,88.93,2411.95,4,17.2,0,0,0.414,High Risk
Male,0,No,No,28,Yes,Yes,Fiber optic,Yes,Yes,Yes,Yes,No,No,Month-to-month,Yes,Mailed check,91.08,2533.28,1,9.1,0,0,0.725,Critical Risk
Male,0,No,Yes,26,Yes,Yes,DSL,No,No,Yes,No,Yes,No,Two year,Yes,Electronic check,52.29,1365.89,0,12.6,0,0,0.152,Healthy
Female,0,Yes,Yes,45,Yes,No,Fiber optic,No,Yes,Yes,Yes,Yes,No,One year,No,Credit card (automatic),89.61,4028.79,0,14.2,0,0,0.128,Healthy
Male,0,No,Yes,66,Yes,No,Fiber optic,Yes,Yes,Yes,No,No,Yes,Month-to-month,No,Electronic check,85.3,5625.93,2,16.6,0,0,0.571,High Risk
Female,0,No,Yes,49,Yes,Yes,Fiber optic,No,No,Yes,No,Yes,Yes,One year,Yes,Bank transfer (automatic),81.03,3995.07,4,12.9,2,0,0.67,High Risk
Female,0,Yes,No,7,Yes,Yes,Fiber optic,Yes,No,No,No,Yes,No,One year,Yes,Credit card (automatic),73.43,528.1,0,3.6,1,1,0.616,High Risk
Female,1,No,No,37,Yes,No,DSL,Yes,No,Yes,No,No,Yes,Two year,Yes,Electronic check,54.53,1980.24,0,11.9,0,0,0.085,Healthy
Male,0,Yes,Yes,7,Yes,Yes,Fiber optic,Yes,No,Yes,No,No,No,One year,Yes,Mailed check,76.48,518.53,2,8.9,0,1,0.658,High Risk
Female,0,Yes,Yes,12,Yes,No,DSL,No,Yes,No,No,No,Yes,One year,Yes,Bank transfer (automatic),51.75,610.62,1,9.5,0,0,0.321,Watch
Male,0,Yes,Yes,14,Yes,Yes,DSL,Yes,No,No,No,No,No,One year,Yes,Electronic check,40.03,587.47,3,9.3,0,0,0.558,High Risk
Female,0,Yes,Yes,50,Yes,No,DSL,No,No,Yes,Yes,Yes,Yes,Two year,No,Electronic check,65.04,3243.5,1,12.8,0,0,0.081,Healthy
Female,0,No,Yes,63,Yes,Yes,No,No,No,No,No,No,No,One year,Yes,Electronic check,19.23,1189.59,0,16.4,0,0,0.066,Healthy
Male,0,No,Yes,18,Yes,Yes,DSL,No,No,No,No,No,Yes,One year,No,Electronic check,48.27,862.0,2,18.1,1,0,0.506,High Risk
Male,0,Yes,Yes,68,Yes,Yes,DSL,Yes,No,No,No,Yes,Yes,Month-to-month,No,Electronic check,53.11,3600.61,2,10.4,1,0,0.485,High Risk
Male,0,No,No,19,Yes,No,Fiber optic,No,Yes,Yes,Yes,No,No,Two year,Yes,Bank transfer (automatic),87.06,1642.63,0,4.3,3,1,0.438,High Risk
Female,0,Yes,No,22,Yes,No,Fiber optic,Yes,Yes,No,Yes,No,Yes,Two year,Yes,Electronic check,82.71,1820.51,1,9.0,1,0,0.351,Watch
Male,0,Yes,Yes,9,Yes,No,No,No,No,No,No,No,No,Month-to-month,Yes,Bank transfer (automatic),18.0,176.76,1,21.3,0,1,0.547,High Risk
Male,0,No,No,3,Yes,No,Fiber optic,No,Yes,No,No,Yes,No,Two year,Yes,Mailed check,76.57,241.09,0,17.8,1,0,0.391,Watch
Female,0,No,Yes,45,Yes,Yes,Fiber optic,No,Yes,Yes,Yes,Yes,No,Month-to-month,No,Mailed check,77.77,3530.65,3,19.8,0,0,0.482,High Risk
Female,0,No,No,29,Yes,Yes,DSL,No,Yes,Yes,No,No,No,One year,No,Electronic check,52.63,1535.52,2,14.4,0,1,0.322,Watch
Female,0,Yes,No,8,Yes,No,DSL,No,Yes,Yes,No,Yes,Yes,Two year,No,Bank transfer (automatic),62.22,509.19,1,11.8,0,0,0.176,Healthy
Female,0,Yes,No,41,No,No,DSL,No,Yes,Yes,Yes,No,Yes,Month-to-month,No,Bank transfer (automatic),64.33,2641.9,1,6.2,3,0,0.591,High Risk
Female,0,Yes,No,25,Yes,No,Fiber optic,No,No,No,Yes,Yes,No,One year,No,Electronic check,71.7,1780.32,1,19.2,1,1,0.541,High Risk
Female,0,No,No,28,Yes,No,DSL,No,No,Yes,Yes,Yes,Yes,Two year,Yes,Credit card (automatic),68.48,1906.89,3,15.6,2,0,0.227,Watch
Male,0,Yes,Yes,64,Yes,Yes,No,No,No,No,No,No,No,Two year,No,Bank transfer (automatic),23.88,1507.23,2,11.1,0,0,0.035,Healthy
Female,0,No,No,29,Yes,No,No,No,No,No,No,No,No,One year,No,Bank transfer (automatic),18.0,486.81,3,3.0,0,0,0.297,Watch
Female,0,Yes,No,33,Yes,Yes,Fiber optic,No,No,Yes,No,Yes,Yes,Month-to-month,Yes,Mailed check,80.47,2666.6,1,21.3,2,0,0.807,Critical Risk
Female,0,Yes,No,50,Yes,No,Fiber optic,No,Yes,No,Yes,Yes,Yes,One year,No,Electronic check,86.43,4326.83,3,20.8,0,0,0.389,Watch
Female,0,Yes,Yes,65,Yes,No,No,No,No,No,No,No,No,Month-to-month,Yes,Mailed check,20.25,1292.45,1,11.4,0,0,0.201,Watch
Female,1,No,No,53,Yes,No,DSL,No,Yes,No,Yes,No,Yes,One year,No,Electronic check,58.48,3105.67,3,13.3,1,0,0.23,Watch
Male,1,No,No,35,Yes,Yes,No,No,No,No,No,No,No,One year,No,Mailed check,19.73,696.21,3,11.2,0,0,0.17,Healthy
Female,0,No,No,22,Yes,Yes,Fiber optic,Yes,Yes,No,No,Yes,Yes,Two year,Yes,Credit card (automatic),87.95,1948.65,2,12.7,0,0,0.279,Watch
Female,0,No,No,13,Yes,No,Fiber optic,No,Yes,Yes,No,No,No,Month-to-month,Yes,Mailed check,79.33,1023.6,3,0.4,1,1,0.931,Critical Risk
Male,0,No,No,9,Yes,No,DSL,Yes,Yes,Yes,Yes,No,No,One year,Yes,Electronic check,61.68,541.05,0,16.2,0,0,0.289,Watch
Female,0,Yes,No,55,Yes,Yes,Fiber optic,Yes,Yes,Yes,Yes,No,No,One year,No,Mailed check,90.38,4957.94,1,10.9,1,0,0.271,Watch
Male,0,No,No,53,Yes,Yes,DSL,Yes,No,Yes,No,No,No,One year,Yes,Electronic check,52.09,2776.68,4,12.0,2,1,0.517,High Risk
Female,0,No,Yes,25,Yes,No,DSL,No,No,Yes,Yes,No,No,One year,No,Credit card (automatic),49.19,1247.29,2,9.7,0,0,0.198,Healthy
Female,0,No,Yes,68,Yes,No,Fiber optic,No,No,Yes,Yes,No,No,Month-to-month,Yes,Mailed check,81.57,5529.73,1,12.3,1,1,0.451,High Risk
Male,0,Yes,No,70,Yes,Yes,DSL,Yes,No,Yes,Yes,Yes,Yes,One year,Yes,Credit card (automatic),75.3,5271.4,0,16.6,0,0,0.041,Healthy
Male,0,Yes,No,45,Yes,Yes,DSL,Yes,No,Yes,No,Yes,Yes,Month-to-month,No,Mailed check,63.87,2866.62,1,16.5,1,1,0.479,High Risk
Female,0,No,No,19,Yes,Yes,No,No,No,No,No,No,No,Two year,No,Electronic check,18.0,330.78,0,13.8,0,0,0.102,Healthy
Male,1,Yes,No,36,Yes,No,DSL,Yes,No,Yes,Yes,Yes,Yes,Month-to-month,Yes,Bank transfer (automatic),69.09,2495.3,0,14.3,0,0,0.365,Watch
Female,0,Yes,No,60,Yes,No,Fiber optic,Yes,Yes,Yes,Yes,No,No,Two year,No,Electronic check,84.61,5079.47,1,13.1,1,0,0.13,Healthy
Male,0,Yes,No,37,Yes,No,DSL,No,Yes,No,No,No,Yes,Month-to-month,No,Credit card (automatic),52.73,1903.17,0,21.1,1,0,0.363,Watch
Female,1,No,Yes,36,Yes,No,Fiber optic,Yes,Yes,Yes,No,No,Yes,Month-to-month,No,Credit card (automatic),87.26,3145.62,1,13.9,0,0,0.573,High Risk
Female,0,Yes,No,38,Yes,Yes,No,No,No,No,No,No,No,One year,Yes,Mailed check,25.39,994.0,2,14.5,1,0,0.22,Watch
Female,0,No,No,61,Yes,No,Fiber optic,No,No,Yes,No,Yes,No,Month-to-month,Yes,Electronic check,77.51,4728.56,4,24.8,0,0,0.727,Critical Risk
Male,0,No,Yes,29,Yes,Yes,No,No,No,No,No,No,No,One year,Yes,Electronic check,18.0,550.2,1,13.9,0,0,0.23,Watch
Female,0,No,No,13,Yes,Yes,Fiber optic,No,Yes,No,Yes,No,No,One year,Yes,Bank transfer (automatic),79.9,1044.65,0,9.1,0,0,0.445,High Risk
Male,0,Yes,Yes,37,Yes,No,Fiber optic,Yes,No,No,Yes,Yes,Yes,Month-to-month,Yes,Electronic check,85.96,3220.21,1,19.8,0,0,0.719,Critical Risk
Male,0,No,Yes,46,Yes,No,DSL,No,No,Yes,No,No,No,One year,Yes,Mailed check,40.39,1897.94,1,2.8,0,0,0.119,Healthy
Male,0,Yes,No,68,Yes,No,No,No,No,No,No,No,No,Month-to-month,Yes,Credit card (automatic),23.68,1650.22,0,10.0,1,0,0.173,Healthy
Female,0,Yes,No,8,Yes,No,No,No,No,No,No,No,No,One year,No,Bank transfer (automatic),26.22,223.41,0,12.8,0,0,0.268,Watch
Female,1,Yes,Yes,68,Yes,No,DSL,Yes,No,Yes,No,No,Yes,One year,Yes,Electronic check,54.47,3708.79,2,0.0,2,0,0.252,Watch
Male,0,Yes,No,58,Yes,Yes,DSL,No,No,No,No,Yes,No,One year,Yes,Bank transfer (automatic),45.79,2630.99,0,16.2,0,0,0.091,Healthy
Male,0,No,Yes,51,Yes,No,Fiber optic,No,Yes,Yes,No,No,No,Month-to-month,Yes,Electronic check,76.58,3878.35,1,16.7,1,1,0.736,Critical Risk
Female,0,Yes,No,17,Yes,Yes,DSL,Yes,Yes,No,No,No,No,One year,No,Electronic check,53.33,934.52,2,6.3,0,0,0.498,High Risk
Male,0,No,No,15,Yes,No,DSL,No,Yes,No,Yes,No,Yes,Month-to-month,No,Mailed check,60.04,883.6,1,13.0,0,0,0.571,High Risk
Male,0,Yes,No,31,Yes,Yes,No,No,No,No,No,No,No,Month-to-month,Yes,Mailed check,18.0,588.67,1,29.7,1,0,0.422,High Risk
Female,0,No,No,13,Yes,Yes,No,No,No,No,No,No,No,Month-to-month,No,Bank transfer (automatic),18.0,219.17,0,14.1,1,0,0.601,High Risk
Male,1,No,No,47,Yes,Yes,Fiber optic,Yes,No,No,Yes,Yes,No,Month-to-month,No,Credit card (automatic),80.2,3728.11,0,24.0,1,0,0.371,Watch
Female,0,Yes,No,54,No,No,DSL,No,No,No,Yes,Yes,Yes,Two year,No,Electronic check,52.37,2810.83,2,12.2,0,0,0.068,Healthy
Female,0,No,Yes,34,Yes,No,Fiber optic,Yes,No,No,No,No,No,One year,Yes,Bank transfer (automatic),72.11,2423.52,2,20.4,0,1,0.464,High Risk
Male,0,Yes,Yes,50,Yes,Yes,No,No,No,No,No,No,No,Month-to-month,No,Electronic check,18.33,945.57,2,12.2,0,0,0.457,High Risk
Male,0,No,No,56,Yes,No,No,No,No,No,No,No,No,Two year,No,Electronic check,20.16,1123.51,2,12.8,2,0,0.122,Healthy
Female,0,No,No,66,Yes,No,No,No,No,No,No,No,No,One year,No,Credit card (automatic),19.51,1281.59,1,8.3,0,0,0.044,Healthy
Female,0,No,Yes,50,Yes,Yes,Fiber optic,Yes,No,No,Yes,No,Yes,Month-to-month,No,Electronic check,73.34,3656.48,1,23.6,0,0,0.572,High Risk
Female,0,Yes,No,17,Yes,No,Fiber optic,No,Yes,No,Yes,No,Yes,Two year,Yes,Electronic check,85.8,1458.16,1,11.7,0,0,0.329,Watch
Male,0,No,No,9,Yes,Yes,DSL,Yes,No,No,No,No,No,One year,Yes,Mailed check,46.81,427.01,0,12.0,0,0,0.319,Watch
Female,0,No,No,68,Yes,No,No,No,No,No,No,No,No,Month-to-month,Yes,Mailed check,18.0,1212.72,2,16.0,0,0,0.19,Healthy
Female,0,No,No,56,Yes,Yes,Fiber optic,Yes,No,No,Yes,Yes,Yes,One year,Yes,Mailed check,84.11,4677.62,1,3.3,0,0,0.252,Watch
Male,0,Yes,No,62,No,No,Fiber optic,Yes,Yes,Yes,No,No,No,Month-to-month,No,Bank transfer (automatic),81.08,4995.49,0,14.0,0,0,0.405,High Risk
Female,1,Yes,No,30,Yes,No,Fiber optic,No,Yes,Yes,Yes,Yes,Yes,Month-to-month,No,Bank transfer (automatic),98.15,2925.53,2,14.6,1,1,0.776,Critical Risk
Female,0,No,No,11,Yes,No,DSL,Yes,No,No,Yes,No,Yes,Month-to-month,Yes,Bank transfer (automatic),53.26,556.04,2,9.3,1,0,0.748,Critical Risk
Male,1,No,Yes,43,Yes,No,DSL,No,No,No,Yes,No,No,Month-to-month,Yes,Bank transfer (automatic),38.55,1683.51,2,20.6,2,0,0.416,High Risk
Male,0,No,No,46,Yes,No,No,No,No,No,No,No,No,Month-to-month,Yes,Mailed check,18.0,818.74,0,16.7,0,0,0.209,Watch
Female,0,No,No,15,Yes,No,Fiber optic,No,No,Yes,Yes,Yes,No,Month-to-month,Yes,Mailed check,84.49,1232.67,0,10.2,0,0,0.757,Critical Risk
Male,0,No,No,34,No,No,DSL,Yes,No,No,Yes,No,No,Month-to-month,No,Electronic check,51.21,1749.48,1,5.6,1,1,0.644,High Risk
Male,0,Yes,No,30,Yes,No,Fiber optic,Yes,No,Yes,Yes,Yes,No,Two year,No,Credit card (automatic),90.06,2686.66,2,18.2,1,0,0.251,Watch
Male,0,No,No,18,Yes,Yes,DSL,Yes,Yes,No,Yes,No,Yes,Month-to-month,Yes,Bank transfer (automatic),66.36,1214.38,0,7.3,0,1,0.57,High Risk
Female,0,Yes,No,59,Yes,No,Fiber optic,Yes,No,Yes,Yes,No,Yes,Two year,No,Electronic check,82.08,4828.87,2,10.8,0,0,0.134,Healthy
Male,1,No,Yes,35,Yes,No,Fiber optic,Yes,No,No,No,No,No,One year,Yes,Bank transfer (automatic),75.28,2626.54,1,19.3,0,0,0.373,Watch
Female,0,Yes,No,67,Yes,Yes,Fiber optic,Yes,Yes,No,Yes,No,No,Month-to-month,No,Mailed check,86.04,5809.56,0,15.1,2,1,0.48,High Risk
Female,0,No,No,0,Yes,No,No,No,No,No,No,No,No,Month-to-month,Yes,Mailed check,18.0,1.94,0,12.7,0,0,0.615,High Risk
Female,0,No,Yes,68,No,No,DSL,Yes,No,Yes,No,No,No,One year,Yes,Bank transfer (automatic),53.39,3630.87,1,3.4,1,0,0.131,Healthy
Female,0,No,No,48,Yes,Yes,No,No,No,No,No,No,No,Month-to-month,Yes,Electronic check,18.97,913.06,1,3.7,0,0,0.369,Watch
Male,0,Yes,No,51,No,No,Fiber optic,No,No,No,Yes,Yes,No,One year,Yes,Credit card (automatic),71.8,3649.06,1,6.3,0,0,0.188,Healthy
Male,0,No,No,21,Yes,Yes,No,No,No,No,No,No,No,Month-to-month,Yes,Mailed check,18.97,440.17,1,9.8,1,1,0.584,High Risk
Male,0,Yes,No,5,Yes,No,No,No,No,No,No,No,No,Month-to-month,Yes,Bank transfer (automatic),18.0,72.19,0,11.6,1,0,0.659,High Risk
Female,0,Yes,No,16,Yes,Yes,DSL,No,No,No,Yes,No,No,One year,Yes,Electronic check,38.61,642.97,0,11.0,1,0,0.313,Watch
Female,0,No,No,32,Yes,No,Fiber optic,Yes,No,Yes,No,Yes,Yes,Month-to-month,Yes,Credit card (automatic),92.05,2938.37,2,21.0,0,0,0.761,Critical Risk
Male,0,No,No,24,Yes,No,DSL,Yes,Yes,No,No,Yes,No,Month-to-month,Yes,Bank transfer (automatic),60.13,1434.02,0,15.2,1,0,0.648,High Risk
Female,0,Yes,No,14,Yes,No,Fiber optic,Yes,No,Yes,No,Yes,Yes,Month-to-month,Yes,Electronic check,89.53,1241.24,1,8.0,0,1,0.916,Critical Risk
Female,0,No,Yes,0,Yes,No,DSL,Yes,Yes,Yes,No,Yes,Yes,Month-to-month,Yes,Mailed check,73.29,0.0,1,13.5,0,1,0.788,Critical Risk
Male,1,Yes,Yes,50,Yes,No,DSL,Yes,No,Yes,Yes,No,Yes,Two year,Yes,Electronic check,67.84,3383.84,0,11.9,1,0,0.091,Healthy
Male,0,No,No,48,Yes,No,No,No,No,No,No,No,No,One year,Yes,Mailed check,18.0,880.47,1,13.5,0,0,0.076,Healthy
Male,1,No,No,11,Yes,Yes,No,No,No,No,No,No,No,Two year,No,Mailed check,18.0,197.11,0,11.1,1,1,0.096,Healthy
Male,0,No,No,57,Yes,Yes,Fiber optic,Yes,No,Yes,No,No,No,One year,Yes,Bank transfer (automatic),74.3,4212.1,1,7.3,0,0,0.269,Watch
Male,0,No,Yes,71,No,No,Fiber optic,No,Yes,Yes,Yes,Yes,No,Two year,Yes,Mailed check,82.68,5882.53,0,19.4,0,0,0.023,Healthy
Female,0,No,Yes,72,Yes,No,No,No,No,No,No,No,No,Month-to-month,Yes,Mailed check,23.6,1696.96,0,28.7,0,0,0.099,Healthy
Female,0,No,No,14,No,No,No,No,No,No,No,No,No,One year,Yes,Electronic check,20.75,284.94,1,20.2,2,0,0.473,High Risk
Female,0,Yes,Yes,31,No,No,DSL,Yes,No,No,No,Yes,No,Two year,Yes,Credit card (automatic),53.62,1630.26,1,15.0,0,1,0.099,Healthy
Male,0,Yes,No,3,Yes,Yes,DSL,Yes,Yes,No,Yes,Yes,Yes,Two year,No,Electronic check,58.57,163.01,2,16.8,0,0,0.217,Watch
Female,0,No,No,0,Yes,Yes,No,No,No,No,No,No,No,Two year,Yes,Electronic check,20.29,0.0,0,11.3,1,0,0.266,Watch
Male,1,Yes,No,61,Yes,No,DSL,Yes,No,Yes,Yes,Yes,No,Month-to-month,No,Electronic check,64.04,3903.6,1,19.7,1,0,0.367,Watch
Male,0,No,No,70,Yes,No,Fiber optic,Yes,No,No,Yes,Yes,No,Month-to-month,Yes,Electronic check,73.89,5189.19,1,7.5,0,0,0.452,High Risk
Female,0,Yes,Yes,14,Yes,Yes,Fiber optic,No,No,No,Yes,No,No,Month-to-month,Yes,Mailed check,68.45,919.42,4,11.7,0,1,0.865,Critical Risk
Female,0,No,No,33,Yes,Yes,Fiber optic,Yes,No,No,No,Yes,No,Month-to-month,Yes,Credit card (automatic),71.53,2342.65,3,14.0,1,0,0.823,Critical Risk
Male,0,No,Yes,1,Yes,No,DSL,Yes,No,Yes,No,No,No,Month-to-month,Yes,Mailed check,51.37,44.51,1,19.6,0,0,0.725,Critical Risk
Male,0,No,No,59,Yes,No,Fiber optic,No,No,Yes,Yes,Yes,No,Month-to-month,Yes,Mailed check,81.58,4821.97,2,12.1,0,0,0.516,High Risk
Female,0,No,No,40,Yes,Yes,Fiber optic,Yes,Yes,Yes,Yes,Yes,No,Month-to-month,Yes,Credit card (automatic),95.03,3802.29,1,13.1,2,1,0.696,High Risk
Female,0,Yes,No,21,Yes,Yes,No,No,No,No,No,No,No,Month-to-month,Yes,Mailed check,18.0,373.8,1,6.3,0,0,0.508,High Risk
Male,0,No,No,70,No,No,Fiber optic,No,No,No,Yes,Yes,Yes,One year,Yes,Bank transfer (automatic),73.65,5175.49,0,0.0,0,0,0.096,Healthy
Female,0,Yes,Yes,9,Yes,No,No,No,No,No,No,No,No,Two year,Yes,Mailed check,18.0,236.19,0,13.9,0,0,0.096,Healthy
Female,0,No,Yes,19,Yes,No,DSL,Yes,No,Yes,Yes,No,No,Month-to-month,Yes,Mailed check,54.09,1023.7,2,18.4,0,0,0.575,High Risk
Male,0,No,No,54,Yes,No,DSL,No,Yes,Yes,No,Yes,No,Two year,Yes,Mailed check,51.12,2789.45,0,19.7,0,0,0.031,Healthy
Female,0,Yes,No,29,No,No,No,No,No,No,No,No,No,Two year,No,Credit card (automatic),18.0,557.87,3,14.4,0,0,0.082,Healthy
Female,0,Yes,No,51,Yes,No,DSL,No,Yes,Yes,Yes,No,No,Month-to-month,No,Electronic check,54.81,2783.05,1,14.4,0,0,0.356,Watch
Female,1,Yes,No,17,Yes,Yes,DSL,Yes,No,Yes,Yes,Yes,Yes,Two year,Yes,Credit card (automatic),65.87,1123.28,1,1.9,1,0,0.141,Healthy
Male,0,Yes,No,48,Yes,No,DSL,No,No,No,No,Yes,Yes,Month-to-month,Yes,Bank transfer (automatic),46.24,2180.47,2,13.0,1,0,0.482,High Risk
Male,0,No,No,40,Yes,Yes,Fiber optic,Yes,Yes,No,No,Yes,No,Month-to-month,Yes,Credit card (automatic),79.11,3157.64,2,15.9,2,0,0.774,Critical Risk
Female,0,Yes,Yes,3,Yes,No,Fiber optic,No,Yes,Yes,No,No,Yes,Month-to-month,No,Electronic check,78.88,249.12,0,18.4,0,0,0.838,Critical Risk
Female,0,No,No,23,Yes,No,No,No,No,No,No,No,No,One year,Yes,Mailed check,18.0,407.12,0,18.3,0,0,0.135,Healthy
Male,0,No,No,21,Yes,No,DSL,Yes,No,Yes,Yes,No,No,Month-to-month,Yes,Electronic check,55.39,1166.37,0,20.1,1,1,0.619,High Risk
Female,0,No,No,43,Yes,No,DSL,Yes,No,Yes,No,No,Yes,Month-to-month,Yes,Electronic check,62.97,2717.66,1,11.5,1,0,0.659,High Risk
Female,1,No,No,31,Yes,Yes,DSL,Yes,No,Yes,No,No,No,One year,Yes,Mailed check,53.63,1668.24,1,5.1,0,0,0.239,Watch
Male,1,Yes,No,34,Yes,No,No,No,No,No,No,No,No,Two year,No,Electronic check,18.0,617.04,1,17.0,2,0,0.127,Healthy
Female,0,No,No,12,No,No,Fiber optic,No,No,No,Yes,Yes,No,Two year,Yes,Bank transfer (automatic),75.53,911.86,0,11.9,1,0,0.268,Watch
Male,0,No,No,67,Yes,Yes,DSL,No,No,No,No,Yes,Yes,Month-to-month,Yes,Mailed check,51.25,3441.13,2,11.6,2,0,0.467,High Risk
Male,0,No,No,54,No,No,DSL,No,No,Yes,No,Yes,No,Two year,No,Credit card (automatic),50.01,2704.11,0,18.0,1,0,0.039,Healthy
Male,0,Yes,No,48,Yes,No,DSL,Yes,Yes,Yes,Yes,No,No,Month-to-month,Yes,Credit card (automatic),60.0,2866.33,2,17.7,0,0,0.232,Watch
Male,0,Yes,No,20,Yes,Yes,Fiber optic,Yes,No,Yes,No,No,No,Two year,No,Electronic check,79.12,1559.2,1,14.0,0,0,0.369,Watch
Female,0,No,Yes,49,Yes,No,Fiber optic,Yes,Yes,Yes,Yes,No,No,Month-to-month,Yes,Credit card (automatic),87.31,4278.61,2,10.4,0,1,0.579,High Risk
Male,0,No,No,17,Yes,Yes,Fiber optic,No,Yes,Yes,Yes,No,No,Two year,No,Electronic check,79.18,1333.04,0,21.4,1,0,0.237,Watch
Female,0,Yes,Yes,35,No,No,Fiber optic,No,Yes,No,No,No,Yes,Month-to-month,Yes,Bank transfer (automatic),71.28,2523.3,1,15.4,0,0,0.629,High Risk
Male,0,No,Yes,19,Yes,No,DSL,No,No,Yes,Yes,Yes,Yes,Month-to-month,No,Bank transfer (automatic),54.47,1001.45,1,5.8,1,0,0.619,High Risk
Female,0,Yes,No,22,Yes,Yes,Fiber optic,No,Yes,No,No,Yes,Yes,Two year,No,Mailed check,84.69,1853.19,2,12.2,0,0,0.301,Watch
Male,1,No,Yes,47,No,No,Fiber optic,No,Yes,No,No,Yes,No,One year,Yes,Credit card (automatic),78.26,3692.55,1,7.7,2,0,0.305,Watch
Female,0,Yes,No,22,Yes,Yes,DSL,No,Yes,Yes,No,Yes,No,One year,Yes,Mailed check,54.3,1167.12,1,12.7,0,0,0.225,Watch
Female,0,Yes,No,53,Yes,Yes,Fiber optic,No,Yes,Yes,No,Yes,No,One year,No,Mailed check,84.97,4488.35,2,12.6,0,0,0.312,Watch
Female,0,Yes,No,36,Yes,Yes,No,No,No,No,No,No,No,Month-to-month,No,Bank transfer (automatic),18.0,640.76,2,3.5,0,0,0.468,High Risk
Male,0,Yes,No,71,Yes,Yes,Fiber optic,No,No,No,No,No,Yes,Month-to-month,Yes,Electronic check,63.58,4549.73,2,0.5,0,1,0.542,High Risk
Male,0,Yes,No,14,Yes,No,Fiber optic,No,Yes,Yes,Yes,No,No,Month-to-month,Yes,Electronic check,79.99,1110.97,4,14.3,0,1,0.892,Critical Risk
Male,1,Yes,No,68,Yes,Yes,Fiber optic,No,No,Yes,No,Yes,Yes,One year,Yes,Bank transfer (automatic),83.22,5667.85,1,0.7,0,0,0.177,Healthy
Male,0,Yes,Yes,9,Yes,Yes,DSL,No,Yes,No,Yes,No,Yes,Month-to-month,Yes,Electronic check,53.0,473.18,0,14.4,0,1,0.571,High Risk
Male,0,No,No,40,Yes,No,DSL,No,Yes,Yes,Yes,Yes,No,Month-to-month,No,Electronic check,62.84,2504.97,0,26.4,0,0,0.307,Watch
Female,1,No,No,27,Yes,No,Fiber optic,No,No,Yes,No,No,Yes,Month-to-month,Yes,Electronic check,79.0,2159.36,0,22.4,2,0,0.851,Critical Risk
Male,0,No,No,54,Yes,Yes,DSL,No,No,Yes,Yes,No,No,Month-to-month,Yes,Bank transfer (automatic),54.6,2926.49,3,13.3,2,1,0.587,High Risk
Male,0,Yes,No,9,Yes,No,Fiber optic,No,Yes,No,Yes,Yes,Yes,Month-to-month,Yes,Electronic check,84.39,760.72,0,18.0,1,0,0.834,Critical Risk
Male,1,Yes,No,18,Yes,No,Fiber optic,Yes,Yes,Yes,No,No,No,Month-to-month,No,Bank transfer (automatic),74.41,1342.67,1,16.6,0,0,0.715,Critical Risk
Female,0,No,Yes,16,Yes,No,DSL,No,Yes,Yes,No,Yes,No,Month-to-month,Yes,Mailed check,56.78,933.93,0,19.3,0,0,0.547,High Risk
Female,0,No,Yes,67,Yes,No,No,No,No,No,No,No,No,One year,No,Mailed check,18.16,1212.49,1,9.3,2,0,0.099,Healthy
Female,0,No,No,39,Yes,No,No,No,No,No,No,No,No,Month-to-month,No,Credit card (automatic),18.0,673.15,1,23.5,1,0,0.304,Watch
Male,0,No,No,11,Yes,No,DSL,Yes,No,No,Yes,No,Yes,Month-to-month,No,Bank transfer (automatic),54.17,570.45,1,21.6,1,1,0.643,High Risk
Male,0,No,No,57,Yes,No,Fiber optic,Yes,Yes,No,Yes,Yes,No,Month-to-month,Yes,Electronic check,93.91,5333.49,1,12.8,1,0,0.734,Critical Risk
Female,0,No,No,20,Yes,No,DSL,Yes,No,No,No,Yes,No,Month-to-month,No,Credit card (automatic),52.53,1067.66,1,7.3,0,0,0.627,High Risk
Female,1,Yes,No,16,Yes,Yes,No,No,No,No,No,No,No,Two year,No,Electronic check,21.4,334.46,0,5.6,1,0,0.166,Healthy
Male,0,No,No,36,Yes,No,Fiber optic,Yes,Yes,Yes,Yes,No,Yes,Two year,Yes,Mailed check,92.77,3351.11,0,22.0,2,0,0.179,Healthy
Male,0,No,Yes,57,Yes,Yes,Fiber optic,Yes,No,No,No,No,Yes,Month-to-month,No,Mailed check,78.2,4491.69,0,24.1,1,0,0.562,High Risk
Male,0,No,No,61,Yes,No,No,No,No,No,No,No,No,Month-to-month,No,Bank transfer (automatic),18.0,1112.84,0,16.9,0,0,0.169,Healthy
Female,1,Yes,No,1,Yes,No,Fiber optic,No,Yes,Yes,No,No,No,Month-to-month,No,Mailed check,75.41,92.58,2,14.4,0,1,0.83,Critical Risk
Male,0,Yes,No,65,Yes,Yes,No,No,No,No,No,No,No,One year,Yes,Mailed check,19.97,1303.89,2,23.4,0,0,0.056,Healthy
Female,0,Yes,No,72,Yes,Yes,DSL,Yes,Yes,Yes,No,Yes,No,Month-to-month,Yes,Bank transfer (automatic),64.45,4621.3,1,11.2,1,1,0.305,Watch
Female,0,Yes,No,23,Yes,Yes,DSL,No,Yes,No,Yes,Yes,No,Month-to-month,Yes,Mailed check,59.25,1403.57,3,13.8,0,0,0.603,High Risk
Female,0,No,Yes,37,Yes,Yes,Fiber optic,Yes,No,Yes,No,Yes,Yes,One year,No,Electronic check,90.97,3352.87,2,13.7,1,0,0.645,High Risk
Female,1,No,No,27,Yes,Yes,No,No,No,No,No,No,No,One year,No,Bank transfer (automatic),20.91,583.05,1,12.1,0,0,0.171,Healthy
Male,1,Yes,No,34,Yes,Yes,DSL,Yes,No,Yes,Yes,No,Yes,Month-to-month,Yes,Electronic check,61.82,2121.16,3,16.6,0,0,0.587,High Risk
Female,0,No,Yes,47,No,No,Fiber optic,Yes,No,No,No,Yes,No,Month-to-month,No,Credit card (automatic),72.2,3366.86,3,14.5,1,1,0.689,High Risk
Male,0,Yes,No,47,Yes,Yes,No,No,No,No,No,No,No,One year,No,Bank transfer (automatic),18.0,816.14,2,10.6,0,0,0.101,Healthy
Male,0,No,No,34,Yes,No,DSL,No,Yes,No,No,No,No,One year,Yes,Mailed check,50.44,1725.9,1,7.6,1,0,0.286,Watch
Male,0,Yes,No,34,Yes,Yes,Fiber optic,No,Yes,No,Yes,No,Yes,Month-to-month,No,Electronic check,81.13,2738.53,0,22.0,0,1,0.584,High Risk
Male,0,No,No,35,Yes,Yes,DSL,No,No,No,No,Yes,Yes,Two year,Yes,Electronic check,48.31,1718.98,3,20.1,1,0,0.218,Watch
Male,0,No,No,29,Yes,No,DSL,Yes,No,No,Yes,No,Yes,Month-to-month,Yes,Bank transfer (automatic),50.29,1446.96,2,27.0,0,0,0.484,High Risk
Male,0,No,No,8,Yes,No,DSL,Yes,Yes,Yes,No,Yes,No,Month-to-month,Yes,Credit card (automatic),60.96,510.67,1,15.5,0,1,0.622,High Risk
Male,1,No,No,27,No,No,No,No,No,No,No,No,No,One year,Yes,Bank transfer (automatic),19.49,548.03,2,18.5,1,0,0.239,Watch
Male,0,Yes,No,52,Yes,Yes,DSL,No,Yes,No,Yes,No,Yes,One year,Yes,Bank transfer (automatic),59.89,3120.27,1,12.6,1,1,0.148,Healthy
Male,0,No,No,71,Yes,No,Fiber optic,No,No,No,No,Yes,No,Two year,Yes,Electronic check,68.2,4840.74,1,18.4,1,0,0.109,Healthy
Male,0,Yes,Yes,59,Yes,No,Fiber optic,No,No,Yes,Yes,Yes,No,Month-to-month,No,Electronic check,84.93,5021.22,0,22.3,0,0,0.465,High Risk
Female,0,Yes,No,62,Yes,Yes,Fiber optic,Yes,No,No,Yes,No,Yes,Two year,No,Credit card (automatic),77.16,4780.59,0,8.0,0,0,0.044,Healthy
Male,0,No,No,57,Yes,No,Fiber optic,Yes,No,Yes,No,Yes,Yes,Month-to-month,No,Mailed check,89.01,5067.98,0,13.2,1,0,0.635,High Risk
Male,0,No,Yes,36,Yes,No,Fiber optic,No,No,Yes,No,No,Yes,Month-to-month,Yes,Credit card (automatic),72.87,2598.22,2,16.8,0,1,0.629,High Risk
Male,0,No,No,49,No,No,No,No,No,No,No,No,No,Two year,No,Electronic check,18.0,899.03,1,8.7,1,0,0.092,Healthy
Male,0,Yes,No,61,Yes,Yes,No,No,No,No,No,No,No,Month-to-month,No,Bank transfer (automatic),18.0,1089.7,2,6.6,0,0,0.276,Watch
Female,1,No,Yes,16,Yes,No,DSL,No,Yes,No,Yes,Yes,No,Two year,No,Mailed check,59.24,959.83,0,10.1,0,0,0.086,Healthy
Female,1,Yes,No,10,Yes,No,Fiber optic,No,No,Yes,Yes,Yes,Yes,One year,Yes,Credit card (automatic),84.01,850.23,2,13.1,1,1,0.481,High Risk
Female,0,No,No,19,Yes,No,Fiber optic,No,No,No,Yes,Yes,Yes,One year,Yes,Electronic check,80.85,1508.77,1,7.9,1,0,0.646,High Risk
Female,0,No,No,38,Yes,Yes,Fiber optic,Yes,Yes,Yes,No,No,Yes,Month-to-month,Yes,Electronic check,82.99,3161.62,0,15.4,1,0,0.735,Critical Risk
Male,0,No,No,57,Yes,Yes,Fiber optic,No,Yes,No,No,No,Yes,Month-to-month,No,Mailed check,76.59,4379.66,2,25.1,0,0,0.507,High Risk
Female,0,No,Yes,32,No,No,No,No,No,No,No,No,No,Two year,No,Bank transfer (automatic),18.0,576.55,0,19.8,1,0,0.063,Healthy
Male,1,No,No,71,Yes,Yes,Fiber optic,No,Yes,Yes,Yes,Yes,Yes,Month-to-month,Yes,Electronic check,88.98,6326.18,1,19.6,0,0,0.289,Watch
Female,1,Yes,No,23,Yes,No,Fiber optic,No,No,Yes,No,No,Yes,Month-to-month,Yes,Credit card (automatic),76.94,1776.72,3,3.9,1,1,0.841,Critical Risk
Male,0,No,No,33,Yes,No,DSL,Yes,Yes,Yes,Yes,Yes,No,Month-to-month,No,Credit card (automatic),68.11,2281.96,2,12.1,0,0,0.445,High Risk
Female,0,No,No,67,Yes,Yes,Fiber optic,No,No,No,No,Yes,No,Month-to-month,No,Electronic check,71.63,4801.0,0,22.6,3,0,0.686,High Risk
Male,0,Yes,Yes,12,Yes,Yes,Fiber optic,Yes,No,Yes,Yes,Yes,No,Month-to-month,Yes,Credit card (automatic),87.98,1075.91,1,11.1,0,1,0.742,Critical Risk
Female,0,Yes,Yes,60,Yes,Yes,Fiber optic,Yes,Yes,Yes,Yes,Yes,No,Month-to-month,Yes,Credit card (automatic),96.58,5765.66,0,12.1,3,1,0.622,High Risk
Male,1,Yes,No,11,Yes,Yes,No,No,No,No,No,No,No,Two year,Yes,Electronic check,18.0,192.58,0,19.8,0,0,0.09,Healthy
Female,0,No,Yes,66,Yes,Yes,No,No,No,No,No,No,No,Month-to-month,No,Credit card (automatic),18.54,1235.4,2,16.5,0,0,0.155,Healthy
Female,0,No,No,23,No,No,No,No,No,No,No,No,No,One year,Yes,Mailed check,18.0,409.26,1,8.9,0,0,0.179,Healthy
Female,0,No,No,46,No,No,Fiber optic,Yes,Yes,No,No,No,No,One year,Yes,Credit card (automatic),75.34,3476.3,2,5.2,1,0,0.342,Watch
Male,0,Yes,Yes,51,Yes,No,Fiber optic,Yes,No,Yes,Yes,Yes,Yes,Two year,Yes,Bank transfer (automatic),94.55,4833.17,1,11.6,0,0,0.151,Healthy
Male,0,Yes,No,27,Yes,No,DSL,No,Yes,No,No,Yes,No,Month-to-month,Yes,Electronic check,47.98,1305.7,0,18.1,0,0,0.573,High Risk
Female,1,No,No,40,Yes,Yes,No,No,No,No,No,No,No,One year,Yes,Bank transfer (automatic),18.0,702.64,0,26.2,1,0,0.082,Healthy
Male,0,Yes,Yes,55,Yes,No,Fiber optic,Yes,No,Yes,No,No,No,Month-to-month,Yes,Bank transfer (automatic),75.14,4142.05,1,7.0,1,0,0.712,Critical Risk
Male,0,Yes,No,63,Yes,No,DSL,No,Yes,Yes,No,Yes,Yes,Two year,No,Bank transfer (automatic),70.31,4415.85,1,5.6,1,0,0.072,Healthy
Male,0,Yes,Yes,7,Yes,Yes,DSL,Yes,Yes,No,No,No,Yes,Two year,Yes,Bank transfer (automatic),55.39,380.45,2,23.4,0,0,0.196,Healthy
Male,0,Yes,No,36,Yes,No,No,No,No,No,No,No,No,Two year,No,Bank transfer (automatic),18.59,704.14,2,10.5,0,0,0.076,Healthy
Male,0,Yes,No,62,Yes,Yes,DSL,No,Yes,Yes,Yes,Yes,Yes,Month-to-month,No,Mailed check,62.48,3891.84,2,20.7,0,1,0.192,Healthy
Male,0,No,No,40,Yes,No,Fiber optic,Yes,No,No,Yes,No,Yes,Month-to-month,Yes,Electronic check,80.19,3209.05,1,10.3,0,1,0.702,Critical Risk
Female,0,Yes,No,2,Yes,No,Fiber optic,Yes,Yes,Yes,No,No,Yes,Two year,Yes,Credit card (automatic),81.59,162.19,3,26.5,1,0,0.42,High Risk
Female,0,Yes,No,9,Yes,Yes,DSL,No,Yes,No,No,No,No,One year,Yes,Credit card (automatic),42.22,397.0,0,11.2,1,0,0.26,Watch
Male,0,No,No,59,No,No,No,No,No,No,No,No,No,Month-to-month,Yes,Credit card (automatic),18.0,1085.95,0,17.5,0,0,0.133,Healthy
Male,0,No,Yes,30,Yes,Yes,No,No,No,No,No,No,No,Month-to-month,No,Electronic check,18.0,548.88,1,9.1,1,0,0.626,High Risk
Male,1,No,Yes,51,Yes,Yes,DSL,No,Yes,Yes,Yes,Yes,Yes,Month-to-month,No,Mailed check,68.87,3535.51,0,18.2,0,0,0.208,Watch
Female,0,No,Yes,65,Yes,No,DSL,No,Yes,No,No,No,Yes,One year,Yes,Mailed check,53.57,3481.54,1,8.0,0,0,0.087,Healthy
Male,0,No,No,6,No,No,Fiber optic,No,No,Yes,Yes,No,Yes,Month-to-month,No,Credit card (automatic),80.97,497.13,1,4.1,0,0,0.744,Critical Risk
Female,0,No,No,33,Yes,No,DSL,Yes,Yes,No,No,No,No,Two year,No,Electronic check,51.75,1696.35,0,13.7,3,0,0.268,Watch
Female,0,No,Yes,10,Yes,Yes,DSL,No,No,Yes,Yes,No,Yes,One year,No,Credit card (automatic),67.17,672.71,1,12.3,0,0,0.245,Watch
Female,0,No,No,61,Yes,Yes,No,No,No,No,No,No,No,Two year,Yes,Credit card (automatic),18.0,1064.43,0,16.6,0,0,0.015,Healthy
Male,0,No,No,33,Yes,No,DSL,Yes,Yes,Yes,No,Yes,Yes,Month-to-month,No,Credit card (automatic),69.4,2277.47,1,9.5,0,0,0.495,High Risk
Female,0,Yes,Yes,63,Yes,No,Fiber optic,Yes,No,Yes,Yes,Yes,No,One year,Yes,Electronic check,87.9,5527.13,0,26.6,0,1,0.164,Healthy
Female,0,Yes,Yes,21,Yes,No,DSL,Yes,Yes,No,No,No,Yes,Two year,No,Credit card (automatic),58.22,1220.96,1,16.0,0,0,0.104,Healthy
Female,0,Yes,No,10,Yes,Yes,DSL,Yes,Yes,Yes,Yes,No,No,One year,Yes,Mailed check,63.41,626.25,1,4.6,1,0,0.368,Watch
Female,1,Yes,Yes,63,Yes,No,Fiber optic,No,No,No,Yes,No,No,One year,Yes,Electronic check,71.32,4454.71,1,10.2,0,0,0.182,Healthy
Female,0,Yes,No,44,No,No,DSL,No,Yes,Yes,No,Yes,No,Month-to-month,Yes,Bank transfer (automatic),59.13,2624.6,2,14.6,2,0,0.597,High Risk
Male,1,No,No,14,Yes,No,Fiber optic,Yes,No,No,No,No,Yes,Month-to-month,Yes,Credit card (automatic),74.3,1041.72,0,12.1,0,1,0.736,Critical Risk
Female,0,No,No,50,Yes,No,No,No,No,No,No,No,No,One year,Yes,Bank transfer (automatic),18.48,936.05,4,16.8,1,0,0.259,Watch
Female,0,Yes,No,30,Yes,Yes,Fiber optic,No,Yes,Yes,No,No,Yes,Month-to-month,Yes,Bank transfer (automatic),82.44,2485.13,2,12.4,0,1,0.769,Critical Risk
Male,0,Yes,Yes,3,Yes,No,No,No,No,No,No,No,No,Two year,No,Credit card (automatic),18.0,36.96,2,4.3,0,0,0.158,Healthy
Male,0,Yes,No,19,Yes,No,DSL,Yes,Yes,No,No,No,No,One year,Yes,Credit card (automatic),50.45,953.11,2,4.6,1,0,0.404,High Risk
Female,0,No,No,54,Yes,Yes,Fiber optic,Yes,Yes,Yes,Yes,Yes,No,Month-to-month,Yes,Credit card (automatic),93.18,5036.77,0,17.6,1,0,0.469,High Risk
Male,0,Yes,No,9,Yes,No,No,No,No,No,No,No,No,One year,No,Bank transfer (automatic),18.0,170.82,1,7.6,2,0,0.435,High Risk
Male,0,Yes,No,24,No,No,Fiber optic,Yes,No,No,No,Yes,Yes,One year,No,Mailed check,82.78,2008.88,6,15.1,2,0,0.852,Critical Risk
Female,0,Yes,Yes,18,Yes,No,No,No,No,No,No,No,No,One year,No,Mailed check,21.06,404.51,2,9.0,0,0,0.287,Watch
Female,0,No,No,53,Yes,Yes,Fiber optic,No,No,No,No,No,No,One year,Yes,Mailed check,62.91,3364.15,0,10.0,0,0,0.216,Watch
Female,0,Yes,No,62,Yes,No,No,No,No,No,No,No,No,Month-to-month,Yes,Mailed check,18.0,1113.48,0,5.6,0,0,0.193,Healthy
Male,0,No,No,57,Yes,No,DSL,No,No,No,No,Yes,Yes,Month-to-month,Yes,Credit card (automatic),50.91,2867.88,1,18.4,1,0,0.357,Watch
Male,0,No,No,52,Yes,No,DSL,No,No,Yes,Yes,No,Yes,Two year,Yes,Credit card (automatic),50.28,2632.75,0,11.1,0,0,0.023,Healthy
Female,0,No,No,6,Yes,No,Fiber optic,No,Yes,No,No,Yes,No,Month-to-month,Yes,Electronic check,74.49,453.86,1,26.0,1,1,0.894,Critical Risk
Female,0,No,No,66,Yes,No,No,No,No,No,No,No,No,Month-to-month,No,Bank transfer (automatic),23.12,1504.77,2,1.2,0,0,0.29,Watch
Male,0,Yes,No,11,Yes,No,DSL,No,No,Yes,No,No,Yes,Two year,No,Bank transfer (automatic),47.89,509.13,2,6.2,0,0,0.189,Healthy
Male,0,Yes,Yes,29,Yes,No,DSL,No,Yes,No,Yes,No,No,Month-to-month,No,Bank transfer (automatic),47.62,1373.22,1,16.8,0,0,0.409,High Risk
Male,0,No,No,60,Yes,No,No,No,No,No,No,No,No,Two year,Yes,Mailed check,18.0,1076.9,1,7.8,0,0,0.031,Healthy
Female,0,Yes,No,17,Yes,Yes,Fiber optic,No,Yes,Yes,Yes,No,Yes,Month-to-month,No,Bank transfer (automatic),88.0,1480.28,0,18.4,1,1,0.725,Critical Risk
Male,0,No,No,15,Yes,Yes,Fiber optic,Yes,No,Yes,No,Yes,Yes,Month-to-month,No,Bank transfer (automatic),81.71,1240.09,0,11.6,1,1,0.847,Critical Risk
Female,0,No,No,1,No,No,DSL,Yes,No,Yes,Yes,Yes,Yes,One year,Yes,Bank transfer (automatic),66.96,79.49,2,10.8,1,0,0.519,High Risk
Male,0,Yes,Yes,26,Yes,Yes,Fiber optic,Yes,Yes,Yes,No,Yes,No,Month-to-month,Yes,Credit card (automatic),76.36,1988.25,0,13.8,1,0,0.698,High Risk
Female,0,Yes,No,36,Yes,No,No,No,No,No,No,No,No,Two year,No,Electronic check,18.07,629.16,3,9.6,1,0,0.175,Healthy
Male,0,No,Yes,34,Yes,No,Fiber optic,Yes,No,No,Yes,No,No,One year,Yes,Electronic check,76.13,2595.37,1,18.1,2,0,0.586,High Risk
Female,0,No,Yes,2,Yes,Yes,DSL,No,Yes,No,No,Yes,Yes,Month-to-month,Yes,Bank transfer (automatic),53.74,101.61,2,0.0,1,1,0.852,Critical Risk
Female,0,No,No,14,Yes,No,Fiber optic,No,No,No,Yes,Yes,Yes,Two year,No,Mailed check,76.94,1039.43,4,1.3,1,0,0.545,High Risk
Male,0,Yes,Yes,0,Yes,No,Fiber optic,No,No,No,Yes,No,Yes,Month-to-month,Yes,Mailed check,72.45,10.93,1,16.5,0,0,0.803,Critical Risk
Male,0,No,No,16,Yes,Yes,No,No,No,No,No,No,No,Month-to-month,Yes,Mailed check,20.02,302.61,0,22.4,0,0,0.444,High Risk
Female,0,Yes,No,44,Yes,No,Fiber optic,Yes,Yes,Yes,No,Yes,No,Month-to-month,Yes,Bank transfer (automatic),84.91,3726.33,2,11.5,1,1,0.753,Critical Risk
Female,0,Yes,No,0,Yes,Yes,No,No,No,No,No,No,No,Month-to-month,No,Electronic check,22.14,0.0,3,20.0,0,1,0.783,Critical Risk
Female,0,No,Yes,12,Yes,No,Fiber optic,No,Yes,No,Yes,No,Yes,One year,No,Mailed check,81.2,940.96,1,22.3,0,0,0.356,Watch
Female,1,No,Yes,39,Yes,Yes,DSL,Yes,No,Yes,No,Yes,No,Two year,No,Bank transfer (automatic),54.64,2139.46,2,21.4,0,0,0.073,Healthy
Female,0,Yes,No,40,Yes,Yes,Fiber optic,Yes,Yes,Yes,Yes,No,Yes,One year,No,Mailed check,97.74,3910.04,2,0.7,0,0,0.366,Watch
Female,0,No,No,65,Yes,Yes,Fiber optic,Yes,No,No,No,No,Yes,One year,No,Electronic check,82.16,5343.07,1,16.8,1,0,0.356,Watch
Male,0,Yes,No,41,Yes,No,DSL,No,No,No,No,Yes,No,Month-to-month,Yes,Credit card (automatic),45.42,1848.85,0,6.3,0,0,0.343,Watch
Female,0,Yes,No,67,Yes,Yes,Fiber optic,Yes,No,Yes,Yes,No,No,One year,Yes,Mailed check,78.56,5269.2,4,13.8,0,0,0.213,Watch
Male,1,Yes,Yes,52,Yes,No,DSL,No,No,No,No,No,Yes,Month-to-month,No,Credit card (automatic),45.3,2362.16,1,11.8,0,0,0.286,Watch
Male,0,No,No,40,Yes,No,Fiber optic,No,Yes,Yes,Yes,Yes,Yes,One year,Yes,Credit card (automatic),97.24,3889.18,2,12.8,1,0,0.333,Watch
Male,0,Yes,No,27,Yes,Yes,Fiber optic,Yes,Yes,No,Yes,Yes,No,Month-to-month,No,Electronic check,83.71,2271.07,1,20.4,0,1,0.753,Critical Risk
Male,0,No,Yes,8,Yes,No,DSL,No,Yes,No,Yes,Yes,Yes,Month-to-month,Yes,Bank transfer (automatic),68.11,543.27,1,5.6,0,1,0.694,High Risk
Male,0,Yes,No,51,Yes,No,Fiber optic,No,Yes,Yes,Yes,Yes,Yes,Month-to-month,Yes,Electronic check,96.02,4864.36,0,24.2,2,1,0.709,Critical Risk
Female,0,Yes,Yes,68,Yes,No,Fiber optic,No,No,No,No,No,Yes,Month-to-month,Yes,Electronic check,65.74,4460.25,0,15.3,0,0,0.42,High Risk
Male,0,Yes,Yes,26,Yes,No,Fiber optic,No,Yes,No,No,No,Yes,One year,No,Mailed check,73.5,1902.61,2,9.3,0,0,0.495,High Risk
Male,1,Yes,No,25,Yes,No,No,No,No,No,No,No,No,Month-to-month,No,Mailed check,18.17,460.81,2,8.3,1,0,0.61,High Risk
Male,1,No,No,7,Yes,Yes,No,No,No,No,No,No,No,Month-to-month,Yes,Credit card (automatic),19.33,124.95,2,21.6,0,0,0.492,High Risk
Female,0,No,No,43,Yes,Yes,Fiber optic,No,Yes,Yes,No,No,No,Month-to-month,Yes,Bank transfer (automatic),73.29,3145.61,0,1.7,2,1,0.706,Critical Risk
Female,1,No,No,22,Yes,No,Fiber optic,Yes,Yes,No,No,Yes,Yes,Month-to-month,No,Bank transfer (automatic),84.33,1864.76,0,17.2,0,0,0.692,High Risk
Female,0,Yes,No,0,No,No,Fiber optic,No,Yes,Yes,No,Yes,Yes,Month-to-month,Yes,Credit card (automatic),87.89,14.03,2,16.6,1,1,0.878,Critical Risk
Male,0,No,No,0,Yes,Yes,No,No,No,No,No,No,No,Month-to-month,Yes,Electronic check,23.41,7.91,1,23.1,0,0,0.721,Critical Risk
Female,1,No,No,24,Yes,Yes,DSL,Yes,No,No,Yes,No,Yes,One year,Yes,Mailed check,54.38,1310.12,1,10.5,1,0,0.232,Watch
Female,0,Yes,Yes,33,Yes,Yes,Fiber optic,Yes,No,Yes,No,No,No,Month-to-month,Yes,Bank transfer (automatic),74.98,2480.88,0,25.4,1,1,0.705,Critical Risk
Male,0,No,No,33,Yes,No,DSL,No,Yes,No,No,No,No,One year,Yes,Bank transfer (automatic),47.96,1627.49,1,24.7,1,0,0.231,Watch
Female,0,No,No,54,Yes,Yes,No,No,No,No,No,No,No,One year,Yes,Credit card (automatic),18.0,979.76,1,16.5,2,0,0.12,Healthy
Male,0,No,No,38,Yes,No,No,No,No,No,No,No,No,Month-to-month,Yes,Credit card (automatic),20.57,777.28,0,16.8,1,0,0.315,Watch
Female,0,No,No,57,Yes,No,DSL,Yes,Yes,No,No,Yes,No,Month-to-month,Yes,Bank transfer (automatic),54.94,3128.13,2,19.3,0,0,0.407,High Risk
Female,0,No,No,21,Yes,No,Fiber optic,Yes,No,Yes,Yes,No,Yes,Month-to-month,Yes,Electronic check,79.81,1704.09,2,12.2,0,1,0.818,Critical Risk
Male,0,No,No,16,Yes,No,Fiber optic,Yes,Yes,Yes,Yes,Yes,Yes,Month-to-month,Yes,Electronic check,97.06,1538.61,1,23.8,0,0,0.811,Critical Risk
Female,0,No,Yes,39,Yes,No,DSL,Yes,Yes,No,No,Yes,Yes,Month-to-month,Yes,Bank transfer (automatic),60.87,2373.39,0,21.4,0,0,0.396,Watch
Male,0,No,No,7,No,No,DSL,No,No,Yes,Yes,No,No,Two year,No,Bank transfer (automatic),49.32,357.44,3,10.3,0,0,0.18,Healthy
Male,0,Yes,Yes,55,Yes,No,No,No,No,No,No,No,No,Month-to-month,No,Electronic check,18.0,1007.22,1,18.2,1,0,0.406,High Risk
Female,0,No,No,13,Yes,Yes,DSL,No,No,No,No,No,No,Month-to-month,No,Mailed check,38.59,467.03,2,3.8,1,1,0.795,Critical Risk
Female,0,No,No,66,Yes,No,Fiber optic,Yes,No,No,Yes,No,No,Two year,Yes,Credit card (automatic),65.3,4316.06,2,4.7,0,0,0.054,Healthy
Female,0,Yes,No,71,Yes,Yes,No,No,No,No,No,No,No,One year,Yes,Electronic check,20.02,1396.88,1,8.6,0,0,0.067,Healthy
Female,0,No,No,39,Yes,No,DSL,Yes,No,No,Yes,No,Yes,Two year,No,Mailed check,57.71,2307.94,3,5.7,1,0,0.151,Healthy
Male,0,No,No,22,Yes,No,Fiber optic,Yes,No,No,No,No,No,Month-to-month,Yes,Bank transfer (automatic),66.59,1459.39,2,19.8,2,1,0.89,Critical Risk
Female,1,No,No,24,Yes,Yes,No,No,No,No,No,No,No,One year,Yes,Credit card (automatic),18.17,428.74,1,17.8,1,0,0.141,Healthy
Female,0,No,Yes,31,Yes,No,No,No,No,No,No,No,No,Two year,Yes,Electronic check,18.0,599.96,0,15.5,0,0,0.081,Healthy
Female,0,Yes,Yes,34,Yes,Yes,DSL,No,No,Yes,Yes,No,No,Two year,No,Credit card (automatic),48.49,1641.08,1,11.8,1,0,0.06,Healthy
Female,0,No,No,5,Yes,Yes,DSL,Yes,Yes,No,Yes,No,No,Month-to-month,Yes,Electronic check,55.64,261.44,1,20.1,1,0,0.758,Critical Risk
Female,0,No,No,14,Yes,No,Fiber optic,Yes,Yes,No,Yes,Yes,No,Month-to-month,Yes,Electronic check,83.06,1190.64,1,24.0,0,1,0.818,Critical Risk
Female,0,No,Yes,57,Yes,Yes,DSL,Yes,No,Yes,No,No,Yes,Month-to-month,Yes,Electronic check,53.39,3091.53,1,14.2,1,0,0.515,High Risk
Male,0,Yes,No,3,Yes,No,Fiber optic,No,No,Yes,Yes,No,No,One year,Yes,Credit card (automatic),73.66,221.37,3,17.4,0,1,0.514,High Risk
Male,0,Yes,No,32,Yes,No,DSL,No,Yes,Yes,Yes,Yes,Yes,Month-to-month,No,Electronic check,77.28,2473.53,1,13.1,1,0,0.671,High Risk
Male,1,No,No,63,Yes,No,No,No,No,No,No,No,No,Month-to-month,Yes,Electronic check,19.39,1198.23,2,9.6,1,0,0.382,Watch
Female,0,Yes,Yes,6,Yes,No,Fiber optic,Yes,No,No,Yes,Yes,Yes,Month-to-month,No,Credit card (automatic),86.8,550.85,0,9.4,3,1,0.904,Critical Risk
Female,0,Yes,No,67,Yes,No,Fiber optic,No,Yes,Yes,No,No,Yes,Month-to-month,No,Credit card (automatic),86.18,5767.22,1,8.7,0,1,0.375,Watch
Male,0,No,Yes,34,Yes,Yes,No,No,No,No,No,No,No,Two year,Yes,Electronic check,21.45,714.41,1,17.5,0,0,0.087,Healthy
Female,1,No,Yes,30,Yes,Yes,DSL,Yes,No,Yes,Yes,Yes,Yes,Month-to-month,Yes,Credit card (automatic),68.52,2078.56,2,20.3,3,1,0.684,High Risk
Female,1,No,No,52,Yes,No,Fiber optic,No,Yes,No,Yes,Yes,Yes,Two year,Yes,Credit card (automatic),85.23,4402.5,2,5.8,1,1,0.128,Healthy
Male,0,No,No,56,Yes,Yes,No,No,No,No,No,No,No,Month-to-month,No,Electronic check,19.28,1091.49,0,4.5,0,0,0.316,Watch
Male,0,No,Yes,34,Yes,Yes,Fiber optic,Yes,Yes,No,Yes,Yes,No,One year,Yes,Electronic check,87.11,2919.67,0,12.3,1,0,0.458,High Risk
Female,0,No,Yes,6,Yes,Yes,DSL,No,Yes,No,Yes,Yes,Yes,Month-to-month,Yes,Mailed check,67.23,417.91,0,16.7,0,0,0.577,High Risk
Male,0,No,No,70,Yes,No,No,No,No,No,No,No,No,Month-to-month,Yes,Bank transfer (automatic),18.0,1259.4,2,17.2,2,1,0.307,Watch
Female,0,No,No,0,Yes,Yes,DSL,Yes,Yes,Yes,No,Yes,Yes,Two year,Yes,Electronic check,69.9,17.76,3,18.3,0,0,0.388,Watch
Female,0,No,Yes,63,Yes,Yes,Fiber optic,No,Yes,Yes,Yes,No,No,Month-to-month,Yes,Bank transfer (automatic),81.36,5099.89,2,7.3,1,1,0.535,High Risk
Female,1,Yes,Yes,31,Yes,Yes,DSL,Yes,No,No,No,Yes,Yes,Month-to-month,Yes,Credit card (automatic),57.31,1774.21,2,5.7,0,0,0.581,High Risk
Male,0,Yes,No,37,Yes,No,Fiber optic,Yes,Yes,No,Yes,No,Yes,Two year,Yes,Mailed check,91.5,3365.72,2,15.7,0,0,0.182,Healthy
Female,0,No,Yes,55,Yes,No,DSL,Yes,Yes,No,Yes,Yes,No,Month-to-month,No,Electronic check,60.14,3281.77,0,6.0,0,0,0.374,Watch
Male,0,No,No,68,Yes,Yes,DSL,No,Yes,Yes,Yes,No,Yes,Two year,Yes,Electronic check,59.17,4033.5,2,14.3,1,0,0.042,Healthy
Male,0,No,No,10,Yes,Yes,Fiber optic,No,Yes,No,No,Yes,Yes,Month-to-month,No,Bank transfer (automatic),83.82,856.7,0,18.7,1,0,0.828,Critical Risk
Male,0,No,No,59,Yes,No,DSL,Yes,Yes,No,Yes,Yes,No,Month-to-month,Yes,Bank transfer (automatic),63.71,3709.52,1,1.8,1,0,0.438,High Risk
Male,0,No,No,48,Yes,No,Fiber optic,Yes,No,No,No,No,No,One year,Yes,Electronic check,69.46,3356.83,0,14.9,2,0,0.443,High Risk
Male,0,Yes,No,26,Yes,No,Fiber optic,No,Yes,Yes,No,No,No,Month-to-month,Yes,Bank transfer (automatic),69.67,1840.91,1,5.1,0,0,0.751,Critical Risk
Female,0,No,Yes,31,Yes,No,Fiber optic,No,No,No,No,Yes,Yes,One year,Yes,Electronic check,74.59,2354.29,1,18.1,0,0,0.508,High Risk
Male,0,No,No,56,Yes,Yes,DSL,Yes,Yes,Yes,No,No,Yes,Two year,Yes,Electronic check,64.92,3595.28,0,20.2,2,0,0.107,Healthy
Female,0,Yes,Yes,10,Yes,No,No,No,No,No,No,No,No,Month-to-month,No,Mailed check,18.58,213.59,2,10.9,0,1,0.62,High Risk
Male,0,No,No,36,Yes,Yes,DSL,No,No,Yes,No,Yes,Yes,One year,Yes,Bank transfer (automatic),52.37,1889.31,1,12.8,0,0,0.178,Healthy
Male,0,No,Yes,52,Yes,Yes,Fiber optic,Yes,Yes,No,No,Yes,Yes,Month-to-month,No,Electronic check,86.05,4469.04,3,9.4,0,1,0.814,Critical Risk
Female,1,No,No,39,Yes,No,DSL,No,Yes,No,No,No,No,One year,Yes,Bank transfer (automatic),44.22,1761.47,0,11.7,1,0,0.145,Healthy
Female,1,Yes,Yes,32,Yes,Yes,No,No,No,No,No,No,No,Month-to-month,No,Electronic check,18.0,574.17,1,20.2,0,0,0.416,High Risk
Female,0,Yes,No,38,Yes,Yes,Fiber optic,Yes,No,No,No,Yes,Yes,Month-to-month,Yes,Electronic check,82.61,3139.44,0,15.9,2,1,0.854,Critical Risk
Female,0,No,No,37,No,No,DSL,Yes,Yes,Yes,No,Yes,Yes,Month-to-month,No,Mailed check,72.81,2659.78,0,21.6,0,0,0.399,Watch
Male,0,No,Yes,58,Yes,Yes,DSL,Yes,No,No,No,Yes,Yes,One year,No,Mailed check,49.58,2838.34,1,1.9,0,0,0.132,Healthy
Male,0,No,No,59,Yes,Yes,Fiber optic,No,Yes,Yes,Yes,Yes,No,Month-to-month,No,Bank transfer (automatic),94.82,5596.6,0,18.3,0,0,0.393,Watch
Female,0,Yes,Yes,67,Yes,No,DSL,No,No,No,No,No,No,Month-to-month,No,Electronic check,37.17,2530.14,1,15.3,0,0,0.28,Watch
Female,0,No,No,5,Yes,Yes,Fiber optic,Yes,No,No,Yes,No,No,Month-to-month,Yes,Electronic check,71.06,377.1,1,17.8,0,0,0.844,Critical Risk
Male,0,Yes,No,23,Yes,Yes,DSL,No,No,Yes,No,Yes,No,Month-to-month,Yes,Credit card (automatic),47.42,1110.05,0,10.4,0,0,0.421,High Risk
Male,0,Yes,No,64,No,No,DSL,No,Yes,No,Yes,Yes,No,Month-to-month,Yes,Electronic check,46.46,2944.53,1,3.0,0,0,0.244,Watch
Female,0,Yes,No,46,Yes,No,Fiber optic,Yes,Yes,Yes,No,Yes,No,Month-to-month,No,Electronic check,82.16,3791.22,1,3.2,1,0,0.762,Critical Risk
Female,0,No,No,27,Yes,Yes,Fiber optic,Yes,No,Yes,Yes,Yes,Yes,Month-to-month,Yes,Mailed check,86.3,2352.64,1,13.6,1,1,0.774,Critical Risk
Male,0,No,No,45,Yes,No,DSL,No,No,Yes,Yes,No,Yes,Month-to-month,Yes,Electronic check,52.07,2351.09,0,18.0,1,0,0.349,Watch
Male,0,Yes,No,33,Yes,No,Fiber optic,No,No,No,No,No,Yes,Month-to-month,Yes,Bank transfer (automatic),68.15,2213.37,4,11.7,0,0,0.838,Critical Risk
Female,0,No,No,64,No,No,No,No,No,No,No,No,No,One year,Yes,Bank transfer (automatic),22.57,1481.45,2,15.6,1,0,0.104,Healthy
Male,0,No,No,40,Yes,No,No,No,No,No,No,No,No,Month-to-month,Yes,Mailed check,18.0,727.89,4,17.7,0,0,0.473,High Risk
Male,0,No,No,32,Yes,Yes,Fiber optic,No,Yes,No,Yes,No,No,Month-to-month,No,Electronic check,70.92,2241.78,1,1.4,2,1,0.834,Critical Risk
Male,0,No,Yes,45,No,No,No,No,No,No,No,No,No,One year,Yes,Bank transfer (automatic),19.71,920.82,2,10.4,1,0,0.159,Healthy
Female,1,No,No,13,Yes,Yes,DSL,No,Yes,No,No,Yes,No,One year,Yes,Bank transfer (automatic),55.39,716.2,2,18.4,1,1,0.448,High Risk
Male,0,Yes,Yes,56,Yes,No,DSL,Yes,No,No,No,No,No,Month-to-month,No,Electronic check,44.42,2501.7,4,27.2,1,0,0.656,High Risk
Male,1,Yes,No,14,Yes,No,DSL,No,No,Yes,No,No,No,Two year,Yes,Electronic check,45.49,625.35,2,18.6,1,0,0.271,Watch
Male,0,No,No,1,Yes,No,DSL,Yes,Yes,No,Yes,No,No,Month-to-month,No,Electronic check,57.53,40.21,0,7.4,0,1,0.741,Critical Risk
Female,0,No,No,3,Yes,Yes,No,No,No,No,No,No,No,Month-to-month,Yes,Bank transfer (automatic),19.46,75.48,1,21.3,1,0,0.688,High Risk
Male,0,No,Yes,4,Yes,Yes,DSL,No,Yes,No,Yes,No,No,Two year,Yes,Mailed check,43.97,149.56,0,12.5,1,0,0.124,Healthy
Male,0,No,Yes,7,Yes,No,Fiber optic,Yes,Yes,No,Yes,Yes,No,Month-to-month,No,Bank transfer (automatic),84.27,625.59,0,12.0,0,0,0.774,Critical Risk
Male,0,No,No,3,Yes,No,DSL,Yes,No,No,Yes,No,Yes,Two year,Yes,Electronic check,57.36,170.57,1,5.8,0,0,0.286,Watch
Female,1,No,No,21,Yes,No,No,No,No,No,No,No,No,One year,No,Credit card (automatic),18.0,378.38,1,25.3,0,0,0.103,Healthy
Female,0,No,No,70,Yes,Yes,No,No,No,No,No,No,No,Month-to-month,Yes,Mailed check,18.0,1259.74,0,6.0,0,0,0.132,Healthy
Female,0,Yes,No,7,Yes,No,Fiber optic,Yes,Yes,No,Yes,Yes,No,Month-to-month,No,Electronic check,87.37,621.69,1,11.5,0,0,0.871,Critical Risk
Male,0,No,Yes,49,Yes,No,Fiber optic,Yes,Yes,Yes,No,Yes,No,Two year,Yes,Electronic check,88.32,4310.09,0,11.5,3,0,0.427,High Risk
Female,0,No,No,63,Yes,Yes,No,No,No,No,No,No,No,Two year,Yes,Credit card (automatic),19.53,1229.21,1,12.5,0,0,0.019,Healthy
Male,0,Yes,No,59,Yes,No,No,No,No,No,No,No,No,One year,Yes,Electronic check,18.14,1111.61,0,20.5,2,0,0.138,Healthy
Female,0,Yes,Yes,26,Yes,Yes,Fiber optic,Yes,Yes,Yes,Yes,Yes,No,Month-to-month,No,Electronic check,88.13,2307.09,1,11.9,0,1,0.779,Critical Risk
Male,0,No,No,3,Yes,No,Fiber optic,No,No,No,No,No,Yes,One year,Yes,Bank transfer (automatic),68.28,195.57,2,20.7,0,0,0.625,High Risk
Female,0,No,Yes,26,Yes,No,DSL,Yes,No,Yes,No,No,Yes,Month-to-month,No,Credit card (automatic),55.62,1427.47,1,15.2,2,0,0.698,High Risk
Female,0,Yes,Yes,43,Yes,No,Fiber optic,Yes,No,Yes,No,No,No,Month-to-month,No,Mailed check,77.33,3293.9,4,15.3,1,0,0.824,Critical Risk
Male,0,Yes,Yes,55,Yes,No,No,No,No,No,No,No,No,Two year,No,Electronic check,19.11,1065.82,1,18.9,1,0,0.066,Healthy
Female,0,Yes,No,10,Yes,Yes,DSL,Yes,No,No,No,No,No,Month-to-month,No,Bank transfer (automatic),42.51,406.17,2,14.3,1,0,0.776,Critical Risk
Male,0,Yes,No,21,Yes,No,DSL,Yes,No,Yes,No,Yes,Yes,One year,Yes,Electronic check,58.58,1248.26,1,15.1,0,0,0.375,Watch
Male,0,No,Yes,43,Yes,No,DSL,Yes,No,Yes,No,Yes,No,Month-to-month,Yes,Credit card (automatic),59.11,2543.32,2,21.1,0,0,0.412,High Risk
Male,0,No,No,52,Yes,Yes,No,No,No,No,No,No,No,One year,Yes,Credit card (automatic),18.88,985.54,1,7.1,1,0,0.115,Healthy
Female,0,No,No,22,Yes,Yes,Fiber optic,Yes,No,Yes,No,No,No,Month-to-month,No,Credit card (automatic),72.32,1585.76,2,16.9,1,0,0.791,Critical Risk
Male,0,Yes,No,60,Yes,No,No,No,No,No,No,No,No,Month-to-month,Yes,Electronic check,22.43,1333.14,2,28.1,2,0,0.485,High Risk
Female,0,Yes,Yes,58,Yes,Yes,Fiber optic,Yes,No,No,No,Yes,No,Month-to-month,No,Credit card (automatic),72.81,4208.57,2,11.1,3,1,0.787,Critical Risk
Female,0,Yes,Yes,26,Yes,Yes,DSL,Yes,Yes,No,Yes,No,No,Two year,Yes,Bank transfer (automatic),56.53,1479.48,2,19.9,0,0,0.113,Healthy
Female,0,No,Yes,39,No,No,Fiber optic,No,No,Yes,No,Yes,No,Two year,Yes,Electronic check,74.96,2904.69,0,9.2,0,0,0.181,Healthy
Female,0,No,No,34,Yes,No,DSL,Yes,No,Yes,Yes,Yes,No,Month-to-month,No,Bank transfer (automatic),62.92,2128.58,3,14.8,0,0,0.588,High Risk
Male,0,Yes,No,48,Yes,Yes,Fiber optic,No,No,No,Yes,Yes,Yes,One year,Yes,Credit card (automatic),81.97,3917.92,1,9.1,1,1,0.22,Watch
Female,0,No,Yes,23,Yes,No,Fiber optic,Yes,Yes,Yes,No,Yes,No,Month-to-month,Yes,Mailed check,82.93,1938.66,1,21.9,2,1,0.841,Critical Risk
Male,0,Yes,No,24,Yes,Yes,Fiber optic,Yes,Yes,Yes,Yes,No,Yes,Month-to-month,Yes,Bank transfer (automatic),91.76,2162.37,2,17.1,0,1,0.72,Critical Risk
Female,0,Yes,Yes,30,Yes,Yes,Fiber optic,No,No,No,No,No,Yes,One year,Yes,Electronic check,64.34,1942.57,0,1.5,0,0,0.469,High Risk
Male,0,No,Yes,15,Yes,No,Fiber optic,Yes,No,No,Yes,No,Yes,Month-to-month,Yes,Bank transfer (automatic),81.67,1267.61,2,15.3,1,0,0.881,Critical Risk
Female,1,Yes,No,42,Yes,No,No,No,No,No,No,No,No,Month-to-month,Yes,Mailed check,18.0,714.78,0,15.1,0,0,0.215,Watch
Female,0,No,Yes,69,Yes,No,DSL,No,No,Yes,Yes,Yes,Yes,Month-to-month,No,Electronic check,65.51,4530.62,1,16.4,1,0,0.319,Watch
Female,0,Yes,Yes,25,No,No,No,No,No,No,No,No,No,One year,Yes,Electronic check,18.0,432.23,2,24.8,2,1,0.422,High Risk
Male,0,No,No,62,Yes,Yes,Fiber optic,No,Yes,No,Yes,Yes,Yes,Two year,Yes,Bank transfer (automatic),88.4,5497.54,3,9.7,2,0,0.208,Watch
Female,0,Yes,No,33,Yes,Yes,Fiber optic,Yes,Yes,No,Yes,Yes,Yes,Two year,No,Electronic check,95.06,3111.96,1,16.3,0,0,0.235,Watch
Male,0,Yes,No,12,Yes,Yes,DSL,No,No,Yes,Yes,Yes,No,Two year,No,Mailed check,51.64,639.56,4,0.0,0,0,0.21,Watch
Male,0,Yes,No,36,Yes,Yes,DSL,No,Yes,No,Yes,Yes,Yes,One year,Yes,Credit card (automatic),61.46,2201.1,0,21.9,1,0,0.102,Healthy
Male,0,No,No,36,Yes,Yes,Fiber optic,Yes,No,Yes,No,No,Yes,Month-to-month,No,Credit card (automatic),79.42,2834.2,1,4.5,1,0,0.728,Critical Risk
Female,0,No,No,1,Yes,No,No,No,No,No,No,No,No,Two year,Yes,Bank transfer (automatic),21.82,20.37,0,8.8,2,0,0.287,Watch
Female,0,No,No,34,No,No,Fiber optic,Yes,Yes,Yes,Yes,Yes,Yes,Month-to-month,Yes,Electronic check,98.29,3327.11,1,14.0,0,1,0.731,Critical Risk
Female,1,Yes,No,11,Yes,No,DSL,No,No,No,No,Yes,Yes,Month-to-month,Yes,Electronic check,55.92,567.52,3,16.8,0,0,0.811,Critical Risk
Male,0,Yes,Yes,57,Yes,Yes,No,No,No,No,No,No,No,Two year,Yes,Electronic check,18.0,999.73,3,8.1,0,0,0.079,Healthy
Male,0,Yes,No,39,No,No,No,No,No,No,No,No,No,One year,No,Credit card (automatic),18.93,766.11,0,24.1,0,0,0.054,Healthy
Female,0,No,Yes,22,Yes,No,Fiber optic,Yes,No,Yes,Yes,No,Yes,One year,No,Bank transfer (automatic),88.48,1941.84,3,12.6,0,0,0.543,High Risk
Male,0,Yes,No,0,Yes,Yes,DSL,No,No,No,No,No,Yes,One year,No,Mailed check,45.24,12.52,2,21.2,1,0,0.481,High Risk
Male,0,Yes,No,41,Yes,Yes,Fiber optic,No,Yes,Yes,Yes,No,Yes,Two year,No,Credit card (automatic),83.19,3391.62,2,8.2,1,0,0.117,Healthy
Female,1,No,No,51,Yes,No,No,No,No,No,No,No,No,Month-to-month,Yes,Mailed check,18.0,929.15,0,30.0,1,0,0.229,Watch
Male,1,No,No,30,Yes,No,DSL,Yes,Yes,No,No,Yes,Yes,Month-to-month,Yes,Mailed check,55.24,1659.97,0,13.7,0,0,0.432,High Risk
Female,0,Yes,No,66,Yes,Yes,DSL,Yes,No,No,Yes,No,No,Two year,Yes,Electronic check,51.2,3406.06,1,13.7,0,0,0.039,Healthy
Female,0,Yes,Yes,14,Yes,No,Fiber optic,No,Yes,Yes,Yes,No,No,Two year,Yes,Electronic check,81.64,1144.74,0,16.4,1,0,0.323,Watch
Female,0,Yes,No,55,Yes,Yes,Fiber optic,Yes,No,No,Yes,No,No,One year,Yes,Bank transfer (automatic),79.33,4358.68,1,12.9,2,0,0.397,Watch
Female,0,No,Yes,36,No,No,DSL,No,No,Yes,Yes,Yes,No,Month-to-month,Yes,Electronic check,51.05,1832.35,0,19.4,0,0,0.356,Watch
Female,0,Yes,No,22,Yes,Yes,Fiber optic,Yes,No,Yes,No,Yes,No,Two year,No,Electronic check,81.94,1798.93,1,15.2,1,0,0.435,High Risk
Female,1,No,No,21,Yes,Yes,No,No,No,No,No,No,No,Two year,Yes,Credit card (automatic),18.0,387.5,2,11.6,1,0,0.097,Healthy
Male,0,Yes,No,32,Yes,No,No,No,No,No,No,No,No,Month-to-month,No,Bank transfer (automatic),18.0,585.38,2,13.3,2,1,0.65,High Risk
Male,0,No,No,5,Yes,Yes,DSL,Yes,Yes,Yes,Yes,Yes,No,One year,Yes,Credit card (automatic),72.22,337.25,0,9.6,3,0,0.494,High Risk
Male,0,No,Yes,47,Yes,Yes,No,No,No,No,No,No,No,Two year,No,Electronic check,21.72,1048.94,1,12.3,1,0,0.071,Healthy
Female,0,Yes,Yes,29,Yes,Yes,Fiber optic,Yes,Yes,Yes,Yes,No,Yes,Month-to-month,Yes,Credit card (automatic),90.96,2615.65,1,0.0,1,0,0.746,Critical Risk
Female,1,Yes,No,49,Yes,Yes,DSL,Yes,No,Yes,Yes,No,Yes,Month-to-month,No,Bank transfer (automatic),60.48,2959.14,0,5.3,1,0,0.381,Watch
Male,0,Yes,Yes,37,Yes,Yes,DSL,No,No,No,No,No,No,Two year,Yes,Electronic check,38.9,1436.97,2,14.1,1,0,0.171,Healthy
Female,0,No,No,71,Yes,Yes,No,No,No,No,No,No,No,One year,Yes,Credit card (automatic),19.0,1345.52,3,13.6,0,0,0.049,Healthy
Male,1,No,No,6,Yes,No,DSL,Yes,Yes,No,No,No,Yes,One year,No,Electronic check,60.92,367.42,3,22.2,0,1,0.523,High Risk
Female,0,No,No,35,Yes,Yes,DSL,No,Yes,No,Yes,Yes,No,One year,Yes,Credit card (automatic),55.6,1927.57,0,19.2,0,1,0.079,Healthy
Female,0,Yes,Yes,39,Yes,No,Fiber optic,No,Yes,Yes,No,No,Yes,Month-to-month,Yes,Bank transfer (automatic),81.25,3170.94,1,16.3,0,0,0.617,High Risk
Female,0,Yes,Yes,18,Yes,No,Fiber optic,Yes,No,Yes,No,Yes,No,Two year,Yes,Mailed check,89.39,1602.21,2,9.7,0,0,0.456,High Risk
Male,0,No,No,49,No,No,DSL,Yes,No,Yes,No,No,No,One year,Yes,Credit card (automatic),50.02,2480.18,1,17.6,0,0,0.115,Healthy
Male,0,No,No,26,Yes,Yes,Fiber optic,Yes,No,Yes,No,No,No,Month-to-month,Yes,Electronic check,78.21,2028.42,2,11.0,1,1,0.916,Critical Risk
Female,0,No,No,55,Yes,Yes,Fiber optic,Yes,Yes,No,No,No,Yes,One year,Yes,Mailed check,73.57,4077.37,0,13.0,1,1,0.242,Watch
Female,0,No,No,67,Yes,Yes,No,No,No,No,No,No,No,One year,Yes,Mailed check,18.0,1212.36,0,1.4,1,0,0.065,Healthy
Female,1,No,No,62,Yes,Yes,Fiber optic,Yes,Yes,Yes,No,No,Yes,One year,Yes,Electronic check,90.69,5615.85,1,14.7,0,0,0.244,Watch
Male,0,No,Yes,46,Yes,No,DSL,Yes,Yes,Yes,No,No,No,Month-to-month,No,Electronic check,51.31,2390.3,0,13.2,0,0,0.349,Watch
Male,1,No,No,52,Yes,No,No,No,No,No,No,No,No,Month-to-month,No,Electronic check,18.0,971.29,0,16.0,1,0,0.347,Watch
Male,1,No,No,63,Yes,No,Fiber optic,Yes,No,Yes,Yes,No,No,Month-to-month,No,Electronic check,74.29,4671.79,1,13.5,0,0,0.41,High Risk
Female,0,No,No,71,Yes,No,Fiber optic,Yes,Yes,No,Yes,Yes,No,Month-to-month,Yes,Bank transfer (automatic),88.76,6306.25,1,3.4,2,0,0.595,High Risk
Male,0,No,No,52,Yes,No,DSL,No,No,No,No,Yes,No,Two year,No,Credit card (automatic),46.82,2449.6,2,18.9,0,0,0.057,Healthy
Male,0,Yes,No,66,Yes,No,Fiber optic,No,No,No,Yes,Yes,No,One year,No,Bank transfer (automatic),76.71,5065.47,3,14.5,3,0,0.424,High Risk
Male,0,No,No,70,Yes,Yes,DSL,No,Yes,Yes,Yes,Yes,Yes,One year,No,Mailed check,74.77,5227.0,0,21.5,0,0,0.034,Healthy
Female,0,No,Yes,12,Yes,No,Fiber optic,Yes,No,No,Yes,Yes,Yes,Month-to-month,No,Mailed check,84.95,1011.02,3,0.6,1,1,0.913,Critical Risk
Female,0,Yes,Yes,36,Yes,No,DSL,No,No,No,Yes,Yes,No,Month-to-month,Yes,Electronic check,48.92,1791.41,2,12.5,0,0,0.564,High Risk
Female,0,No,No,26,Yes,No,Fiber optic,No,Yes,No,No,Yes,Yes,Two year,No,Bank transfer (automatic),80.91,2131.83,0,21.3,0,0,0.195,Healthy
Male,0,Yes,No,69,Yes,No,DSL,Yes,No,No,Yes,Yes,Yes,Month-to-month,Yes,Credit card (automatic),67.08,4619.87,0,5.5,1,0,0.241,Watch
Male,0,Yes,No,54,Yes,No,Fiber optic,Yes,No,No,Yes,Yes,No,One year,Yes,Mailed check,85.26,4599.51,0,20.5,0,0,0.203,Watch
Male,0,Yes,No,64,Yes,No,Fiber optic,Yes,Yes,No,No,Yes,Yes,Month-to-month,Yes,Electronic check,89.74,5731.83,0,21.7,0,1,0.535,High Risk
Male,0,No,No,25,Yes,No,Fiber optic,No,No,Yes,No,Yes,Yes,Two year,Yes,Bank transfer (automatic),78.13,1984.2,2,17.1,0,1,0.306,Watch
Female,0,No,Yes,61,Yes,Yes,No,No,No,No,No,No,No,One year,No,Bank transfer (automatic),18.65,1131.34,2,9.0,1,0,0.12,Healthy
Female,1,No,No,5,Yes,No,Fiber optic,Yes,Yes,Yes,No,Yes,No,Two year,No,Electronic check,85.18,433.14,2,8.4,0,1,0.494,High Risk
Female,1,Yes,Yes,68,Yes,Yes,Fiber optic,Yes,Yes,Yes,Yes,Yes,No,Two year,No,Electronic check,88.03,6008.96,0,14.7,2,1,0.083,Healthy
Male,0,No,No,16,Yes,Yes,Fiber optic,No,No,Yes,No,Yes,Yes,Month-to-month,No,Mailed check,76.98,1192.79,2,18.8,0,1,0.805,Critical Risk
Male,0,Yes,No,38,Yes,Yes,No,No,No,No,No,No,No,One year,Yes,Electronic check,18.0,684.84,0,26.2,0,0,0.106,Healthy
Female,0,Yes,Yes,52,Yes,No,No,No,No,No,No,No,No,Month-to-month,No,Electronic check,18.62,935.11,0,17.5,0,0,0.313,Watch
Male,0,Yes,No,54,Yes,No,Fiber optic,No,No,Yes,Yes,Yes,No,One year,Yes,Bank transfer (automatic),83.88,4561.56,2,9.1,0,0,0.295,Watch
Male,0,No,No,15,Yes,Yes,No,No,No,No,No,No,No,Month-to-month,Yes,Credit card (automatic),18.0,235.53,0,21.7,0,1,0.382,Watch
Male,0,Yes,No,40,Yes,Yes,DSL,No,No,No,No,No,Yes,Month-to-month,Yes,Bank transfer (automatic),46.07,1801.66,3,24.8,0,1,0.492,High Risk
Male,0,No,Yes,38,Yes,No,No,No,No,No,No,No,No,One year,No,Electronic check,18.0,719.03,1,16.6,0,0,0.155,Healthy
Female,0,No,Yes,56,Yes,No,Fiber optic,No,No,No,No,No,No,Month-to-month,Yes,Electronic check,66.41,3706.58,2,17.9,0,0,0.696,High Risk
Female,0,Yes,No,23,Yes,No,DSL,No,No,No,No,No,No,Month-to-month,No,Credit card (automatic),42.37,948.76,0,19.6,2,0,0.584,High Risk
Male,1,No,No,55,No,No,Fiber optic,Yes,Yes,No,No,No,No,One year,Yes,Electronic check,67.52,3684.08,1,0.0,0,0,0.293,Watch
Female,0,Yes,No,44,Yes,Yes,DSL,Yes,No,Yes,Yes,Yes,No,Month-to-month,Yes,Credit card (automatic),68.91,3039.82,0,15.2,1,0,0.342,Watch
Male,0,Yes,Yes,55,Yes,No,No,No,No,No,No,No,No,Two year,No,Mailed check,20.75,1147.81,2,12.7,0,0,0.047,Healthy
Male,1,Yes,No,63,Yes,No,No,No,No,No,No,No,No,Month-to-month,No,Electronic check,19.82,1260.34,0,8.0,1,1,0.277,Watch
Male,0,No,No,31,Yes,No,Fiber optic,No,No,Yes,Yes,No,Yes,Month-to-month,No,Electronic check,80.11,2479.76,2,16.8,0,0,0.754,Critical Risk
Female,0,No,Yes,31,Yes,Yes,DSL,No,Yes,No,Yes,No,No,Month-to-month,Yes,Bank transfer (automatic),49.4,1572.09,1,16.3,0,0,0.402,High Risk
Female,0,No,No,58,Yes,No,No,No,No,No,No,No,No,Two year,Yes,Electronic check,19.11,1110.92,0,16.7,0,0,0.036,Healthy
Female,1,No,No,57,Yes,Yes,No,No,No,No,No,No,No,One year,Yes,Credit card (automatic),20.59,1169.04,0,16.8,0,0,0.039,Healthy
Male,0,Yes,No,63,Yes,Yes,Fiber optic,No,No,Yes,No,Yes,No,Month-to-month,Yes,Electronic check,76.44,4792.45,5,17.5,1,0,0.821,Critical Risk
Male,0,No,No,40,Yes,No,Fiber optic,No,Yes,Yes,Yes,Yes,Yes,Month-to-month,Yes,Electronic check,98.68,3918.16,2,16.4,0,1,0.725,Critical Risk
Female,0,Yes,Yes,46,Yes,No,Fiber optic,Yes,No,No,Yes,No,No,One year,Yes,Mailed check,75.76,3527.9,1,13.2,1,0,0.288,Watch
Male,0,Yes,No,4,No,No,DSL,Yes,No,No,Yes,Yes,No,Two year,Yes,Bank transfer (automatic),53.01,182.61,1,7.6,0,0,0.185,Healthy
Male,0,No,Yes,33,Yes,Yes,No,No,No,No,No,No,No,Month-to-month,No,Credit card (automatic),18.0,570.93,0,29.8,2,0,0.355,Watch
Female,0,Yes,No,17,Yes,No,DSL,No,No,Yes,No,No,Yes,Two year,Yes,Credit card (automatic),49.03,833.4,3,20.4,2,1,0.254,Watch
Female,0,Yes,No,62,No,No,DSL,Yes,Yes,Yes,No,Yes,Yes,One year,Yes,Mailed check,71.38,4457.33,1,19.8,1,0,0.13,Healthy
Male,0,Yes,No,8,Yes,Yes,DSL,No,Yes,No,No,Yes,No,One year,Yes,Bank transfer (automatic),53.22,404.86,1,17.1,1,0,0.425,High Risk
Male,0,Yes,No,56,Yes,Yes,Fiber optic,Yes,No,No,No,No,No,Month-to-month,Yes,Credit card (automatic),72.06,4031.8,1,20.0,0,0,0.498,High Risk
Female,0,No,No,61,Yes,No,Fiber optic,Yes,No,Yes,Yes,No,Yes,Month-to-month,Yes,Bank transfer (automatic),87.85,5366.91,0,14.5,0,0,0.412,High Risk
Male,0,No,Yes,34,Yes,No,No,No,No,No,No,No,No,Month-to-month,No,Electronic check,18.46,632.46,0,18.5,0,0,0.403,High Risk
Male,0,No,No,48,Yes,Yes,No,No,No,No,No,No,No,One year,Yes,Credit card (automatic),18.39,909.54,0,1.6,0,0,0.057,Healthy
Male,0,Yes,No,42,Yes,Yes,DSL,Yes,Yes,No,Yes,Yes,Yes,Month-to-month,No,Mailed check,64.17,2705.82,1,21.5,0,0,0.29,Watch
Male,1,No,No,50,Yes,Yes,DSL,No,Yes,No,No,Yes,No,Month-to-month,Yes,Mailed check,49.05,2500.45,2,14.5,0,1,0.389,Watch
Female,1,No,No,50,Yes,Yes,Fiber optic,Yes,No,Yes,No,Yes,Yes,Month-to-month,No,Electronic check,83.44,4183.88,1,11.2,1,1,0.766,Critical Risk
Female,0,No,No,18,Yes,No,No,No,No,No,No,No,No,Two year,Yes,Credit card (automatic),20.46,376.48,2,16.1,2,0,0.182,Healthy
Female,0,No,No,50,Yes,Yes,No,No,No,No,No,No,No,Month-to-month,Yes,Credit card (automatic),18.0,874.69,2,16.9,1,0,0.366,Watch
Male,0,No,No,65,Yes,Yes,DSL,No,Yes,Yes,No,Yes,Yes,Month-to-month,Yes,Credit card (automatic),59.78,3893.39,1,19.5,0,0,0.166,Healthy
Male,0,No,No,22,Yes,No,DSL,Yes,Yes,No,No,Yes,No,Month-to-month,Yes,Electronic check,53.62,1162.76,1,19.0,1,0,0.737,Critical Risk
Female,0,No,No,22,Yes,No,No,No,No,No,No,No,No,Month-to-month,Yes,Electronic check,18.0,392.39,1,23.7,2,1,0.693,High Risk
Male,1,Yes,Yes,21,Yes,No,Fiber optic,No,No,Yes,Yes,No,Yes,One year,Yes,Electronic check,89.64,1888.92,0,10.4,0,0,0.44,High Risk
Female,0,Yes,No,66,Yes,Yes,Fiber optic,No,Yes,No,No,Yes,Yes,One year,Yes,Electronic check,83.22,5504.1,0,15.6,1,0,0.249,Watch
Female,0,No,No,64,Yes,No,DSL,Yes,Yes,Yes,No,Yes,No,One year,Yes,Electronic check,68.17,4366.43,0,14.2,0,0,0.125,Healthy
Male,1,Yes,No,25,Yes,Yes,DSL,Yes,Yes,Yes,No,No,No,One year,Yes,Mailed check,54.13,1332.39,1,4.0,2,0,0.404,High Risk
Female,0,Yes,No,68,Yes,Yes,DSL,No,Yes,Yes,Yes,No,Yes,Month-to-month,No,Credit card (automatic),58.13,3931.65,2,18.0,1,0,0.161,Healthy
Female,0,No,No,55,No,No,Fiber optic,Yes,Yes,Yes,No,Yes,No,Month-to-month,No,Mailed check,91.97,5034.76,0,14.0,0,0,0.541,High Risk
Male,0,Yes,No,29,Yes,No,Fiber optic,Yes,No,Yes,Yes,No,No,One year,No,Electronic check,79.26,2309.92,2,19.1,0,1,0.481,High Risk
Female,0,Yes,No,60,Yes,No,Fiber optic,No,No,Yes,No,No,No,Month-to-month,No,Electronic check,72.38,4339.18,0,19.7,0,0,0.507,High Risk
Male,1,No,Yes,66,No,No,Fiber optic,No,Yes,No,No,Yes,Yes,Month-to-month,Yes,Bank transfer (automatic),85.57,5653.65,1,11.6,0,0,0.429,High Risk
Female,0,Yes,No,63,Yes,No,DSL,Yes,Yes,Yes,No,No,No,Month-to-month,Yes,Bank transfer (automatic),57.22,3582.11,0,26.0,1,0,0.265,Watch
Female,0,Yes,No,34,Yes,Yes,DSL,Yes,Yes,No,Yes,No,Yes,Month-to-month,Yes,Mailed check,64.33,2174.33,4,7.3,0,0,0.644,High Risk
Male,0,Yes,No,15,Yes,No,DSL,No,Yes,No,Yes,Yes,No,Month-to-month,No,Credit card (automatic),56.7,875.98,1,5.0,0,0,0.541,High Risk
Female,1,Yes,No,12,Yes,No,DSL,No,No,No,Yes,Yes,No,Two year,No,Electronic check,48.65,577.15,0,9.4,0,0,0.115,Healthy
Male,0,Yes,No,60,Yes,Yes,No,No,No,No,No,No,No,Month-to-month,No,Bank transfer (automatic),18.81,1160.95,1,11.2,0,0,0.228,Watch
Female,0,No,No,53,Yes,No,DSL,No,No,Yes,No,No,Yes,Two year,Yes,Bank transfer (automatic),54.34,2893.29,1,11.6,0,0,0.067,Healthy
Female,0,Yes,No,51,Yes,No,DSL,No,Yes,No,No,No,No,Month-to-month,Yes,Credit card (automatic),45.86,2329.5,1,18.5,1,0,0.374,Watch
Female,1,Yes,Yes,3,Yes,No,No,No,No,No,No,No,No,Month-to-month,Yes,Electronic check,18.0,77.45,2,11.4,0,1,0.734,Critical Risk
Female,0,No,No,70,Yes,No,Fiber optic,No,Yes,Yes,No,No,Yes,Month-to-month,Yes,Mailed check,84.8,5941.63,1,17.2,1,0,0.449,High Risk
Male,0,Yes,Yes,8,Yes,Yes,DSL,No,No,Yes,No,No,No,Month-to-month,Yes,Mailed check,44.74,335.98,0,5.1,1,0,0.702,Critical Risk
Female,1,Yes,No,42,Yes,Yes,DSL,No,No,Yes,No,Yes,Yes,Two year,No,Mailed check,58.72,2467.2,0,16.6,0,0,0.04,Healthy
Male,0,Yes,No,68,Yes,No,DSL,Yes,Yes,Yes,Yes,No,Yes,One year,No,Electronic check,64.8,4407.73,2,9.8,1,0,0.127,Healthy
Female,0,Yes,No,17,Yes,Yes,DSL,No,No,Yes,No,Yes,No,Two year,Yes,Mailed check,47.81,797.96,0,15.7,2,0,0.192,Healthy
Male,0,Yes,No,37,Yes,Yes,Fiber optic,Yes,No,No,Yes,No,No,Month-to-month,No,Electronic check,73.41,2705.86,1,11.8,1,1,0.761,Critical Risk
Female,0,Yes,No,61,Yes,No,Fiber optic,No,No,Yes,Yes,Yes,Yes,Month-to-month,Yes,Mailed check,91.36,5535.59,2,11.8,0,0,0.534,High Risk
Male,0,No,No,19,Yes,No,DSL,Yes,No,No,Yes,Yes,Yes,Two year,Yes,Credit card (automatic),60.74,1156.53,3,14.7,2,0,0.264,Watch
Female,0,No,No,7,Yes,Yes,No,No,No,No,No,No,No,Month-to-month,No,Electronic check,21.27,139.61,2,17.8,0,1,0.717,Critical Risk
Male,0,No,Yes,35,Yes,No,DSL,No,No,No,Yes,Yes,Yes,Month-to-month,No,Electronic check,59.31,2065.33,0,25.5,0,0,0.424,High Risk
Female,0,Yes,Yes,58,Yes,No,Fiber optic,No,No,No,No,Yes,No,One year,No,Electronic check,67.3,3918.37,0,17.0,1,0,0.307,Watch
Male,0,No,No,42,Yes,Yes,DSL,No,Yes,Yes,Yes,Yes,Yes,Month-to-month,Yes,Bank transfer (automatic),61.44,2638.86,1,18.6,0,0,0.262,Watch
Male,1,No,No,32,Yes,No,DSL,Yes,No,Yes,Yes,Yes,No,One year,Yes,Bank transfer (automatic),63.13,2011.78,1,18.5,0,0,0.165,Healthy
Male,0,Yes,No,46,Yes,Yes,Fiber optic,No,Yes,No,No,Yes,Yes,Two year,No,Electronic check,80.76,3722.52,1,7.5,0,0,0.168,Healthy
Male,0,No,Yes,3,Yes,Yes,DSL,No,No,No,Yes,Yes,Yes,Month-to-month,Yes,Mailed check,56.47,190.53,1,15.4,1,0,0.729,Critical Risk
Female,0,No,Yes,25,Yes,Yes,DSL,Yes,Yes,Yes,Yes,No,No,Month-to-month,No,Electronic check,58.1,1460.97,1,10.5,1,0,0.672,High Risk
Male,0,Yes,No,64,Yes,No,Fiber optic,Yes,Yes,No,Yes,Yes,Yes,Two year,Yes,Bank transfer (automatic),90.61,5800.06,2,27.5,0,0,0.07,Healthy
Male,0,No,No,28,Yes,Yes,No,No,No,No,No,No,No,Two year,Yes,Electronic check,18.0,512.43,0,17.9,1,0,0.114,Healthy
Male,0,Yes,Yes,70,Yes,Yes,Fiber optic,Yes,No,Yes,Yes,No,No,One year,No,Bank transfer (automatic),83.54,5854.23,1,6.6,2,0,0.238,Watch
Male,0,Yes,Yes,40,No,No,DSL,Yes,No,Yes,No,Yes,No,One year,Yes,Electronic check,59.33,2362.71,1,10.2,1,0,0.341,Watch
Female,0,Yes,Yes,68,Yes,No,DSL,No,Yes,No,Yes,Yes,No,One year,No,Mailed check,52.98,3617.64,1,8.6,1,0,0.068,Healthy
Female,0,Yes,No,45,Yes,No,Fiber optic,No,Yes,Yes,Yes,Yes,Yes,Month-to-month,Yes,Credit card (automatic),92.79,4178.01,0,15.8,0,0,0.361,Watch
Male,1,No,No,30,Yes,No,DSL,No,Yes,No,Yes,Yes,No,Month-to-month,No,Mailed check,56.83,1704.33,1,13.5,1,0,0.486,High Risk
Female,0,No,No,67,Yes,Yes,DSL,Yes,Yes,No,Yes,No,No,Month-to-month,No,Mailed check,49.24,3294.0,3,14.2,2,0,0.36,Watch
Female,0,Yes,No,19,Yes,Yes,Fiber optic,No,No,No,Yes,No,Yes,Month-to-month,No,Mailed check,77.17,1478.45,3,10.9,1,1,0.861,Critical Risk
Female,0,No,No,28,Yes,No,No,No,No,No,No,No,No,Month-to-month,No,Mailed check,20.69,576.7,1,12.3,0,0,0.478,High Risk
Female,0,No,No,52,Yes,No,No,No,No,No,No,No,No,Month-to-month,Yes,Electronic check,18.55,992.86,1,20.0,1,0,0.449,High Risk
Female,0,No,No,63,Yes,No,DSL,No,Yes,No,Yes,No,Yes,Month-to-month,No,Electronic check,58.74,3684.62,1,17.3,0,0,0.263,Watch
Male,1,No,No,14,Yes,No,Fiber optic,Yes,Yes,Yes,Yes,No,Yes,Month-to-month,No,Mailed check,91.24,1281.95,1,8.8,1,0,0.807,Critical Risk
Female,1,No,No,72,Yes,No,Fiber optic,Yes,No,Yes,Yes,Yes,No,One year,No,Electronic check,92.76,6722.38,0,14.5,1,0,0.171,Healthy
Male,0,No,No,31,Yes,No,No,No,No,No,No,No,No,Month-to-month,Yes,Bank transfer (automatic),18.0,555.8,0,5.7,1,0,0.509,High Risk
Male,1,Yes,No,24,Yes,Yes,Fiber optic,Yes,No,No,No,No,Yes,Two year,No,Electronic check,78.26,1852.67,0,17.0,0,0,0.239,Watch
Female,0,No,No,9,Yes,No,Fiber optic,Yes,No,No,Yes,No,No,One year,Yes,Bank transfer (automatic),77.94,715.98,2,13.3,0,0,0.593,High Risk
Male,0,Yes,Yes,1,Yes,Yes,Fiber optic,Yes,No,No,Yes,Yes,No,Two year,Yes,Electronic check,77.39,55.52,1,10.5,0,1,0.45,High Risk
Female,0,Yes,No,40,Yes,Yes,Fiber optic,No,Yes,Yes,Yes,No,No,Month-to-month,No,Mailed check,79.35,3206.66,0,4.6,2,0,0.634,High Risk
Female,0,Yes,No,44,Yes,No,Fiber optic,Yes,No,Yes,Yes,No,No,Month-to-month,No,Bank transfer (automatic),89.36,3927.5,1,12.8,1,0,0.681,High Risk
Female,0,Yes,No,6,No,No,Fiber optic,Yes,Yes,Yes,No,No,No,One year,Yes,Electronic check,80.98,482.28,0,17.5,0,1,0.575,High Risk
Male,1,No,Yes,65,No,No,Fiber optic,Yes,No,Yes,No,Yes,Yes,One year,Yes,Bank transfer (automatic),80.8,5248.31,0,11.6,0,0,0.127,Healthy
Male,0,No,No,39,Yes,No,DSL,No,No,Yes,Yes,Yes,Yes,Month-to-month,Yes,Electronic check,58.15,2259.21,1,19.3,1,0,0.501,High Risk
Male,0,No,No,3,Yes,Yes,Fiber optic,Yes,Yes,No,Yes,No,No,Two year,No,Bank transfer (automatic),72.21,213.05,2,6.4,3,1,0.588,High Risk
Female,0,No,No,61,Yes,No,DSL,No,Yes,No,Yes,No,Yes,Month-to-month,Yes,Credit card (automatic),52.51,3197.1,0,11.4,0,0,0.134,Healthy
Male,0,Yes,No,14,Yes,Yes,DSL,Yes,No,Yes,No,No,No,Two year,Yes,Electronic check,49.32,688.74,0,13.3,2,0,0.326,Watch
Female,1,No,Yes,49,Yes,Yes,Fiber optic,No,No,No,No,Yes,Yes,Month-to-month,Yes,Electronic check,76.16,3740.14,0,18.5,0,1,0.632,High Risk
Male,0,Yes,Yes,49,Yes,Yes,Fiber optic,Yes,Yes,Yes,Yes,No,No,One year,No,Credit card (automatic),85.75,4196.81,4,23.1,1,0,0.349,Watch
Male,0,Yes,No,59,No,No,DSL,No,Yes,Yes,No,Yes,No,Month-to-month,Yes,Electronic check,57.15,3432.37,2,20.3,1,0,0.485,High Risk
Male,0,No,Yes,59,Yes,Yes,DSL,Yes,Yes,Yes,No,Yes,Yes,Month-to-month,Yes,Electronic check,66.04,3899.55,2,19.7,0,0,0.449,High Risk
Male,0,No,No,71,Yes,Yes,Fiber optic,Yes,Yes,Yes,Yes,Yes,No,Month-to-month,Yes,Electronic check,86.65,6170.23,1,21.4,4,1,0.679,High Risk
Male,0,Yes,No,6,Yes,Yes,No,No,No,No,No,No,No,Month-to-month,No,Electronic check,19.85,104.09,3,3.6,1,1,0.853,Critical Risk
Male,0,Yes,No,26,Yes,No,Fiber optic,Yes,No,Yes,No,Yes,No,Two year,Yes,Bank transfer (automatic),81.74,2122.28,1,1.0,1,0,0.453,High Risk
Female,0,Yes,Yes,26,No,No,Fiber optic,No,Yes,Yes,No,No,Yes,Month-to-month,Yes,Electronic check,77.65,2010.75,0,10.6,1,1,0.816,Critical Risk
Female,0,No,No,27,Yes,Yes,Fiber optic,Yes,No,Yes,Yes,Yes,No,Two year,No,Credit card (automatic),91.92,2520.0,1,17.3,0,0,0.182,Healthy
Female,0,Yes,No,17,Yes,No,DSL,Yes,No,Yes,No,Yes,Yes,Two year,Yes,Mailed check,65.27,1117.48,1,19.1,0,0,0.178,Healthy
Male,0,Yes,Yes,17,Yes,Yes,DSL,Yes,Yes,No,Yes,Yes,Yes,Month-to-month,Yes,Bank transfer (automatic),61.26,1031.04,0,16.2,0,0,0.491,High Risk
Male,0,No,Yes,70,Yes,No,Fiber optic,Yes,Yes,Yes,No,No,Yes,Month-to-month,No,Electronic check,84.63,5892.32,0,13.3,0,0,0.416,High Risk
Female,1,No,No,65,Yes,Yes,No,No,No,No,No,No,No,Two year,Yes,Bank transfer (automatic),22.56,1479.41,0,16.4,1,0,0.022,Healthy
Female,1,Yes,Yes,49,Yes,Yes,DSL,No,Yes,No,No,Yes,No,One year,Yes,Electronic check,48.78,2400.25,0,11.6,2,0,0.256,Watch
Female,0,No,Yes,40,Yes,No,Fiber optic,No,Yes,Yes,No,Yes,Yes,Two year,Yes,Credit card (automatic),81.31,3276.39,2,21.4,0,0,0.109,Healthy
Male,0,Yes,No,34,Yes,Yes,Fiber optic,No,Yes,Yes,Yes,No,Yes,One year,Yes,Credit card (automatic),87.64,2974.3,0,18.7,2,1,0.285,Watch
Male,1,Yes,No,49,Yes,No,Fiber optic,No,No,Yes,No,No,No,Month-to-month,Yes,Electronic check,68.53,3365.12,0,23.8,2,1,0.714,Critical Risk
Female,0,No,Yes,62,Yes,Yes,Fiber optic,No,Yes,Yes,Yes,Yes,No,One year,No,Mailed check,87.86,5463.27,1,24.5,1,0,0.15,Healthy
Female,0,Yes,No,31,Yes,No,DSL,No,No,Yes,Yes,Yes,Yes,Month-to-month,Yes,Mailed check,59.94,1839.51,0,16.0,0,0,0.38,Watch
Female,0,Yes,No,39,Yes,Yes,No,No,No,No,No,No,No,Month-to-month,No,Mailed check,19.01,765.61,0,21.5,1,0,0.312,Watch
Female,0,No,No,66,Yes,Yes,Fiber optic,Yes,No,Yes,No,No,Yes,Month-to-month,Yes,Credit card (automatic),78.54,5151.29,1,12.8,1,0,0.464,High Risk
Male,0,No,No,66,Yes,No,DSL,No,Yes,No,No,Yes,Yes,One year,Yes,Credit card (automatic),59.12,3912.84,0,15.9,0,0,0.05,Healthy
Female,0,No,Yes,16,Yes,Yes,No,No,No,No,No,No,No,Two year,Yes,Bank transfer (automatic),22.05,343.92,1,19.7,1,0,0.15,Healthy
Female,0,No,Yes,17,Yes,Yes,No,No,No,No,No,No,No,Month-to-month,No,Bank transfer (automatic),18.56,310.46,1,24.9,2,0,0.648,High Risk
Female,1,Yes,No,14,Yes,Yes,No,No,No,No,No,No,No,Month-to-month,Yes,Electronic check,18.0,267.87,1,18.7,3,1,0.803,Critical Risk
Female,0,No,No,1,No,No,Fiber optic,Yes,Yes,Yes,No,Yes,No,Month-to-month,Yes,Electronic check,89.5,116.51,1,14.2,0,1,0.914,Critical Risk
Male,0,Yes,No,50,Yes,No,No,No,No,No,No,No,No,Month-to-month,Yes,Electronic check,18.53,932.88,1,14.1,1,1,0.5,High Risk
Female,0,No,No,31,Yes,No,DSL,Yes,Yes,Yes,Yes,Yes,Yes,Month-to-month,Yes,Electronic check,72.07,2229.76,2,23.0,1,0,0.675,High Risk
Male,0,Yes,No,2,Yes,Yes,No,No,No,No,No,No,No,Month-to-month,No,Bank transfer (automatic),18.0,22.83,2,13.6,1,1,0.747,Critical Risk
Female,0,Yes,No,14,Yes,No,Fiber optic,Yes,No,No,Yes,Yes,No,Month-to-month,Yes,Electronic check,81.15,1108.3,1,15.8,1,1,0.901,Critical Risk
Male,0,Yes,No,38,Yes,Yes,Fiber optic,Yes,Yes,No,No,No,Yes,Month-to-month,Yes,Bank transfer (automatic),83.19,3149.47,3,12.1,0,0,0.787,Critical Risk
Female,0,No,No,61,Yes,Yes,DSL,Yes,No,No,Yes,No,Yes,Month-to-month,No,Electronic check,58.71,3593.37,2,15.6,0,0,0.393,Watch
Female,0,Yes,No,48,Yes,No,Fiber optic,No,No,No,Yes,No,No,Two year,Yes,Credit card (automatic),67.2,3234.79,1,10.4,0,0,0.06,Healthy
Male,0,No,No,38,Yes,No,Fiber optic,Yes,No,Yes,No,Yes,No,Month-to-month,Yes,Bank transfer (automatic),84.61,3212.01,0,17.3,1,0,0.741,Critical Risk
Male,0,No,No,13,Yes,Yes,No,No,No,No,No,No,No,Month-to-month,Yes,Mailed check,18.0,229.36,1,10.0,0,1,0.585,High Risk
Female,1,No,No,21,No,No,No,No,No,No,No,No,No,Month-to-month,No,Credit card (automatic),18.94,420.58,1,14.0,0,1,0.348,Watch
Male,0,Yes,No,57,Yes,No,No,No,No,No,No,No,No,Month-to-month,Yes,Bank transfer (automatic),18.0,1040.09,2,15.2,0,1,0.301,Watch
Female,0,Yes,No,56,Yes,Yes,DSL,No,No,No,No,No,No,One year,No,Credit card (automatic),39.17,2201.49,0,13.6,0,0,0.066,Healthy
Female,0,No,No,63,Yes,No,Fiber optic,Yes,No,No,No,Yes,Yes,One year,Yes,Bank transfer (automatic),80.02,5016.6,1,12.3,1,0,0.316,Watch
Female,0,No,No,38,Yes,Yes,Fiber optic,No,No,No,Yes,Yes,No,Month-to-month,Yes,Electronic check,76.9,2917.36,2,12.8,0,0,0.743,Critical Risk
Male,0,Yes,Yes,19,No,No,Fiber optic,No,Yes,Yes,No,Yes,Yes,Month-to-month,No,Mailed check,90.51,1749.18,3,14.5,3,1,0.94,Critical Risk
Male,0,No,No,36,Yes,No,DSL,Yes,Yes,Yes,No,No,Yes,Month-to-month,No,Mailed check,56.71,2050.49,1,8.8,1,0,0.537,High Risk
Female,0,Yes,No,65,Yes,No,Fiber optic,Yes,No,Yes,No,Yes,No,One year,Yes,Credit card (automatic),79.42,5124.41,1,9.2,1,0,0.224,Watch
Female,0,Yes,No,13,Yes,No,DSL,Yes,No,No,Yes,No,Yes,Month-to-month,No,Electronic check,48.56,634.2,0,19.4,1,0,0.678,High Risk
Female,1,Yes,Yes,61,Yes,No,DSL,Yes,Yes,No,No,No,Yes,Two year,No,Electronic check,60.03,3678.51,1,15.9,0,0,0.055,Healthy
Male,0,Yes,No,72,Yes,No,DSL,No,No,No,No,No,Yes,Month-to-month,Yes,Electronic check,49.56,3561.31,2,13.3,1,0,0.427,High Risk
Female,0,Yes,No,59,Yes,No,DSL,Yes,No,Yes,Yes,No,Yes,Month-to-month,Yes,Mailed check,59.41,3512.71,1,17.6,0,1,0.244,Watch
Female,1,No,Yes,48,No,No,Fiber optic,Yes,Yes,No,No,No,No,Month-to-month,Yes,Electronic check,75.16,3654.79,0,15.8,1,0,0.602,High Risk
Female,0,Yes,No,29,Yes,Yes,DSL,Yes,Yes,Yes,No,Yes,No,Month-to-month,Yes,Bank transfer (automatic),66.95,1911.31,4,17.8,2,1,0.86,Critical Risk
Male,0,No,No,62,Yes,Yes,Fiber optic,No,Yes,No,Yes,No,Yes,One year,Yes,Electronic check,79.4,4897.45,2,13.5,2,0,0.357,Watch
Female,0,No,Yes,11,Yes,No,No,No,No,No,No,No,No,One year,No,Electronic check,19.4,199.64,1,15.0,0,0,0.309,Watch
Female,0,No,Yes,55,Yes,No,Fiber optic,No,No,No,No,No,No,One year,Yes,Electronic check,60.75,3313.91,2,13.8,2,0,0.532,High Risk
Male,0,Yes,No,29,Yes,Yes,Fiber optic,Yes,Yes,Yes,Yes,Yes,No,Month-to-month,No,Mailed check,95.28,2771.64,1,14.5,0,0,0.698,High Risk
Female,0,No,No,36,Yes,Yes,DSL,Yes,Yes,No,Yes,Yes,No,Month-to-month,No,Electronic check,58.49,2112.33,1,14.9,0,0,0.478,High Risk
Female,0,Yes,No,33,Yes,Yes,Fiber optic,Yes,Yes,No,Yes,Yes,Yes,Month-to-month,Yes,Electronic check,84.2,2777.65,3,12.9,0,1,0.801,Critical Risk
Male,0,No,Yes,0,Yes,No,Fiber optic,Yes,Yes,No,Yes,No,No,Two year,No,Electronic check,78.75,0.0,1,8.9,0,0,0.424,High Risk
Female,0,Yes,Yes,72,No,No,No,No,No,No,No,No,No,Month-to-month,Yes,Bank transfer (automatic),18.0,1297.8,1,13.7,0,1,0.135,Healthy
Female,1,No,No,48,Yes,Yes,No,No,No,No,No,No,No,Two year,Yes,Electronic check,23.6,1133.79,2,17.7,0,0,0.051,Healthy
Female,1,Yes,Yes,43,Yes,No,Fiber optic,No,Yes,No,Yes,Yes,No,Two year,Yes,Electronic check,79.49,3402.19,0,17.0,1,0,0.12,Healthy
Male,0,No,No,7,Yes,Yes,DSL,Yes,Yes,No,Yes,Yes,Yes,Month-to-month,Yes,Electronic check,69.27,487.51,1,16.0,0,1,0.733,Critical Risk
Female,0,Yes,Yes,56,Yes,Yes,Fiber optic,No,Yes,No,No,No,Yes,Two year,No,Electronic check,72.55,4087.05,0,17.5,0,0,0.097,Healthy
Female,0,Yes,No,70,Yes,No,No,No,No,No,No,No,No,One year,Yes,Electronic check,18.0,1269.14,1,5.5,0,0,0.073,Healthy
Male,0,No,No,59,Yes,No,No,No,No,No,No,No,No,Month-to-month,Yes,Mailed check,21.82,1269.94,2,17.6,0,0,0.28,Watch
Female,0,Yes,No,18,Yes,No,No,No,No,No,No,No,No,One year,Yes,Bank transfer (automatic),19.85,358.0,1,14.3,2,0,0.384,Watch
Male,0,No,Yes,13,Yes,Yes,DSL,Yes,Yes,Yes,Yes,Yes,Yes,Month-to-month,Yes,Bank transfer (automatic),74.53,930.14,2,9.2,0,0,0.717,Critical Risk
Male,0,No,No,26,Yes,No,No,No,No,No,No,No,No,Month-to-month,Yes,Electronic check,20.17,479.63,1,8.1,2,0,0.774,Critical Risk
Female,0,No,No,1,Yes,No,DSL,Yes,Yes,No,Yes,No,No,Month-to-month,No,Bank transfer (automatic),56.59,53.28,2,6.5,0,0,0.742,Critical Risk
Male,0,No,No,40,No,No,DSL,Yes,Yes,Yes,Yes,No,No,One year,No,Electronic check,62.08,2496.7,2,25.8,0,0,0.15,Healthy
Male,0,No,Yes,33,Yes,No,Fiber optic,Yes,No,Yes,No,No,No,Month-to-month,Yes,Mailed check,75.62,2510.47,2,23.3,0,0,0.737,Critical Risk
Male,0,No,Yes,36,Yes,Yes,DSL,No,No,Yes,No,No,Yes,Two year,No,Bank transfer (automatic),52.32,1824.44,0,15.1,1,0,0.085,Healthy
Female,0,Yes,No,72,Yes,No,Fiber optic,Yes,Yes,No,Yes,No,Yes,Two year,Yes,Mailed check,86.82,6302.54,0,19.3,1,0,0.045,Healthy
Male,0,No,No,47,Yes,Yes,DSL,Yes,No,No,Yes,No,No,One year,No,Mailed check,53.7,2517.81,1,13.2,1,0,0.134,Healthy
Female,1,No,No,30,No,No,DSL,Yes,Yes,No,No,No,Yes,One year,Yes,Electronic check,53.21,1597.98,0,8.2,1,0,0.298,Watch
Female,0,Yes,No,57,Yes,Yes,DSL,Yes,Yes,No,Yes,Yes,No,Two year,No,Bank transfer (automatic),61.15,3480.9,2,11.5,1,0,0.072,Healthy
Female,0,Yes,No,26,Yes,No,Fiber optic,Yes,Yes,No,Yes,No,No,Month-to-month,No,Mailed check,77.74,2034.94,1,9.1,2,1,0.834,Critical Risk
Female,0,Yes,No,55,Yes,Yes,DSL,Yes,No,Yes,Yes,Yes,Yes,Two year,No,Bank transfer (automatic),65.1,3561.17,0,11.7,0,0,0.037,Healthy
Male,0,No,No,68,Yes,No,Fiber optic,No,No,No,Yes,No,No,Month-to-month,Yes,Mailed check,63.93,4315.97,4,11.2,0,1,0.469,High Risk
Male,0,Yes,Yes,66,Yes,Yes,Fiber optic,Yes,No,No,No,No,Yes,Two year,Yes,Credit card (automatic),78.28,5211.88,1,12.9,0,0,0.07,Healthy
Female,0,No,Yes,37,No,No,DSL,No,Yes,Yes,Yes,No,Yes,Month-to-month,Yes,Credit card (automatic),61.18,2267.6,0,17.7,1,0,0.275,Watch
Female,0,No,No,34,Yes,Yes,No,No,No,No,No,No,No,One year,No,Credit card (automatic),18.0,596.8,0,6.4,0,0,0.095,Healthy
Female,0,No,No,29,Yes,No,DSL,No,No,No,No,Yes,No,Two year,Yes,Electronic check,43.36,1260.45,1,0.0,2,1,0.339,Watch
Male,1,Yes,No,38,Yes,No,No,No,No,No,No,No,No,One year,No,Mailed check,18.0,722.01,1,19.2,1,0,0.118,Healthy
Male,1,No,Yes,68,Yes,No,No,No,No,No,No,No,No,Month-to-month,Yes,Mailed check,18.55,1286.83,2,10.6,0,0,0.178,Healthy
Female,0,No,Yes,63,Yes,Yes,No,No,No,No,No,No,No,Month-to-month,No,Electronic check,20.96,1339.27,2,14.0,0,0,0.319,Watch
Female,0,Yes,No,44,Yes,No,Fiber optic,Yes,No,Yes,No,No,Yes,One year,Yes,Credit card (automatic),84.93,3716.09,0,3.2,0,0,0.255,Watch
Male,0,Yes,No,20,Yes,Yes,Fiber optic,Yes,No,Yes,Yes,Yes,No,Month-to-month,Yes,Bank transfer (automatic),86.33,1712.41,1,10.6,2,1,0.87,Critical Risk
Female,0,Yes,No,27,Yes,No,DSL,Yes,Yes,No,Yes,Yes,No,Two year,Yes,Mailed check,58.31,1578.75,1,21.6,0,0,0.083,Healthy
Female,0,No,Yes,17,Yes,Yes,No,No,No,No,No,No,No,Month-to-month,No,Credit card (automatic),18.0,317.93,0,13.6,0,0,0.39,Watch
Male,0,Yes,No,13,Yes,No,DSL,Yes,Yes,Yes,No,Yes,Yes,Month-to-month,Yes,Bank transfer (automatic),63.51,862.9,1,10.3,2,1,0.83,Critical Risk
Female,0,Yes,No,0,Yes,No,Fiber optic,Yes,No,Yes,Yes,No,No,Month-to-month,Yes,Credit card (automatic),86.89,0.0,0,17.0,0,0,0.785,Critical Risk
Male,0,Yes,No,56,Yes,Yes,Fiber optic,No,Yes,Yes,Yes,Yes,Yes,Month-to-month,No,Bank transfer (automatic),95.45,5352.32,3,22.6,0,0,0.558,High Risk
Male,0,Yes,Yes,53,Yes,Yes,No,No,No,No,No,No,No,Two year,Yes,Electronic check,21.37,1148.4,0,9.4,0,0,0.052,Healthy
Male,0,Yes,No,13,Yes,No,Fiber optic,No,No,Yes,No,Yes,Yes,One year,No,Electronic check,78.92,1030.05,0,19.4,1,0,0.642,High Risk
Female,0,No,Yes,50,Yes,No,DSL,Yes,No,Yes,Yes,Yes,No,One year,No,Credit card (automatic),62.29,3136.59,0,4.9,0,0,0.1,Healthy
Female,0,Yes,No,12,Yes,Yes,DSL,Yes,Yes,No,No,No,Yes,Two year,No,Mailed check,53.39,695.91,2,25.5,1,1,0.183,Healthy
Female,0,No,Yes,20,No,No,No,No,No,No,No,No,No,Month-to-month,Yes,Electronic check,18.0,376.64,1,13.9,0,1,0.579,High Risk
Female,0,Yes,No,18,Yes,Yes,No,No,No,No,No,No,No,Month-to-month,Yes,Bank transfer (automatic),18.0,286.56,2,12.1,0,0,0.591,High Risk
Male,1,Yes,Yes,9,Yes,No,DSL,Yes,Yes,No,No,No,Yes,Month-to-month,Yes,Mailed check,65.08,602.67,6,12.2,3,1,0.955,Critical Risk
Male,0,No,No,53,Yes,No,Fiber optic,Yes,No,No,No,No,No,Month-to-month,Yes,Electronic check,67.25,3586.01,1,13.9,0,0,0.699,High Risk
Male,1,No,No,3,Yes,No,Fiber optic,No,Yes,No,No,No,No,Month-to-month,Yes,Mailed check,73.74,206.63,0,17.0,1,1,0.837,Critical Risk
Female,0,No,Yes,29,Yes,No,DSL,No,No,Yes,Yes,Yes,No,Month-to-month,No,Bank transfer (automatic),55.85,1623.98,1,13.1,0,0,0.485,High Risk
Female,0,Yes,Yes,35,Yes,No,DSL,No,Yes,No,Yes,Yes,Yes,Month-to-month,No,Bank transfer (automatic),65.61,2277.66,1,24.0,0,0,0.389,Watch
Female,0,No,No,42,Yes,No,Fiber optic,Yes,No,Yes,Yes,Yes,No,Month-to-month,No,Credit card (automatic),90.33,3824.59,1,20.8,0,0,0.499,High Risk
Male,0,No,No,14,Yes,Yes,DSL,Yes,Yes,Yes,Yes,No,Yes,One year,Yes,Credit card (automatic),70.97,1018.9,2,11.2,0,0,0.287,Watch
Male,0,Yes,No,34,Yes,No,No,No,No,No,No,No,No,Month-to-month,Yes,Bank transfer (automatic),18.0,606.56,0,9.1,0,1,0.371,Watch
Male,0,No,No,57,Yes,No,DSL,No,No,Yes,No,No,Yes,One year,No,Credit card (automatic),48.7,2787.76,0,14.7,2,0,0.114,Healthy
Male,0,Yes,Yes,27,Yes,No,Fiber optic,Yes,Yes,Yes,Yes,Yes,No,One year,Yes,Electronic check,94.33,2530.0,0,16.0,1,1,0.535,High Risk
Male,0,Yes,No,69,Yes,Yes,DSL,Yes,No,Yes,No,No,Yes,Month-to-month,No,Credit card (automatic),66.47,4552.25,2,11.5,1,0,0.357,Watch
Female,1,No,Yes,31,Yes,Yes,Fiber optic,No,Yes,No,Yes,No,No,One year,Yes,Credit card (automatic),78.19,2439.01,2,13.3,1,1,0.342,Watch
Female,1,No,No,56,Yes,Yes,DSL,Yes,No,Yes,No,Yes,Yes,One year,Yes,Electronic check,66.47,3695.43,2,17.4,1,0,0.277,Watch
Male,0,No,No,8,Yes,Yes,DSL,No,No,No,Yes,No,No,Month-to-month,Yes,Credit card (automatic),49.69,374.93,1,20.7,0,0,0.511,High Risk
Male,0,No,No,62,Yes,No,Fiber optic,Yes,Yes,No,No,Yes,Yes,Month-to-month,No,Mailed check,94.07,5828.93,0,9.2,1,1,0.622,High Risk
Female,1,Yes,Yes,35,Yes,No,Fiber optic,No,No,Yes,No,Yes,No,Month-to-month,Yes,Bank transfer (automatic),72.12,2514.66,0,1.6,0,0,0.643,High Risk
Male,0,No,Yes,72,Yes,No,Fiber optic,No,Yes,Yes,Yes,No,No,Two year,Yes,Electronic check,84.25,6022.36,0,11.6,2,0,0.089,Healthy
Male,0,No,No,51,No,No,DSL,No,Yes,No,No,Yes,Yes,Month-to-month,No,Credit card (automatic),57.06,2903.35,1,3.0,0,0,0.364,Watch
Female,0,Yes,No,54,No,No,DSL,Yes,Yes,Yes,Yes,Yes,Yes,Month-to-month,Yes,Credit card (automatic),74.59,4018.79,1,7.9,0,0,0.287,Watch
Female,0,Yes,No,10,Yes,Yes,DSL,Yes,No,Yes,No,No,Yes,Month-to-month,Yes,Credit card (automatic),55.41,569.53,1,0.0,0,0,0.665,High Risk
Female,0,No,No,41,Yes,Yes,DSL,No,Yes,No,Yes,No,Yes,Month-to-month,No,Electronic check,45.81,1907.37,0,22.5,0,0,0.236,Watch
Male,0,Yes,Yes,53,Yes,No,DSL,No,No,Yes,Yes,No,Yes,Month-to-month,Yes,Electronic check,56.64,3018.39,1,2.5,0,0,0.443,High Risk
Female,0,No,No,59,Yes,Yes,DSL,Yes,No,No,Yes,No,Yes,Month-to-month,Yes,Mailed check,55.26,3242.43,0,26.5,0,1,0.183,Healthy
Male,0,No,No,27,Yes,No,Fiber optic,Yes,No,Yes,Yes,Yes,No,Month-to-month,Yes,Credit card (automatic),88.08,2391.09,2,2.9,0,0,0.783,Critical Risk
Male,0,No,No,41,No,No,DSL,No,No,No,No,Yes,No,Month-to-month,No,Electronic check,44.78,1851.54,0,19.4,0,0,0.405,High Risk
Female,0,No,No,12,Yes,No,Fiber optic,No,No,Yes,No,No,Yes,One year,No,Electronic check,73.54,877.78,3,11.3,1,0,0.76,Critical Risk
Female,0,No,Yes,31,Yes,No,Fiber optic,Yes,No,No,Yes,Yes,Yes,One year,No,Mailed check,82.27,2538.34,1,19.0,0,0,0.335,Watch
Male,1,No,No,34,No,No,Fiber optic,Yes,No,No,Yes,No,No,Month-to-month,No,Credit card (automatic),68.25,2291.85,4,18.5,1,1,0.696,High Risk
Female,1,Yes,No,2,Yes,Yes,Fiber optic,Yes,No,Yes,Yes,Yes,Yes,Month-to-month,No,Credit card (automatic),96.33,167.59,2,7.2,2,1,0.912,Critical Risk
Male,0,No,No,66,Yes,No,DSL,No,No,No,Yes,Yes,No,One year,Yes,Credit card (automatic),51.32,3388.93,3,23.9,0,0,0.062,Healthy
Male,0,No,No,46,Yes,Yes,Fiber optic,Yes,Yes,No,No,No,No,Month-to-month,Yes,Mailed check,77.42,3574.03,1,5.4,2,1,0.764,Critical Risk
Male,0,No,No,13,Yes,No,DSL,Yes,No,No,No,No,No,One year,Yes,Credit card (automatic),41.44,543.2,2,11.9,0,0,0.355,Watch
Female,0,No,No,65,Yes,Yes,Fiber optic,Yes,Yes,No,No,Yes,No,Month-to-month,Yes,Credit card (automatic),79.21,5167.18,0,25.0,2,0,0.459,High Risk
Female,0,No,No,50,Yes,No,No,No,No,No,No,No,No,One year,No,Credit card (automatic),18.0,888.7,1,16.1,0,0,0.077,Healthy
Male,0,No,Yes,50,Yes,No,Fiber optic,Yes,No,No,Yes,No,Yes,Two year,Yes,Mailed check,74.9,3727.9,0,12.6,1,0,0.124,Healthy
Male,0,No,No,68,Yes,Yes,No,No,No,No,No,No,No,Two year,Yes,Electronic check,18.53,1262.89,1,13.9,1,0,0.038,Healthy
Male,0,No,No,29,Yes,No,DSL,No,Yes,No,Yes,No,Yes,Month-to-month,Yes,Bank transfer (automatic),57.34,1678.29,1,15.3,0,0,0.464,High Risk
Male,1,No,No,25,Yes,No,DSL,Yes,Yes,Yes,No,Yes,Yes,Month-to-month,Yes,Electronic check,74.26,1847.08,1,20.3,1,0,0.764,Critical Risk
Male,0,Yes,No,45,Yes,No,DSL,Yes,Yes,No,No,No,Yes,One year,No,Mailed check,59.62,2656.61,2,17.3,1,0,0.216,Watch
Male,0,Yes,Yes,64,No,No,DSL,No,Yes,No,No,No,No,Month-to-month,Yes,Mailed check,41.33,2669.4,4,11.5,1,0,0.436,High Risk
Female,0,No,No,59,No,No,DSL,Yes,Yes,Yes,Yes,No,No,Month-to-month,No,Credit card (automatic),61.01,3588.93,1,17.4,0,0,0.168,Healthy
Male,0,Yes,No,57,Yes,Yes,No,No,No,No,No,No,No,Two year,Yes,Mailed check,18.0,1049.12,1,1.4,1,0,0.054,Healthy
Male,0,Yes,No,55,Yes,Yes,Fiber optic,Yes,No,No,No,No,No,Month-to-month,Yes,Electronic check,66.63,3678.01,0,17.1,0,0,0.593,High Risk
Female,0,Yes,No,2,No,No,No,No,No,No,No,No,No,Month-to-month,Yes,Bank transfer (automatic),18.0,27.67,0,10.9,2,0,0.749,Critical Risk
Male,0,No,No,35,Yes,Yes,No,No,No,No,No,No,No,Month-to-month,Yes,Electronic check,18.0,617.12,1,12.1,0,0,0.475,High Risk
Male,0,No,No,25,Yes,Yes,Fiber optic,No,No,Yes,No,Yes,No,Two year,No,Electronic check,76.39,1909.77,1,16.9,0,1,0.326,Watch
Male,0,No,No,26,Yes,Yes,No,No,No,No,No,No,No,Month-to-month,No,Electronic check,19.12,447.97,0,18.9,0,0,0.488,High Risk
Male,0,No,No,62,Yes,No,DSL,Yes,Yes,Yes,Yes,Yes,Yes,Month-to-month,Yes,Bank transfer (automatic),73.29,4578.51,2,6.9,0,0,0.338,Watch
Male,0,No,No,28,Yes,No,No,No,No,No,No,No,No,Month-to-month,Yes,Electronic check,18.0,507.6,0,14.5,0,0,0.502,High Risk
Female,0,Yes,No,61,Yes,No,Fiber optic,Yes,Yes,No,No,Yes,Yes,Month-to-month,No,Bank transfer (automatic),90.45,5532.94,0,5.5,2,0,0.72,Critical Risk
Male,0,Yes,No,66,Yes,No,Fiber optic,Yes,Yes,Yes,No,Yes,No,One year,No,Bank transfer (automatic),90.72,5959.88,2,16.1,0,0,0.232,Watch
Female,0,Yes,No,33,Yes,Yes,Fiber optic,No,Yes,Yes,Yes,No,Yes,Month-to-month,Yes,Mailed check,91.26,3044.71,0,5.1,1,0,0.687,High Risk
Female,0,Yes,Yes,12,Yes,No,No,No,No,No,No,No,No,Month-to-month,Yes,Electronic check,18.0,205.31,1,7.5,0,1,0.662,High Risk
Male,0,No,No,50,Yes,Yes,No,No,No,No,No,No,No,Month-to-month,Yes,Electronic check,18.0,895.66,2,18.8,0,0,0.432,High Risk
Male,0,Yes,No,62,Yes,Yes,DSL,Yes,Yes,Yes,No,Yes,Yes,Month-to-month,Yes,Mailed check,73.98,4586.44,2,12.6,0,0,0.401,High Risk
Male,0,No,No,29,Yes,No,DSL,Yes,No,No,No,Yes,Yes,Month-to-month,Yes,Electronic check,56.98,1633.87,0,14.4,1,0,0.736,Critical Risk
Male,1,No,No,14,Yes,No,DSL,Yes,Yes,Yes,Yes,No,No,One year,No,Mailed check,56.26,774.75,1,9.2,1,0,0.273,Watch
Female,0,Yes,No,38,Yes,Yes,No,No,No,No,No,No,No,One year,No,Bank transfer (automatic),24.21,942.43,1,18.0,1,0,0.17,Healthy
Female,0,No,No,71,Yes,Yes,DSL,No,No,No,No,No,Yes,Month-to-month,No,Mailed check,43.73,3122.52,2,5.7,0,0,0.246,Watch
Male,0,No,Yes,37,Yes,Yes,Fiber optic,No,Yes,No,Yes,Yes,Yes,One year,No,Mailed check,82.7,3065.09,1,12.5,1,0,0.307,Watch
Male,0,No,Yes,32,Yes,Yes,Fiber optic,No,Yes,Yes,Yes,Yes,Yes,Month-to-month,Yes,Credit card (automatic),90.8,2884.48,1,12.1,1,1,0.648,High Risk
Male,1,No,No,32,Yes,Yes,No,No,No,No,No,No,No,Month-to-month,No,Bank transfer (automatic),18.0,566.44,2,15.3,3,0,0.665,High Risk
Female,0,No,No,53,Yes,Yes,No,No,No,No,No,No,No,Month-to-month,No,Electronic check,18.0,958.71,1,13.7,0,0,0.356,Watch
Female,0,No,Yes,24,Yes,Yes,Fiber optic,Yes,Yes,Yes,Yes,Yes,No,One year,No,Electronic check,94.17,2266.09,0,13.8,2,1,0.582,High Risk
Male,1,No,Yes,53,No,No,Fiber optic,No,No,No,Yes,No,No,Month-to-month,Yes,Credit card (automatic),69.06,3676.31,0,7.1,0,0,0.341,Watch
Male,0,Yes,Yes,72,Yes,Yes,No,No,No,No,No,No,No,Month-to-month,No,Credit card (automatic),19.66,1391.58,1,3.4,1,0,0.168,Healthy
Male,0,No,Yes,56,Yes,Yes,DSL,No,Yes,Yes,Yes,No,No,Two year,Yes,Mailed check,51.27,2874.24,1,13.3,1,0,0.036,Healthy
Male,0,No,No,67,Yes,No,Fiber optic,No,Yes,Yes,Yes,Yes,Yes,Month-to-month,Yes,Credit card (automatic),90.84,6116.37,2,13.4,0,0,0.327,Watch
Male,0,Yes,No,57,Yes,Yes,No,No,No,No,No,No,No,One year,Yes,Bank transfer (automatic),18.0,1029.62,1,8.4,0,0,0.086,Healthy
Male,0,Yes,No,61,Yes,No,Fiber optic,Yes,No,No,Yes,Yes,No,Month-to-month,Yes,Electronic check,85.05,5206.23,0,1.3,1,0,0.691,High Risk
Male,0,Yes,No,2,Yes,No,No,No,No,No,No,No,No,Month-to-month,Yes,Bank transfer (automatic),20.02,20.81,0,23.0,1,0,0.654,High Risk
Male,1,Yes,Yes,25,No,No,Fiber optic,No,Yes,Yes,No,Yes,Yes,Month-to-month,No,Mailed check,82.67,2081.48,1,15.6,0,1,0.679,High Risk
Male,0,Yes,No,19,Yes,No,Fiber optic,No,Yes,No,Yes,No,Yes,Month-to-month,Yes,Bank transfer (automatic),77.95,1478.33,0,17.9,1,1,0.711,Critical Risk
Female,0,Yes,No,63,Yes,Yes,No,No,No,No,No,No,No,Two year,Yes,Credit card (automatic),22.19,1359.18,0,13.4,2,0,0.032,Healthy
Female,0,No,Yes,16,No,No,Fiber optic,Yes,Yes,Yes,Yes,No,No,Month-to-month,No,Mailed check,87.78,1456.43,1,2.3,0,1,0.779,Critical Risk
Male,0,No,Yes,70,Yes,Yes,No,No,No,No,No,No,No,One year,No,Bank transfer (automatic),18.0,1268.0,5,6.2,0,0,0.114,Healthy
Male,1,No,No,50,Yes,No,No,No,No,No,No,No,No,Two year,No,Credit card (automatic),19.28,993.07,2,16.0,0,0,0.034,Healthy
Female,0,Yes,Yes,9,Yes,No,DSL,Yes,No,No,Yes,Yes,Yes,Month-to-month,Yes,Credit card (automatic),63.87,591.91,0,20.6,0,0,0.52,High Risk
Female,0,No,Yes,49,Yes,No,DSL,No,Yes,No,No,No,Yes,One year,Yes,Bank transfer (automatic),54.06,2625.28,0,12.0,0,0,0.141,Healthy
Male,1,Yes,No,25,Yes,Yes,Fiber optic,Yes,Yes,Yes,Yes,No,Yes,Month-to-month,Yes,Electronic check,92.91,2313.43,3,18.4,0,0,0.825,Critical Risk
Female,1,Yes,No,21,Yes,No,No,No,No,No,No,No,No,Two year,No,Credit card (automatic),22.08,464.6,4,0.0,0,0,0.147,Healthy
Male,1,No,Yes,72,Yes,No,No,No,No,No,No,No,No,Month-to-month,Yes,Bank transfer (automatic),18.0,1356.58,1,4.1,1,0,0.193,Healthy
Male,0,No,No,57,Yes,Yes,DSL,No,Yes,No,Yes,No,No,Month-to-month,Yes,Mailed check,47.62,2721.11,1,14.8,1,0,0.277,Watch
Female,0,No,Yes,55,Yes,Yes,Fiber optic,Yes,Yes,Yes,Yes,Yes,No,Two year,Yes,Credit card (automatic),92.02,5036.82,0,15.9,0,0,0.057,Healthy
Female,0,No,No,22,Yes,No,Fiber optic,Yes,No,Yes,No,No,No,One year,Yes,Mailed check,75.5,1641.78,3,10.3,0,1,0.604,High Risk
Female,0,No,No,48,Yes,No,Fiber optic,Yes,Yes,No,Yes,No,No,One year,Yes,Electronic check,87.43,4225.41,1,22.1,0,0,0.261,Watch
Male,1,No,No,25,Yes,Yes,Fiber optic,Yes,No,No,No,No,No,Month-to-month,Yes,Electronic check,67.32,1675.36,0,4.7,1,0,0.858,Critical Risk
Female,0,No,No,44,Yes,No,No,No,No,No,No,No,No,Month-to-month,Yes,Credit card (automatic),18.0,778.32,1,14.0,1,0,0.301,Watch
Male,0,Yes,No,29,Yes,Yes,Fiber optic,No,No,No,No,No,Yes,Two year,No,Credit card (automatic),66.08,1917.83,2,12.6,0,0,0.193,Healthy
Female,1,Yes,No,44,Yes,No,DSL,No,Yes,No,No,No,No,Month-to-month,Yes,Mailed check,45.63,2057.42,1,10.9,2,0,0.483,High Risk
Male,1,No,No,54,Yes,No,Fiber optic,Yes,No,No,No,Yes,Yes,One year,Yes,Credit card (automatic),81.37,4397.68,1,17.4,0,1,0.217,Watch
Male,0,No,No,23,Yes,No,DSL,Yes,Yes,No,No,Yes,No,Two year,No,Credit card (automatic),56.31,1319.44,1,12.4,2,0,0.187,Healthy
Female,1,Yes,No,0,Yes,Yes,Fiber optic,No,Yes,Yes,Yes,No,No,One year,No,Credit card (automatic),81.86,10.73,0,0.0,0,0,0.39,Watch
Female,0,Yes,No,7,No,No,No,No,No,No,No,No,No,One year,Yes,Credit card (automatic),22.18,143.76,0,13.7,1,0,0.248,Watch
Female,0,Yes,Yes,66,Yes,Yes,Fiber optic,No,Yes,No,No,No,No,Month-to-month,Yes,Credit card (automatic),72.36,4770.67,2,17.5,0,1,0.389,Watch
Male,0,No,No,70,Yes,Yes,No,No,No,No,No,No,No,Month-to-month,No,Mailed check,20.25,1432.24,1,5.0,0,0,0.166,Healthy
Male,1,Yes,Yes,50,Yes,Yes,Fiber optic,No,Yes,No,No,Yes,Yes,One year,No,Bank transfer (automatic),81.69,4028.81,1,18.4,0,0,0.243,Watch
Female,1,No,No,7,Yes,No,Fiber optic,No,Yes,Yes,Yes,Yes,Yes,Two year,Yes,Credit card (automatic),88.85,603.56,2,13.2,0,0,0.209,Watch
Female,0,Yes,No,42,Yes,No,Fiber optic,No,Yes,No,Yes,No,No,Month-to-month,Yes,Credit card (automatic),76.92,3210.37,1,5.2,0,0,0.488,High Risk
Male,0,Yes,No,31,Yes,No,Fiber optic,No,No,Yes,Yes,No,No,One year,Yes,Mailed check,77.08,2400.65,3,15.0,1,1,0.511,High Risk
Female,0,Yes,Yes,17,Yes,No,Fiber optic,Yes,No,No,No,Yes,No,Month-to-month,No,Electronic check,72.37,1217.07,2,5.8,2,0,0.954,Critical Risk
Female,0,No,No,27,Yes,No,DSL,Yes,Yes,Yes,Yes,No,Yes,Month-to-month,No,Electronic check,63.38,1700.7,2,15.0,1,1,0.698,High Risk
Male,1,Yes,No,57,Yes,Yes,Fiber optic,Yes,No,No,Yes,No,Yes,Month-to-month,Yes,Electronic check,80.75,4606.92,0,18.6,1,0,0.553,High Risk
Female,0,Yes,No,72,Yes,No,DSL,Yes,Yes,Yes,No,No,No,Month-to-month,No,Electronic check,54.5,3885.37,0,29.7,0,0,0.16,Healthy
Female,0,No,No,63,No,No,DSL,No,Yes,Yes,Yes,Yes,Yes,Month-to-month,Yes,Bank transfer (automatic),70.02,4375.67,2,16.6,0,0,0.249,Watch
Female,0,No,Yes,14,Yes,No,Fiber optic,Yes,No,Yes,Yes,Yes,Yes,Month-to-month,No,Mailed check,99.36,1407.51,0,8.0,0,0,0.818,Critical Risk
Female,0,Yes,No,36,Yes,No,No,No,No,No,No,No,No,One year,Yes,Mailed check,18.3,647.28,0,1.4,2,0,0.233,Watch
Male,0,No,No,38,Yes,Yes,DSL,Yes,Yes,Yes,No,No,No,Month-to-month,Yes,Electronic check,59.79,2237.83,2,17.2,0,0,0.598,High Risk
Female,1,Yes,Yes,21,Yes,Yes,No,No,No,No,No,No,No,Month-to-month,Yes,Mailed check,18.0,385.43,0,10.2,1,0,0.471,High Risk
Female,0,No,No,31,Yes,Yes,Fiber optic,Yes,Yes,Yes,Yes,No,Yes,Month-to-month,No,Electronic check,88.14,2726.76,0,0.0,0,0,0.717,Critical Risk
Female,0,Yes,No,27,Yes,Yes,DSL,Yes,No,No,No,Yes,No,Month-to-month,Yes,Bank transfer (automatic),49.17,1353.11,0,9.9,1,0,0.674,High Risk
Female,0,No,No,5,No,No,DSL,No,No,Yes,No,No,Yes,Month-to-month,Yes,Credit card (automatic),51.03,262.14,1,6.3,0,1,0.643,High Risk
Male,1,No,No,30,Yes,Yes,DSL,No,Yes,No,Yes,No,Yes,One year,No,Credit card (automatic),59.22,1751.81,1,26.2,2,0,0.163,Healthy
Male,0,No,Yes,26,No,No,Fiber optic,No,No,Yes,Yes,Yes,Yes,Month-to-month,Yes,Electronic check,94.23,2438.76,1,7.3,0,1,0.836,Critical Risk
Male,0,No,No,22,Yes,No,Fiber optic,Yes,No,Yes,No,Yes,No,Two year,Yes,Bank transfer (automatic),80.49,1781.03,1,11.9,0,1,0.299,Watch
Female,0,Yes,No,44,Yes,Yes,Fiber optic,No,No,No,Yes,No,Yes,Month-to-month,Yes,Electronic check,75.42,3331.5,3,13.3,1,1,0.775,Critical Risk
Female,1,No,No,51,Yes,Yes,DSL,No,No,Yes,Yes,Yes,No,Month-to-month,Yes,Mailed check,55.14,2831.17,2,14.9,1,1,0.398,Watch
Female,0,Yes,No,3,Yes,Yes,DSL,No,Yes,Yes,No,Yes,Yes,Month-to-month,Yes,Mailed check,61.67,170.92,2,20.5,0,0,0.713,Critical Risk
Male,0,Yes,No,24,Yes,Yes,DSL,Yes,Yes,Yes,No,Yes,Yes,Month-to-month,No,Electronic check,70.86,1715.83,1,16.0,0,0,0.668,High Risk
Female,0,No,No,2,Yes,Yes,No,No,No,No,No,No,No,Month-to-month,No,Mailed check,18.7,82.73,2,10.4,0,0,0.684,High Risk
Male,0,No,No,59,Yes,Yes,Fiber optic,Yes,Yes,No,Yes,Yes,Yes,Two year,No,Bank transfer (automatic),92.5,5477.83,1,9.7,0,0,0.093,Healthy
Male,1,No,No,67,Yes,Yes,Fiber optic,Yes,No,No,No,No,Yes,Month-to-month,Yes,Bank transfer (automatic),72.82,4891.92,0,9.1,0,0,0.369,Watch
Female,1,No,No,33,Yes,No,Fiber optic,Yes,No,Yes,Yes,No,Yes,Month-to-month,No,Electronic check,89.32,2940.05,2,26.8,1,0,0.782,Critical Risk
Male,0,No,No,68,Yes,Yes,DSL,Yes,No,No,Yes,No,No,Month-to-month,Yes,Electronic check,49.24,3366.47,1,13.5,0,1,0.253,Watch
Male,0,No,No,45,Yes,Yes,DSL,Yes,No,No,No,No,No,One year,No,Credit card (automatic),33.19,1463.74,0,15.3,0,0,0.059,Healthy
Male,1,No,No,63,Yes,No,Fiber optic,No,No,No,Yes,No,No,One year,No,Bank transfer (automatic),68.29,4305.65,0,13.8,0,0,0.091,Healthy
Male,1,No,No,69,Yes,No,No,No,No,No,No,No,No,Month-to-month,No,Mailed check,25.15,1716.14,1,2.3,1,0,0.238,Watch
Male,0,Yes,No,42,Yes,No,No,No,No,No,No,No,No,Month-to-month,Yes,Bank transfer (automatic),18.0,744.57,0,23.7,2,0,0.377,Watch
Female,0,No,No,32,Yes,No,DSL,Yes,Yes,No,Yes,Yes,No,One year,Yes,Credit card (automatic),66.86,2154.65,1,7.4,1,1,0.25,Watch
Female,0,No,No,54,Yes,Yes,DSL,No,Yes,No,No,No,No,One year,Yes,Mailed check,43.16,2283.07,2,13.0,2,0,0.232,Watch
Male,1,No,No,12,Yes,Yes,Fiber optic,Yes,No,Yes,No,Yes,No,One year,Yes,Mailed check,82.95,968.02,1,15.4,0,1,0.498,High Risk
Male,0,Yes,Yes,21,Yes,No,DSL,Yes,Yes,No,Yes,Yes,Yes,One year,Yes,Mailed check,69.6,1448.49,2,5.7,2,0,0.501,High Risk
Male,0,Yes,Yes,40,No,No,No,No,No,No,No,No,No,Two year,Yes,Bank transfer (automatic),18.0,667.52,1,12.0,0,0,0.047,Healthy
Male,0,Yes,No,14,Yes,No,DSL,Yes,No,Yes,Yes,Yes,No,Month-to-month,Yes,Mailed check,64.35,903.65,0,15.5,0,1,0.588,High Risk
Female,0,Yes,Yes,36,Yes,Yes,DSL,Yes,Yes,No,Yes,Yes,Yes,Month-to-month,No,Bank transfer (automatic),70.2,2515.5,2,25.6,2,0,0.625,High Risk
Male,0,No,No,62,Yes,Yes,DSL,Yes,Yes,Yes,Yes,No,Yes,Two year,Yes,Electronic check,70.09,4359.26,2,5.1,1,0,0.089,Healthy
Male,0,Yes,Yes,57,Yes,No,No,No,No,No,No,No,No,Month-to-month,No,Electronic check,18.0,1030.96,0,18.5,0,0,0.254,Watch
Male,0,Yes,Yes,65,Yes,No,Fiber optic,No,No,Yes,No,Yes,Yes,Two year,Yes,Electronic check,81.8,5311.48,2,20.6,0,0,0.129,Healthy
Male,0,No,No,62,No,No,DSL,No,No,No,Yes,No,No,One year,Yes,Electronic check,41.67,2566.93,1,6.9,0,0,0.09,Healthy
Male,0,Yes,No,24,Yes,Yes,Fiber optic,Yes,No,No,Yes,Yes,No,One year,Yes,Electronic check,77.23,1877.2,0,15.8,0,1,0.402,High Risk
Male,1,Yes,No,52,Yes,No,DSL,No,Yes,No,No,Yes,No,Two year,Yes,Credit card (automatic),51.44,2686.42,2,21.0,1,0,0.06,Healthy
Female,0,No,No,27,Yes,Yes,DSL,Yes,Yes,No,Yes,No,No,One year,Yes,Bank transfer (automatic),58.08,1591.32,1,22.3,0,0,0.194,Healthy
Female,0,No,Yes,70,Yes,No,No,No,No,No,No,No,No,Month-to-month,Yes,Mailed check,19.25,1343.31,0,7.1,3,0,0.32,Watch
Female,0,No,Yes,12,Yes,No,Fiber optic,Yes,No,No,Yes,No,No,Month-to-month,Yes,Electronic check,77.99,926.19,1,14.9,1,1,0.886,Critical Risk
Male,0,No,No,19,No,No,Fiber optic,No,No,No,Yes,No,No,Month-to-month,Yes,Bank transfer (automatic),67.15,1265.29,1,26.4,1,1,0.721,Critical Risk
Female,0,No,No,68,Yes,Yes,Fiber optic,No,Yes,No,No,No,No,Month-to-month,Yes,Credit card (automatic),74.98,5135.02,2,8.1,0,0,0.427,High Risk
Female,0,Yes,No,17,No,No,Fiber optic,No,Yes,Yes,No,Yes,Yes,Month-to-month,Yes,Mailed check,79.22,1384.34,1,20.5,1,1,0.783,Critical Risk
Male,1,No,No,45,Yes,No,Fiber optic,Yes,No,No,Yes,Yes,Yes,Month-to-month,No,Mailed check,96.56,4350.66,2,22.1,2,1,0.748,Critical Risk
Male,1,No,No,21,Yes,Yes,DSL,No,Yes,Yes,Yes,Yes,No,Month-to-month,No,Credit card (automatic),58.89,1207.22,2,25.1,2,1,0.505,High Risk
Female,0,No,No,20,Yes,No,Fiber optic,Yes,Yes,Yes,Yes,Yes,No,One year,Yes,Mailed check,89.78,1799.83,0,6.7,0,0,0.38,Watch
Male,0,Yes,Yes,48,Yes,No,Fiber optic,No,No,No,Yes,Yes,No,Month-to-month,Yes,Credit card (automatic),74.69,3591.94,0,12.2,0,0,0.36,Watch
Male,0,Yes,Yes,58,Yes,No,DSL,No,Yes,No,No,No,No,Month-to-month,No,Electronic check,50.11,2926.05,2,18.9,2,0,0.617,High Risk
Female,0,Yes,Yes,16,Yes,No,DSL,No,Yes,No,No,No,Yes,One year,No,Credit card (automatic),48.17,747.79,0,17.3,2,0,0.299,Watch
Female,1,No,No,71,Yes,No,No,No,No,No,No,No,No,One year,Yes,Electronic check,18.3,1307.84,1,1.9,0,0,0.063,Healthy
Female,0,No,No,6,Yes,No,No,No,No,No,No,No,No,Month-to-month,Yes,Bank transfer (automatic),18.0,176.04,2,24.4,0,0,0.618,High Risk
Female,0,Yes,Yes,7,Yes,No,DSL,No,No,Yes,No,No,Yes,Month-to-month,Yes,Electronic check,52.78,344.6,1,9.6,1,0,0.836,Critical Risk
Female,0,No,Yes,71,Yes,No,DSL,No,No,Yes,No,Yes,Yes,Month-to-month,Yes,Credit card (automatic),60.0,4274.29,1,7.5,1,0,0.271,Watch
Female,0,No,Yes,4,Yes,No,Fiber optic,Yes,No,No,Yes,Yes,No,Two year,No,Electronic check,83.62,349.27,0,21.9,1,0,0.452,High Risk
Male,1,No,No,22,Yes,No,Fiber optic,No,No,No,No,Yes,Yes,Month-to-month,Yes,Bank transfer (automatic),74.43,1614.88,1,11.6,0,0,0.758,Critical Risk
Female,0,Yes,No,8,Yes,No,Fiber optic,No,No,No,No,No,No,Two year,No,Mailed check,61.77,508.78,1,25.1,0,0,0.254,Watch
Female,0,No,No,16,Yes,No,No,No,No,No,No,No,No,Two year,No,Electronic check,18.34,293.11,2,12.9,1,0,0.244,Watch
Female,0,No,No,5,Yes,Yes,No,No,No,No,No,No,No,One year,Yes,Mailed check,19.64,111.32,2,14.0,0,0,0.329,Watch
Female,1,No,Yes,26,Yes,No,DSL,Yes,Yes,Yes,Yes,Yes,No,Two year,Yes,Credit card (automatic),71.9,1865.77,2,12.2,1,0,0.136,Healthy
Male,0,No,No,21,Yes,Yes,DSL,No,Yes,No,Yes,No,Yes,Month-to-month,Yes,Bank transfer (automatic),53.42,1128.39,2,6.4,1,1,0.643,High Risk
Male,0,No,No,11,Yes,No,DSL,Yes,Yes,No,Yes,Yes,Yes,Month-to-month,Yes,Electronic check,67.58,750.22,0,18.3,1,0,0.709,Critical Risk
Male,0,Yes,Yes,52,Yes,Yes,No,No,No,No,No,No,No,One year,Yes,Credit card (automatic),22.34,1156.71,1,19.7,2,0,0.138,Healthy
Male,0,No,No,2,Yes,Yes,Fiber optic,Yes,No,Yes,Yes,No,Yes,Month-to-month,Yes,Bank transfer (automatic),88.09,171.44,2,18.5,0,1,0.857,Critical Risk
Male,0,Yes,No,34,Yes,No,No,No,No,No,No,No,No,One year,No,Electronic check,18.44,625.29,1,17.7,2,0,0.307,Watch
Female,0,No,Yes,22,Yes,Yes,Fiber optic,Yes,Yes,Yes,No,No,Yes,Two year,Yes,Credit card (automatic),87.68,1921.62,0,21.4,0,0,0.147,Healthy
Female,0,No,No,47,Yes,Yes,Fiber optic,No,Yes,Yes,No,No,Yes,One year,Yes,Mailed check,78.5,3682.73,0,11.1,0,0,0.165,Healthy
Male,0,No,No,24,Yes,No,DSL,No,Yes,Yes,Yes,No,Yes,Month-to-month,No,Mailed check,61.47,1447.22,0,20.9,0,0,0.329,Watch
Male,0,No,No,34,Yes,No,DSL,Yes,No,No,Yes,Yes,No,Month-to-month,No,Electronic check,62.53,2111.42,2,18.5,0,1,0.643,High Risk
Female,0,Yes,No,59,Yes,No,No,No,No,No,No,No,No,Month-to-month,No,Credit card (automatic),18.23,1043.66,3,13.3,3,0,0.508,High Risk
Female,0,Yes,Yes,10,Yes,Yes,Fiber optic,No,Yes,Yes,Yes,Yes,Yes,Month-to-month,No,Electronic check,92.67,947.59,2,10.6,1,1,0.893,Critical Risk
Female,0,No,No,31,Yes,No,No,No,No,No,No,No,No,Two year,Yes,Bank transfer (automatic),18.0,567.36,1,12.3,1,0,0.105,Healthy
Male,0,Yes,Yes,41,Yes,No,DSL,Yes,No,No,Yes,Yes,No,Month-to-month,Yes,Bank transfer (automatic),56.11,2310.41,1,6.5,0,0,0.442,High Risk
Male,0,Yes,Yes,53,Yes,Yes,Fiber optic,No,No,No,No,Yes,Yes,Two year,No,Bank transfer (automatic),73.09,3863.71,2,18.3,0,0,0.146,Healthy
Female,0,No,Yes,39,Yes,No,Fiber optic,Yes,Yes,No,No,Yes,No,One year,No,Electronic check,79.74,3091.75,0,15.7,0,1,0.366,Watch
Male,0,Yes,No,53,Yes,No,DSL,Yes,No,Yes,No,Yes,No,One year,Yes,Mailed check,54.78,2894.02,0,13.9,1,0,0.166,Healthy
Male,0,Yes,No,58,No,No,Fiber optic,Yes,No,No,Yes,No,No,One year,No,Electronic check,71.68,4142.15,2,15.8,0,0,0.259,Watch
Male,0,Yes,No,57,Yes,Yes,No,No,No,No,No,No,No,Month-to-month,Yes,Electronic check,18.0,991.52,1,23.4,0,0,0.28,Watch
Male,0,No,No,44,Yes,No,Fiber optic,Yes,No,Yes,Yes,No,Yes,One year,Yes,Mailed check,89.13,3920.97,1,15.0,1,0,0.306,Watch
Male,1,Yes,No,67,Yes,No,Fiber optic,Yes,Yes,No,No,No,Yes,Month-to-month,No,Mailed check,82.58,5519.72,0,20.4,1,0,0.391,Watch
Female,0,No,No,1,Yes,No,Fiber optic,Yes,No,Yes,Yes,Yes,No,Month-to-month,Yes,Mailed check,86.61,87.39,0,19.7,1,1,0.856,Critical Risk
Male,1,No,No,36,Yes,No,Fiber optic,No,Yes,No,Yes,Yes,Yes,Two year,Yes,Mailed check,86.65,3099.61,0,10.4,0,0,0.097,Healthy
Female,0,Yes,Yes,58,Yes,Yes,No,No,No,No,No,No,No,Month-to-month,Yes,Electronic check,18.0,1016.22,1,20.8,0,0,0.284,Watch
Female,0,No,Yes,7,Yes,No,Fiber optic,No,Yes,Yes,Yes,No,Yes,One year,Yes,Electronic check,87.17,609.79,1,16.2,1,1,0.631,High Risk
Male,0,Yes,No,59,Yes,No,Fiber optic,Yes,No,No,Yes,No,No,Month-to-month,Yes,Bank transfer (automatic),75.79,4429.75,3,16.7,1,0,0.679,High Risk
Male,0,No,No,2,Yes,No,Fiber optic,No,Yes,No,No,Yes,Yes,Month-to-month,Yes,Credit card (automatic),80.51,182.85,3,12.8,0,0,0.88,Critical Risk
Female,0,Yes,Yes,57,Yes,Yes,No,No,No,No,No,No,No,Month-to-month,No,Mailed check,18.0,1028.11,0,4.6,2,0,0.365,Watch
Female,0,Yes,No,13,Yes,No,No,No,No,No,No,No,No,Month-to-month,No,Electronic check,18.0,224.88,0,0.9,1,0,0.744,Critical Risk
Male,1,Yes,No,48,Yes,No,Fiber optic,No,Yes,Yes,Yes,No,No,One year,No,Electronic check,86.65,4155.8,1,6.0,1,0,0.293,Watch
Male,0,Yes,No,60,Yes,Yes,DSL,No,No,No,Yes,No,Yes,Month-to-month,No,Electronic check,54.48,3295.69,2,16.3,1,0,0.45,High Risk
Female,1,No,Yes,59,Yes,Yes,No,No,No,No,No,No,No,Month-to-month,No,Mailed check,18.0,1058.73,0,10.2,1,0,0.213,Watch
Male,0,Yes,Yes,41,Yes,No,DSL,Yes,Yes,No,No,Yes,Yes,Month-to-month,No,Electronic check,57.59,2362.03,1,8.1,1,0,0.629,High Risk
Male,0,No,No,66,Yes,Yes,DSL,No,No,Yes,Yes,No,No,Month-to-month,Yes,Electronic check,46.19,3033.66,1,14.3,2,0,0.349,Watch
Male,0,Yes,No,10,Yes,Yes,Fiber optic,Yes,Yes,Yes,No,Yes,No,One year,Yes,Credit card (automatic),82.91,856.95,0,10.0,0,0,0.412,High Risk
Male,0,No,No,17,No,No,Fiber optic,Yes,No,No,No,No,No,Month-to-month,No,Mailed check,69.49,1188.85,2,20.3,3,1,0.928,Critical Risk
Female,1,No,Yes,9,Yes,Yes,DSL,No,No,No,Yes,No,No,Month-to-month,Yes,Electronic check,41.64,400.69,0,21.1,0,0,0.506,High Risk
Male,1,Yes,Yes,52,Yes,Yes,DSL,No,No,Yes,No,No,No,Month-to-month,Yes,Electronic check,43.58,2225.43,0,20.5,0,0,0.312,Watch
Male,1,No,No,65,No,No,Fiber optic,No,Yes,Yes,No,No,No,Month-to-month,No,Credit card (automatic),73.34,4744.57,1,17.5,2,0,0.396,Watch
Female,1,No,Yes,67,Yes,No,Fiber optic,No,Yes,No,No,Yes,Yes,Month-to-month,Yes,Bank transfer (automatic),80.36,5384.62,4,8.1,1,0,0.678,High Risk
Male,0,No,No,37,Yes,Yes,DSL,No,No,Yes,No,No,No,One year,Yes,Electronic check,43.88,1638.91,4,15.1,0,0,0.347,Watch
Male,0,No,No,9,Yes,Yes,DSL,Yes,Yes,Yes,No,Yes,Yes,Month-to-month,No,Electronic check,67.55,628.63,1,14.7,3,1,0.897,Critical Risk
Female,1,No,No,12,Yes,No,Fiber optic,No,No,No,No,Yes,Yes,Month-to-month,No,Bank transfer (automatic),82.53,990.18,2,16.8,1,1,0.887,Critical Risk
Male,0,Yes,Yes,45,Yes,No,DSL,Yes,No,No,No,Yes,No,Two year,No,Bank transfer (automatic),47.76,2131.77,3,13.5,0,0,0.1,Healthy
Female,0,No,No,65,No,No,DSL,No,No,No,No,Yes,Yes,Month-to-month,No,Bank transfer (automatic),45.6,2946.93,2,16.5,2,0,0.424,High Risk
Male,0,Yes,No,72,Yes,No,No,No,No,No,No,No,No,One year,No,Mailed check,22.85,1672.41,2,13.6,1,0,0.074,Healthy
Male,0,No,No,52,Yes,Yes,Fiber optic,No,Yes,Yes,No,Yes,No,Two year,Yes,Credit card (automatic),83.52,4354.12,2,21.1,1,0,0.149,Healthy
Male,0,No,No,64,Yes,No,Fiber optic,Yes,Yes,No,Yes,Yes,No,One year,No,Bank transfer (automatic),92.14,5917.09,1,7.4,1,0,0.262,Watch
Female,0,No,No,34,Yes,Yes,Fiber optic,No,No,Yes,Yes,Yes,Yes,Month-to-month,Yes,Bank transfer (automatic),81.27,2801.29,1,14.7,1,1,0.684,High Risk
Male,0,No,Yes,14,Yes,No,Fiber optic,No,No,No,No,Yes,No,Month-to-month,No,Electronic check,65.87,860.55,2,14.8,0,1,0.889,Critical Risk
Male,0,Yes,No,33,No,No,Fiber optic,No,No,No,Yes,No,No,Month-to-month,Yes,Electronic check,73.25,2396.59,3,9.2,1,1,0.866,Critical Risk
Female,0,No,No,7,Yes,No,Fiber optic,Yes,No,Yes,No,No,No,Month-to-month,Yes,Mailed check,71.34,474.29,1,9.8,1,1,0.885,Critical Risk
Male,0,Yes,No,49,Yes,Yes,Fiber optic,No,No,Yes,No,Yes,No,One year,No,Electronic check,79.37,3846.52,1,9.5,1,0,0.518,High Risk
Female,0,No,No,24,Yes,Yes,DSL,No,Yes,No,No,No,No,Month-to-month,Yes,Electronic check,47.8,1156.47,1,18.1,0,0,0.605,High Risk
Male,0,No,No,24,Yes,No,Fiber optic,No,Yes,No,No,Yes,No,One year,No,Bank transfer (automatic),75.34,1784.77,4,8.1,0,0,0.623,High Risk
Female,0,Yes,Yes,0,Yes,Yes,DSL,Yes,Yes,No,No,Yes,No,Two year,Yes,Bank transfer (automatic),62.81,0.0,1,7.4,0,0,0.31,Watch
Male,0,No,Yes,72,Yes,No,No,No,No,No,No,No,No,Month-to-month,Yes,Mailed check,19.63,1412.69,0,6.9,0,0,0.13,Healthy
Female,0,Yes,No,31,Yes,Yes,Fiber optic,Yes,Yes,Yes,No,No,Yes,Month-to-month,Yes,Bank transfer (automatic),91.59,2839.05,1,14.0,1,0,0.821,Critical Risk
Male,0,No,No,57,Yes,Yes,No,No,No,No,No,No,No,Month-to-month,No,Credit card (automatic),18.29,1072.83,0,6.3,0,0,0.174,Healthy
Female,0,No,Yes,37,Yes,Yes,Fiber optic,No,No,No,Yes,No,No,One year,Yes,Electronic check,63.22,2347.45,3,11.2,2,1,0.593,High Risk
Female,0,No,No,46,Yes,No,Fiber optic,No,Yes,Yes,No,Yes,No,Month-to-month,Yes,Bank transfer (automatic),77.02,3499.61,1,16.3,0,0,0.521,High Risk
Male,0,No,No,34,Yes,Yes,Fiber optic,Yes,No,No,No,No,Yes,Month-to-month,No,Credit card (automatic),76.22,2577.39,1,18.7,2,0,0.782,Critical Risk
Male,0,Yes,No,50,Yes,No,DSL,Yes,Yes,No,Yes,Yes,No,Two year,Yes,Mailed check,63.86,3175.99,0,25.6,0,0,0.038,Healthy
Male,0,Yes,Yes,14,Yes,Yes,No,No,No,No,No,No,No,Month-to-month,No,Electronic check,22.4,351.9,3,12.3,1,1,0.828,Critical Risk
Female,0,Yes,Yes,72,Yes,No,Fiber optic,No,Yes,No,No,Yes,No,One year,Yes,Mailed check,74.36,5382.74,3,18.1,2,0,0.296,Watch
Female,0,Yes,No,31,Yes,Yes,Fiber optic,Yes,No,Yes,No,Yes,Yes,Month-to-month,Yes,Bank transfer (automatic),80.5,2493.45,3,15.8,0,1,0.816,Critical Risk
Female,0,Yes,No,0,Yes,No,No,No,No,No,No,No,No,Month-to-month,No,Credit card (automatic),18.0,0.0,0,11.5,1,0,0.631,High Risk
Male,0,No,Yes,69,Yes,No,Fiber optic,No,No,Yes,No,Yes,No,Two year,No,Bank transfer (automatic),73.11,5053.07,2,9.7,0,0,0.083,Healthy
Female,0,No,No,1,Yes,No,Fiber optic,Yes,Yes,Yes,No,No,Yes,One year,No,Bank transfer (automatic),86.32,95.88,2,15.8,1,1,0.732,Critical Risk
Male,0,Yes,No,34,No,No,Fiber optic,No,No,No,Yes,Yes,Yes,One year,Yes,Credit card (automatic),83.71,2843.57,3,17.6,0,0,0.349,Watch
Female,0,No,No,57,Yes,Yes,Fiber optic,No,Yes,Yes,No,No,Yes,One year,No,Mailed check,81.78,4611.07,4,12.2,0,0,0.339,Watch
Male,0,No,No,27,Yes,No,Fiber optic,No,No,Yes,No,Yes,Yes,One year,Yes,Mailed check,81.03,2177.93,2,13.2,2,1,0.691,High Risk
Female,0,Yes,No,15,Yes,Yes,Fiber optic,No,Yes,Yes,No,No,Yes,Month-to-month,Yes,Electronic check,86.37,1283.86,3,22.5,1,1,0.925,Critical Risk
Female,0,No,No,17,Yes,Yes,No,No,No,No,No,No,No,Month-to-month,No,Electronic check,19.22,312.37,1,24.1,0,0,0.57,High Risk
Female,0,Yes,No,50,Yes,Yes,DSL,Yes,Yes,No,No,Yes,No,Two year,Yes,Mailed check,55.41,2735.74,1,11.8,0,0,0.074,Healthy
Male,0,No,Yes,41,Yes,Yes,Fiber optic,No,No,Yes,Yes,Yes,No,One year,No,Electronic check,77.23,3183.15,2,15.8,0,0,0.318,Watch
Male,0,No,No,36,Yes,No,DSL,No,No,Yes,Yes,Yes,Yes,Two year,No,Bank transfer (automatic),65.84,2369.59,2,19.1,0,0,0.081,Healthy
Female,0,Yes,No,37,Yes,No,Fiber optic,Yes,No,Yes,No,Yes,Yes,One year,No,Credit card (automatic),85.58,3151.59,3,13.7,2,0,0.599,High Risk
Male,0,Yes,No,23,Yes,Yes,DSL,Yes,Yes,No,No,No,No,One year,Yes,Bank transfer (automatic),51.96,1167.34,2,10.7,0,0,0.324,Watch
Male,0,No,No,68,Yes,No,Fiber optic,Yes,Yes,No,Yes,Yes,Yes,One year,No,Credit card (automatic),88.38,5994.99,2,15.5,0,0,0.113,Healthy
Female,1,Yes,No,16,Yes,No,DSL,No,No,Yes,No,Yes,No,Two year,No,Credit card (automatic),54.36,875.07,2,18.7,2,0,0.224,Watch
Female,0,No,Yes,61,Yes,No,DSL,Yes,No,Yes,No,Yes,No,Two year,Yes,Bank transfer (automatic),63.59,3901.68,0,16.0,4,0,0.172,Healthy
Female,0,No,No,56,No,No,Fiber optic,No,Yes,No,Yes,No,Yes,Month-to-month,Yes,Electronic check,80.96,4557.13,4,14.3,0,1,0.7,Critical Risk
Female,1,Yes,Yes,0,Yes,Yes,Fiber optic,Yes,Yes,Yes,No,No,No,Month-to-month,No,Electronic check,78.29,0.0,2,6.4,0,1,0.902,Critical Risk
Male,0,No,Yes,12,Yes,Yes,Fiber optic,Yes,Yes,No,Yes,Yes,Yes,Month-to-month,Yes,Mailed check,86.04,1082.66,1,15.7,0,1,0.732,Critical Risk
Male,0,No,No,40,Yes,Yes,No,No,No,No,No,No,No,Month-to-month,Yes,Electronic check,18.0,766.24,0,11.3,0,1,0.362,Watch
Female,0,Yes,No,11,Yes,Yes,DSL,Yes,No,Yes,No,No,Yes,Month-to-month,Yes,Mailed check,52.01,545.39,0,16.2,0,0,0.561,High Risk
Male,0,No,No,62,Yes,Yes,Fiber optic,Yes,Yes,No,Yes,No,No,Month-to-month,No,Credit card (automatic),78.63,4852.69,3,10.2,0,0,0.446,High Risk
Male,0,No,No,32,Yes,No,Fiber optic,Yes,No,No,Yes,No,No,Month-to-month,No,Credit card (automatic),72.37,2312.44,1,11.5,2,1,0.751,Critical Risk
Male,0,No,No,61,Yes,Yes,No,No,No,No,No,No,No,Month-to-month,No,Bank transfer (automatic),18.0,1120.47,2,25.0,0,0,0.21,Watch
Female,0,Yes,No,8,Yes,Yes,DSL,No,Yes,Yes,Yes,Yes,Yes,One year,No,Bank transfer (automatic),74.66,624.49,0,15.6,0,0,0.25,Watch
Female,0,Yes,No,1,Yes,Yes,Fiber optic,No,No,Yes,No,No,Yes,Month-to-month,Yes,Credit card (automatic),70.46,79.3,0,0.0,0,1,0.807,Critical Risk
Male,0,No,Yes,46,Yes,No,No,No,No,No,No,No,No,One year,No,Credit card (automatic),20.98,979.86,0,21.8,2,0,0.09,Healthy
Male,0,No,No,58,Yes,No,Fiber optic,No,Yes,Yes,Yes,No,Yes,Two year,No,Credit card (automatic),83.99,4873.69,2,5.8,0,0,0.068,Healthy
Male,0,Yes,No,72,Yes,No,No,No,No,No,No,No,No,Month-to-month,Yes,Bank transfer (automatic),18.0,1303.81,1,9.0,1,0,0.207,Watch
Female,0,No,Yes,57,Yes,Yes,DSL,No,Yes,Yes,No,No,No,Month-to-month,No,Mailed check,48.61,2779.78,0,13.5,0,0,0.221,Watch
Male,0,No,Yes,54,No,No,DSL,Yes,Yes,Yes,No,No,Yes,One year,No,Mailed check,63.73,3429.01,1,20.4,0,0,0.109,Healthy
Female,0,Yes,Yes,4,Yes,Yes,Fiber optic,Yes,Yes,Yes,No,Yes,Yes,One year,No,Mailed check,92.33,413.74,1,15.6,1,0,0.679,High Risk
Male,0,No,No,44,Yes,No,DSL,No,Yes,Yes,Yes,No,No,Month-to-month,Yes,Electronic check,59.18,2626.37,2,4.1,1,1,0.562,High Risk
Male,0,No,No,52,Yes,Yes,Fiber optic,No,No,Yes,No,Yes,No,Month-to-month,Yes,Electronic check,77.08,4025.29,0,16.8,0,1,0.633,High Risk
Male,0,No,No,28,Yes,No,DSL,No,No,No,Yes,No,No,Two year,Yes,Bank transfer (automatic),40.61,1132.26,2,11.3,1,0,0.139,Healthy
Female,0,No,Yes,72,Yes,No,Fiber optic,Yes,No,No,No,No,No,Month-to-month,Yes,Bank transfer (automatic),66.92,4806.14,0,12.5,0,0,0.347,Watch
Male,1,No,No,72,Yes,No,No,No,No,No,No,No,No,Two year,No,Electronic check,18.0,1263.32,0,10.8,0,0,0.015,Healthy
Male,0,No,No,62,Yes,No,No,No,No,No,No,No,No,Month-to-month,Yes,Mailed check,20.2,1246.8,0,8.2,2,0,0.326,Watch
Male,0,No,No,64,No,No,DSL,No,Yes,No,No,No,No,Month-to-month,Yes,Mailed check,44.13,2829.11,2,8.3,0,0,0.28,Watch
Male,0,Yes,No,41,Yes,No,DSL,No,No,No,No,No,No,Two year,No,Electronic check,37.33,1505.94,1,18.6,0,0,0.076,Healthy
Male,0,Yes,No,59,Yes,No,No,No,No,No,No,No,No,Two year,Yes,Electronic check,18.0,1054.1,1,9.1,0,0,0.047,Healthy
Female,0,No,No,5,Yes,No,Fiber optic,Yes,Yes,Yes,No,Yes,No,Month-to-month,No,Mailed check,89.98,442.45,2,6.4,0,1,0.902,Critical Risk
Male,0,No,No,16,Yes,No,Fiber optic,Yes,No,Yes,Yes,No,Yes,Month-to-month,Yes,Bank transfer (automatic),85.96,1390.56,0,9.7,0,1,0.758,Critical Risk
Male,1,Yes,No,48,Yes,Yes,No,No,No,No,No,No,No,Month-to-month,Yes,Electronic check,18.0,877.86,0,13.3,1,0,0.301,Watch
Male,0,Yes,No,9,Yes,No,Fiber optic,Yes,Yes,Yes,No,Yes,No,Two year,No,Electronic check,83.08,731.55,3,16.9,1,0,0.59,High Risk
Female,1,Yes,No,59,Yes,No,Fiber optic,Yes,No,No,No,No,Yes,Two year,No,Electronic check,79.87,4705.02,1,15.9,1,0,0.194,Healthy
Male,1,No,Yes,12,Yes,Yes,No,No,No,No,No,No,No,One year,Yes,Bank transfer (automatic),18.0,206.42,2,12.9,2,0,0.385,Watch
Male,0,No,No,25,Yes,No,Fiber optic,No,No,Yes,No,No,No,One year,Yes,Bank transfer (automatic),69.58,1718.84,2,8.9,1,0,0.633,High Risk
Male,1,No,No,18,Yes,No,Fiber optic,Yes,No,No,Yes,Yes,No,Month-to-month,No,Mailed check,80.83,1444.6,1,7.7,0,1,0.76,Critical Risk
Male,0,Yes,No,39,Yes,Yes,No,No,No,No,No,No,No,One year,No,Credit card (automatic),18.0,706.55,3,19.6,1,0,0.153,Healthy
Male,0,No,No,5,Yes,No,Fiber optic,Yes,No,No,No,No,No,One year,No,Mailed check,66.9,303.45,1,17.3,0,0,0.566,High Risk
Female,0,Yes,No,59,Yes,Yes,No,No,No,No,No,No,No,Month-to-month,Yes,Bank transfer (automatic),18.05,1074.58,3,17.2,0,0,0.314,Watch
Male,0,Yes,No,64,Yes,Yes,DSL,No,Yes,Yes,Yes,No,No,Month-to-month,No,Mailed check,52.08,3313.79,0,15.5,1,0,0.157,Healthy
Male,0,Yes,No,54,Yes,Yes,No,No,No,No,No,No,No,One year,Yes,Credit card (automatic),18.0,943.73,2,16.2,3,0,0.197,Healthy
Male,1,No,No,13,Yes,No,DSL,No,No,Yes,Yes,Yes,Yes,Two year,Yes,Electronic check,66.5,851.28,0,14.5,1,0,0.2,Watch
Male,0,No,Yes,21,Yes,Yes,DSL,Yes,Yes,No,Yes,Yes,No,Two year,No,Electronic check,65.16,1364.83,1,9.4,0,0,0.166,Healthy
Female,0,Yes,Yes,16,Yes,Yes,Fiber optic,No,No,No,Yes,Yes,No,Month-to-month,No,Mailed check,75.66,1219.34,2,24.7,0,0,0.759,Critical Risk
Female,0,Yes,No,43,Yes,No,No,No,No,No,No,No,No,Month-to-month,Yes,Bank transfer (automatic),18.0,761.19,3,5.3,0,0,0.457,High Risk
Female,0,No,No,64,Yes,Yes,Fiber optic,Yes,No,Yes,No,Yes,No,One year,Yes,Credit card (automatic),83.86,5376.05,0,6.0,1,0,0.216,Watch
Male,0,Yes,No,64,Yes,Yes,Fiber optic,Yes,Yes,No,No,No,No,Month-to-month,No,Mailed check,79.41,5085.76,0,16.9,0,0,0.402,High Risk
Female,0,No,No,69,Yes,No,No,No,No,No,No,No,No,Month-to-month,Yes,Electronic check,18.66,1310.86,2,16.0,0,0,0.256,Watch
Male,1,Yes,No,50,Yes,Yes,Fiber optic,No,No,No,No,No,Yes,One year,No,Mailed check,71.74,3581.9,1,26.0,1,0,0.271,Watch
Female,0,Yes,No,16,Yes,Yes,No,No,No,No,No,No,No,Month-to-month,Yes,Bank transfer (automatic),18.0,276.49,3,15.8,0,1,0.652,High Risk
Female,0,Yes,No,29,No,No,DSL,Yes,No,Yes,Yes,Yes,No,Two year,No,Electronic check,68.09,2027.41,2,14.6,0,0,0.18,Healthy
Female,0,No,No,21,Yes,Yes,DSL,Yes,No,No,Yes,Yes,Yes,Month-to-month,No,Credit card (automatic),60.53,1290.84,2,20.1,0,0,0.507,High Risk
Female,0,Yes,No,4,Yes,Yes,DSL,Yes,Yes,No,No,No,Yes,Two year,Yes,Electronic check,54.77,203.67,1,28.8,2,0,0.355,Watch
Male,1,Yes,Yes,58,No,No,No,No,No,No,No,No,No,One year,Yes,Mailed check,22.2,1307.38,2,17.6,1,0,0.102,Healthy
Male,0,No,No,42,Yes,No,DSL,Yes,Yes,No,Yes,Yes,No,Month-to-month,No,Bank transfer (automatic),59.85,2554.12,4,6.2,0,1,0.559,High Risk
Female,0,Yes,Yes,70,Yes,No,Fiber optic,Yes,Yes,No,Yes,No,No,Month-to-month,No,Mailed check,77.74,5445.15,2,26.8,2,1,0.459,High Risk
Male,0,No,Yes,61,Yes,No,DSL,No,No,No,No,No,Yes,Two year,No,Bank transfer (automatic),39.27,2398.66,0,14.7,0,0,0.027,Healthy
Female,1,Yes,No,47,Yes,Yes,DSL,Yes,Yes,No,No,No,Yes,Month-to-month,Yes,Credit card (automatic),54.01,2524.06,1,15.1,1,0,0.305,Watch
Female,0,No,No,3,Yes,Yes,Fiber optic,No,No,No,No,No,No,Month-to-month,Yes,Electronic check,59.92,202.29,1,0.9,2,1,0.951,Critical Risk
Female,0,Yes,No,32,Yes,Yes,DSL,Yes,No,No,No,No,No,One year,Yes,Electronic check,48.88,1573.6,0,9.5,0,0,0.301,Watch
Male,0,No,No,34,Yes,No,No,No,No,No,No,No,No,Two year,No,Bank transfer (automatic),23.22,757.97,3,8.3,0,0,0.12,Healthy
Female,0,No,No,49,Yes,Yes,No,No,No,No,No,No,No,Two year,Yes,Credit card (automatic),18.0,878.94,0,11.2,2,0,0.057,Healthy
Male,0,No,No,41,Yes,No,Fiber optic,No,Yes,Yes,No,No,No,One year,Yes,Mailed check,79.36,3251.86,1,19.1,1,0,0.331,Watch
Male,0,No,No,56,Yes,Yes,Fiber optic,Yes,No,No,No,No,Yes,Month-to-month,Yes,Mailed check,70.41,3937.35,2,3.0,0,0,0.657,High Risk
Male,0,Yes,No,1,Yes,Yes,No,No,No,No,No,No,No,Month-to-month,Yes,Electronic check,21.76,16.72,1,1.1,0,1,0.784,Critical Risk
Female,1,Yes,No,8,Yes,No,Fiber optic,No,No,Yes,Yes,Yes,Yes,Month-to-month,Yes,Mailed check,92.84,708.63,0,23.1,0,0,0.708,Critical Risk
Female,0,No,Yes,69,Yes,Yes,DSL,No,No,Yes,No,No,Yes,Month-to-month,No,Electronic check,56.35,3930.59,2,16.9,0,0,0.339,Watch
Female,1,No,No,31,Yes,Yes,DSL,Yes,Yes,Yes,No,Yes,No,Two year,Yes,Mailed check,67.94,2101.48,2,13.2,1,0,0.176,Healthy
Female,0,No,No,60,Yes,No,Fiber optic,No,No,No,No,Yes,No,Two year,Yes,Credit card (automatic),64.14,3879.19,2,17.6,0,0,0.08,Healthy
Male,0,No,No,62,No,No,Fiber optic,Yes,No,Yes,Yes,Yes,No,Month-to-month,No,Bank transfer (automatic),82.85,5127.37,0,12.2,2,0,0.533,High Risk
Male,0,No,No,8,Yes,No,Fiber optic,No,No,Yes,No,Yes,Yes,Month-to-month,No,Mailed check,80.38,614.1,3,7.6,0,1,0.895,Critical Risk
Female,0,No,No,51,Yes,Yes,No,No,No,No,No,No,No,Month-to-month,No,Mailed check,18.34,936.83,0,6.2,1,0,0.345,Watch
Male,0,No,No,12,Yes,No,Fiber optic,Yes,No,Yes,No,No,No,Month-to-month,No,Bank transfer (automatic),79.4,971.81,0,14.2,0,1,0.797,Critical Risk
Male,0,No,No,11,Yes,No,DSL,No,Yes,Yes,Yes,Yes,No,Month-to-month,No,Credit card (automatic),58.45,629.05,1,14.4,0,0,0.44,High Risk
Female,0,Yes,No,17,Yes,Yes,Fiber optic,Yes,No,Yes,Yes,No,Yes,One year,No,Bank transfer (automatic),88.51,1527.78,1,8.9,0,0,0.49,High Risk
Female,0,No,Yes,55,Yes,Yes,Fiber optic,Yes,No,No,No,Yes,No,Two year,No,Mailed check,70.78,3882.86,1,18.7,0,0,0.111,Healthy
Male,0,No,No,6,Yes,Yes,DSL,Yes,No,Yes,Yes,Yes,No,Month-to-month,Yes,Credit card (automatic),69.69,394.09,3,18.6,0,0,0.718,Critical Risk
Female,1,Yes,No,48,Yes,No,DSL,No,No,Yes,Yes,No,No,Two year,Yes,Credit card (automatic),59.39,2856.96,4,4.5,0,0,0.062,Healthy
Male,0,No,Yes,27,Yes,No,Fiber optic,No,No,Yes,Yes,No,Yes,Two year,No,Bank transfer (automatic),77.29,2114.77,1,20.8,0,0,0.152,Healthy
Male,0,No,No,19,Yes,No,Fiber optic,Yes,No,No,Yes,No,No,Two year,No,Credit card (automatic),80.94,1579.34,1,12.9,0,0,0.214,Watch
Male,0,Yes,No,17,Yes,Yes,DSL,Yes,No,No,Yes,Yes,Yes,Month-to-month,No,Credit card (automatic),56.12,925.95,0,10.6,1,0,0.538,High Risk
Female,0,No,No,25,Yes,No,Fiber optic,Yes,Yes,No,Yes,No,No,Month-to-month,No,Bank transfer (automatic),84.34,2094.78,2,17.5,0,0,0.783,Critical Risk
Male,0,Yes,No,25,Yes,Yes,Fiber optic,No,No,Yes,Yes,No,No,Month-to-month,Yes,Electronic check,71.6,1778.44,1,11.4,0,0,0.761,Critical Risk
Male,0,Yes,Yes,22,Yes,Yes,DSL,No,No,Yes,Yes,Yes,No,One year,No,Bank transfer (automatic),62.05,1355.84,0,2.3,0,0,0.222,Watch
Female,0,No,Yes,37,Yes,No,No,No,No,No,No,No,No,Month-to-month,Yes,Electronic check,18.0,669.34,1,10.5,1,1,0.562,High Risk
Female,0,No,No,72,Yes,No,Fiber optic,No,No,Yes,Yes,Yes,No,Month-to-month,Yes,Electronic check,80.89,5868.81,4,9.0,0,1,0.593,High Risk
Female,0,No,Yes,32,Yes,Yes,DSL,No,No,Yes,Yes,Yes,Yes,Two year,Yes,Mailed check,62.34,2040.12,1,12.0,2,0,0.144,Healthy
Female,0,Yes,No,13,Yes,Yes,No,No,No,No,No,No,No,Month-to-month,No,Credit card (automatic),18.0,287.88,2,16.4,0,0,0.539,High Risk
Female,1,No,No,44,Yes,Yes,Fiber optic,Yes,No,Yes,Yes,No,No,Month-to-month,No,Mailed check,84.68,3746.4,0,8.6,2,1,0.624,High Risk
Female,0,Yes,No,60,Yes,No,No,No,No,No,No,No,No,Month-to-month,Yes,Bank transfer (automatic),18.0,1078.42,0,21.6,0,0,0.171,Healthy
Female,0,No,No,43,Yes,Yes,DSL,No,Yes,No,Yes,Yes,Yes,One year,Yes,Credit card (automatic),63.26,2696.11,0,14.4,0,0,0.065,Healthy
Female,0,Yes,Yes,38,Yes,No,Fiber optic,No,Yes,No,No,No,No,Month-to-month,Yes,Electronic check,67.9,2540.25,0,17.1,0,1,0.64,High Risk
Male,0,No,No,48,Yes,Yes,Fiber optic,Yes,Yes,No,Yes,Yes,No,Month-to-month,No,Bank transfer (automatic),82.84,3996.06,1,10.6,0,0,0.48,High Risk
Male,0,Yes,No,64,Yes,Yes,No,No,No,No,No,No,No,Month-to-month,No,Bank transfer (automatic),20.04,1284.51,2,22.0,1,1,0.268,Watch
Female,0,Yes,No,5,Yes,Yes,No,No,No,No,No,No,No,Month-to-month,Yes,Mailed check,18.0,127.48,1,19.0,0,0,0.571,High Risk
Male,0,Yes,No,71,Yes,No,Fiber optic,Yes,No,Yes,No,Yes,No,One year,Yes,Credit card (automatic),83.55,5927.61,2,5.9,2,0,0.317,Watch
Female,0,No,Yes,65,Yes,Yes,No,No,No,No,No,No,No,Two year,Yes,Mailed check,18.98,1262.06,1,12.3,0,0,0.022,Healthy
Male,0,No,No,70,Yes,Yes,DSL,No,Yes,No,Yes,Yes,Yes,Month-to-month,No,Electronic check,61.52,4329.23,0,28.2,0,0,0.136,Healthy
Female,1,No,Yes,36,No,No,Fiber optic,Yes,No,Yes,Yes,No,Yes,One year,No,Bank transfer (automatic),88.18,3123.2,3,24.2,0,0,0.318,Watch
Male,0,Yes,No,62,Yes,No,Fiber optic,No,No,Yes,No,No,No,Month-to-month,Yes,Mailed check,72.62,4508.2,0,14.9,1,0,0.502,High Risk
Female,0,Yes,Yes,5,Yes,Yes,DSL,No,Yes,Yes,No,Yes,No,Month-to-month,No,Credit card (automatic),55.05,272.69,2,21.0,0,0,0.613,High Risk
Male,0,No,No,30,Yes,Yes,DSL,No,No,No,No,Yes,Yes,Month-to-month,Yes,Credit card (automatic),52.71,1554.44,1,11.6,0,1,0.513,High Risk
Male,0,Yes,Yes,64,Yes,Yes,DSL,No,No,No,Yes,Yes,Yes,One year,Yes,Electronic check,59.63,3857.57,1,20.1,1,0,0.127,Healthy
Male,0,No,No,19,Yes,Yes,DSL,Yes,Yes,No,Yes,Yes,Yes,One year,No,Mailed check,63.69,1221.4,3,6.8,0,0,0.341,Watch
Female,1,No,Yes,55,Yes,Yes,DSL,No,No,No,No,Yes,No,One year,No,Electronic check,41.51,2323.73,1,4.9,1,0,0.207,Watch
Male,0,No,Yes,23,No,No,DSL,No,No,Yes,No,Yes,No,Month-to-month,Yes,Credit card (automatic),53.92,1245.57,2,27.0,1,1,0.583,High Risk
Female,0,No,Yes,43,Yes,No,Fiber optic,No,No,No,No,Yes,Yes,Month-to-month,No,Electronic check,77.62,3343.72,2,17.5,0,1,0.752,Critical Risk
Male,0,Yes,Yes,47,Yes,No,Fiber optic,No,No,Yes,No,No,No,Two year,No,Mailed check,72.14,3397.79,0,9.7,1,0,0.123,Healthy
Male,0,Yes,No,64,Yes,Yes,DSL,No,No,Yes,Yes,Yes,No,Month-to-month,Yes,Electronic check,49.7,3184.66,2,18.3,0,0,0.265,Watch
Female,0,No,No,24,Yes,Yes,Fiber optic,No,No,Yes,Yes,No,No,Two year,No,Mailed check,75.76,1839.46,1,16.7,2,0,0.254,Watch
Male,1,Yes,Yes,57,Yes,Yes,DSL,Yes,No,Yes,No,Yes,Yes,Month-to-month,Yes,Credit card (automatic),59.74,3409.68,3,3.8,1,0,0.498,High Risk
Male,0,No,No,31,Yes,Yes,Fiber optic,Yes,No,No,Yes,No,Yes,One year,Yes,Electronic check,83.76,2565.77,1,15.9,0,0,0.467,High Risk
Female,0,No,No,28,Yes,No,No,No,No,No,No,No,No,One year,Yes,Electronic check,19.27,578.5,1,18.5,0,1,0.239,Watch
Female,0,Yes,Yes,5,Yes,No,Fiber optic,Yes,Yes,No,No,No,No,Month-to-month,Yes,Credit card (automatic),70.67,335.44,1,24.5,3,0,0.901,Critical Risk
Female,0,No,No,5,Yes,Yes,Fiber optic,No,No,Yes,No,No,Yes,Month-to-month,No,Electronic check,72.04,353.61,1,11.4,0,1,0.871,Critical Risk
Male,0,Yes,No,56,Yes,No,Fiber optic,No,No,No,Yes,No,Yes,Month-to-month,Yes,Electronic check,72.36,4050.59,6,2.4,0,0,0.837,Critical Risk
Female,0,No,No,7,Yes,No,DSL,No,No,No,Yes,No,No,Month-to-month,Yes,Electronic check,43.34,270.06,2,8.7,2,1,0.86,Critical Risk
Male,0,Yes,No,8,Yes,Yes,Fiber optic,No,Yes,No,Yes,Yes,Yes,Month-to-month,No,Bank transfer (automatic),86.34,686.64,2,9.2,0,1,0.826,Critical Risk
Female,0,No,No,13,Yes,No,DSL,Yes,Yes,Yes,Yes,Yes,Yes,Month-to-month,Yes,Credit card (automatic),75.45,968.45,1,11.0,1,0,0.682,High Risk
Female,0,Yes,No,24,Yes,Yes,Fiber optic,No,No,Yes,Yes,No,Yes,One year,No,Mailed check,83.47,2011.93,2,14.2,0,1,0.383,Watch
Male,1,Yes,No,11,Yes,Yes,No,No,No,No,No,No,No,One year,No,Credit card (automatic),18.93,230.02,0,15.4,0,0,0.12,Healthy
Male,0,Yes,No,43,Yes,No,Fiber optic,Yes,No,Yes,Yes,Yes,No,One year,No,Electronic check,78.34,3338.08,1,25.8,2,0,0.378,Watch
Male,0,Yes,No,60,Yes,Yes,Fiber optic,Yes,No,No,No,Yes,Yes,Month-to-month,Yes,Credit card (automatic),73.31,4385.72,0,1.8,0,0,0.444,High Risk
Male,0,No,No,38,No,No,Fiber optic,No,No,No,No,No,Yes,Month-to-month,Yes,Mailed check,66.85,2534.18,1,0.4,0,0,0.673,High Risk
Male,0,Yes,No,48,Yes,Yes,Fiber optic,Yes,Yes,Yes,No,Yes,Yes,Two year,No,Electronic check,90.31,4376.38,1,11.3,0,0,0.156,Healthy
Female,0,Yes,No,65,Yes,No,Fiber optic,Yes,Yes,Yes,No,No,Yes,Two year,Yes,Bank transfer (automatic),91.35,5929.99,1,6.0,1,0,0.147,Healthy
Male,0,Yes,Yes,65,Yes,No,No,No,No,No,No,No,No,Two year,No,Electronic check,18.0,1121.17,1,11.0,1,0,0.046,Healthy
Male,0,Yes,Yes,48,Yes,No,Fiber optic,No,Yes,Yes,No,No,Yes,One year,Yes,Electronic check,86.16,4136.92,1,2.7,0,0,0.359,Watch
Female,0,Yes,Yes,4,Yes,No,Fiber optic,No,No,No,Yes,No,Yes,One year,No,Mailed check,77.42,326.0,2,23.3,0,0,0.528,High Risk
Male,0,Yes,Yes,57,Yes,No,DSL,Yes,Yes,Yes,No,Yes,Yes,Month-to-month,Yes,Electronic check,72.68,4124.53,1,24.4,0,0,0.451,High Risk
Female,0,No,No,55,Yes,No,Fiber optic,Yes,Yes,No,No,Yes,Yes,One year,Yes,Mailed check,85.8,4698.37,0,13.7,0,0,0.239,Watch
Female,0,No,No,22,Yes,Yes,Fiber optic,No,Yes,No,Yes,Yes,No,Month-to-month,No,Credit card (automatic),78.17,1713.28,0,25.2,0,1,0.481,High Risk
Female,0,No,Yes,11,No,No,DSL,Yes,Yes,No,Yes,No,No,Month-to-month,No,Electronic check,62.47,692.47,3,29.3,0,0,0.719,Critical Risk
Male,0,Yes,No,9,Yes,Yes,Fiber optic,No,Yes,No,Yes,No,Yes,Month-to-month,Yes,Mailed check,74.26,658.13,3,13.1,0,0,0.794,Critical Risk
Male,0,No,Yes,20,Yes,No,No,No,No,No,No,No,No,One year,No,Bank transfer (automatic),20.0,422.9,0,17.1,0,1,0.167,Healthy
Female,0,No,No,54,Yes,No,Fiber optic,Yes,Yes,Yes,Yes,Yes,No,Month-to-month,Yes,Mailed check,95.12,5131.56,1,5.5,1,1,0.672,High Risk
Female,0,No,No,69,Yes,No,DSL,No,Yes,Yes,No,No,No,Month-to-month,No,Bank transfer (automatic),52.94,3673.63,1,10.1,1,0,0.278,Watch
Male,0,Yes,Yes,11,Yes,Yes,DSL,No,No,No,Yes,No,Yes,Month-to-month,No,Electronic check,52.17,558.35,0,22.2,1,1,0.639,High Risk
Female,1,Yes,No,30,Yes,No,DSL,Yes,Yes,Yes,Yes,No,Yes,Two year,Yes,Mailed check,63.34,1923.47,4,17.9,1,0,0.148,Healthy
Female,0,Yes,No,60,Yes,Yes,DSL,Yes,No,No,No,Yes,Yes,One year,No,Bank transfer (automatic),56.97,3395.33,2,13.9,0,0,0.155,Healthy
Male,0,Yes,No,6,No,No,DSL,Yes,No,No,No,No,No,Month-to-month,No,Bank transfer (automatic),45.78,285.51,0,16.3,0,0,0.646,High Risk
Female,0,No,No,68,Yes,Yes,DSL,Yes,No,No,No,No,Yes,Month-to-month,Yes,Electronic check,46.16,3135.08,1,19.4,0,0,0.283,Watch
Male,0,Yes,No,1,Yes,No,DSL,No,No,Yes,No,No,Yes,One year,No,Electronic check,47.95,16.56,1,21.3,0,0,0.419,High Risk
Female,0,Yes,Yes,20,No,No,DSL,Yes,No,Yes,Yes,Yes,No,One year,No,Bank transfer (automatic),58.94,1189.93,0,12.5,0,0,0.189,Healthy
Female,0,Yes,No,2,Yes,Yes,DSL,Yes,No,Yes,No,No,Yes,Month-to-month,No,Electronic check,58.36,129.67,1,11.8,1,1,0.865,Critical Risk
Female,0,Yes,Yes,55,Yes,Yes,No,No,No,No,No,No,No,Month-to-month,Yes,Electronic check,18.67,1022.76,0,15.0,1,0,0.37,Watch
Male,0,Yes,No,31,Yes,No,No,No,No,No,No,No,No,One year,Yes,Mailed check,20.86,663.61,1,8.2,2,0,0.315,Watch
Male,0,Yes,No,31,Yes,Yes,No,No,No,No,No,No,No,Two year,No,Mailed check,18.0,576.32,2,11.6,0,0,0.082,Healthy
Female,0,No,No,39,Yes,Yes,DSL,No,Yes,Yes,Yes,Yes,Yes,Month-to-month,No,Electronic check,73.18,2848.66,1,18.9,1,0,0.526,High Risk
Female,0,Yes,No,21,Yes,Yes,DSL,Yes,No,Yes,Yes,No,Yes,Month-to-month,No,Mailed check,60.28,1260.02,3,16.6,1,1,0.685,High Risk
Female,0,No,No,55,Yes,Yes,Fiber optic,Yes,Yes,Yes,Yes,No,No,One year,Yes,Mailed check,89.96,4972.39,1,22.1,0,0,0.178,Healthy
Male,0,No,No,31,Yes,No,Fiber optic,No,No,No,No,Yes,No,One year,No,Electronic check,66.91,2059.36,0,11.4,1,0,0.53,High Risk
Male,0,No,No,58,Yes,Yes,Fiber optic,Yes,Yes,No,No,No,Yes,Month-to-month,No,Mailed check,80.17,4698.18,0,23.7,1,0,0.502,High Risk
Female,0,No,No,47,Yes,Yes,No,No,No,No,No,No,No,Two year,No,Bank transfer (automatic),18.1,839.54,2,10.8,0,0,0.043,Healthy
Male,0,Yes,Yes,49,Yes,Yes,Fiber optic,Yes,No,No,No,Yes,No,Month-to-month,Yes,Credit card (automatic),81.34,4018.39,0,10.1,1,0,0.704,Critical Risk
Female,0,No,No,72,Yes,No,No,No,No,No,No,No,No,One year,No,Credit card (automatic),20.57,1469.87,1,5.2,1,0,0.051,Healthy
Male,0,No,No,36,Yes,No,Fiber optic,No,Yes,No,Yes,No,No,Month-to-month,Yes,Bank transfer (automatic),80.12,2864.25,1,0.0,2,0,0.812,Critical Risk
Male,0,No,Yes,21,Yes,No,DSL,Yes,No,Yes,No,Yes,Yes,Month-to-month,Yes,Electronic check,58.59,1246.35,0,17.7,1,1,0.718,Critical Risk
Male,1,Yes,No,53,Yes,No,Fiber optic,Yes,Yes,Yes,No,Yes,No,Month-to-month,No,Credit card (automatic),85.86,4542.48,2,14.3,0,0,0.544,High Risk
Female,1,No,No,51,Yes,No,Fiber optic,Yes,Yes,Yes,No,No,Yes,Month-to-month,No,Electronic check,89.39,4510.0,0,17.2,0,0,0.61,High Risk
Female,0,Yes,No,35,Yes,Yes,DSL,No,No,No,No,Yes,No,Month-to-month,No,Electronic check,42.32,1500.91,1,13.5,0,0,0.559,High Risk
Male,0,No,No,24,Yes,No,Fiber optic,No,Yes,No,No,No,No,Month-to-month,Yes,Electronic check,69.32,1675.38,0,12.6,0,1,0.753,Critical Risk
Male,0,Yes,No,67,Yes,No,Fiber optic,No,No,No,No,No,No,Two year,Yes,Electronic check,57.96,3848.44,0,15.8,0,0,0.063,Healthy
Female,0,Yes,No,18,Yes,No,Fiber optic,No,No,No,No,No,Yes,Two year,Yes,Mailed check,65.41,1152.86,1,21.5,1,0,0.296,Watch
Male,0,No,No,5,No,No,No,No,No,No,No,No,No,Month-to-month,Yes,Credit card (automatic),21.41,104.65,1,18.5,1,0,0.607,High Risk
Female,0,No,Yes,46,Yes,Yes,DSL,No,No,Yes,Yes,No,Yes,One year,Yes,Electronic check,52.95,2427.09,1,24.1,1,0,0.126,Healthy
Male,0,No,No,5,Yes,No,No,No,No,No,No,No,No,One year,No,Electronic check,22.83,135.9,2,17.4,0,0,0.43,High Risk
Male,0,No,No,55,Yes,Yes,DSL,Yes,No,Yes,No,No,No,Month-to-month,Yes,Electronic check,50.64,2796.01,1,10.3,0,0,0.479,High Risk
Male,0,No,No,61,Yes,Yes,No,No,No,No,No,No,No,Month-to-month,Yes,Electronic check,19.11,1157.89,0,28.5,1,0,0.251,Watch
Female,0,Yes,No,52,Yes,No,DSL,No,Yes,No,Yes,Yes,Yes,Two year,No,Bank transfer (automatic),67.16,3470.4,0,22.5,0,0,0.036,Healthy
Male,0,No,Yes,17,Yes,No,Fiber optic,Yes,Yes,No,No,Yes,Yes,Month-to-month,No,Electronic check,84.85,1414.46,2,15.3,1,1,0.922,Critical Risk
Female,1,Yes,No,68,Yes,No,No,No,No,No,No,No,No,One year,No,Mailed check,19.8,1364.08,3,17.8,0,0,0.057,Healthy
Male,0,Yes,No,6,Yes,Yes,DSL,No,No,Yes,Yes,No,No,Two year,Yes,Bank transfer (automatic),45.91,252.88,0,17.4,0,0,0.088,Healthy
Male,0,No,Yes,7,Yes,Yes,No,No,No,No,No,No,No,Two year,No,Electronic check,18.0,121.64,1,7.4,1,0,0.244,Watch
Female,0,Yes,No,22,Yes,Yes,Fiber optic,No,Yes,Yes,Yes,Yes,No,Month-to-month,No,Electronic check,90.56,1991.22,0,14.4,2,1,0.84,Critical Risk
Female,0,No,No,39,Yes,No,Fiber optic,No,No,Yes,Yes,Yes,No,Month-to-month,Yes,Credit card (automatic),77.18,2982.5,2,14.7,1,0,0.622,High Risk
Male,0,Yes,Yes,51,Yes,No,Fiber optic,No,Yes,No,No,No,No,Month-to-month,Yes,Electronic check,71.97,3676.25,2,20.9,0,0,0.713,Critical Risk
Male,0,Yes,No,21,Yes,No,DSL,No,Yes,No,Yes,Yes,Yes,One year,Yes,Credit card (automatic),68.11,1448.96,1,12.7,0,1,0.198,Healthy
Male,1,Yes,No,66,Yes,No,Fiber optic,No,No,Yes,No,No,No,Two year,No,Credit card (automatic),69.98,4617.91,1,16.6,0,0,0.039,Healthy
Female,0,No,No,59,Yes,No,DSL,No,Yes,Yes,Yes,Yes,No,Month-to-month,Yes,Credit card (automatic),62.45,3658.43,2,24.8,1,0,0.259,Watch
Male,0,No,Yes,16,Yes,Yes,Fiber optic,No,Yes,No,Yes,No,No,One year,No,Mailed check,76.42,1238.09,2,15.4,0,0,0.442,High Risk
Male,0,Yes,Yes,4,Yes,Yes,Fiber optic,Yes,No,No,Yes,No,Yes,Month-to-month,No,Bank transfer (automatic),82.8,317.62,1,18.5,2,1,0.903,Critical Risk
Male,1,Yes,No,51,No,No,DSL,Yes,Yes,Yes,Yes,No,No,Month-to-month,Yes,Electronic check,60.0,3041.63,1,18.5,1,0,0.402,High Risk
Female,0,Yes,No,12,Yes,No,DSL,Yes,No,Yes,No,No,No,Month-to-month,No,Electronic check,49.08,632.13,3,13.4,2,1,0.893,Critical Risk
Male,1,Yes,Yes,20,Yes,Yes,Fiber optic,Yes,No,Yes,Yes,Yes,No,Month-to-month,Yes,Mailed check,89.05,1745.1,3,14.8,1,1,0.854,Critical Risk
Female,0,No,No,56,No,No,DSL,No,No,No,No,Yes,No,One year,No,Electronic check,41.62,2306.81,0,13.1,1,0,0.163,Healthy
Male,0,No,Yes,13,Yes,No,Fiber optic,No,Yes,No,Yes,No,Yes,Month-to-month,No,Bank transfer (automatic),81.48,1066.4,0,6.5,0,1,0.754,Critical Risk
Male,0,Yes,No,25,Yes,Yes,No,No,No,No,No,No,No,Month-to-month,Yes,Mailed check,18.21,452.18,0,13.0,2,1,0.605,High Risk
Male,0,Yes,No,67,Yes,No,DSL,Yes,No,No,Yes,No,Yes,One year,Yes,Electronic check,53.78,3607.68,2,8.7,2,0,0.212,Watch
Male,0,No,Yes,49,Yes,Yes,Fiber optic,No,Yes,No,No,No,No,Month-to-month,Yes,Bank transfer (automatic),67.45,3309.05,2,15.7,2,0,0.783,Critical Risk
Male,1,Yes,No,45,No,No,No,No,No,No,No,No,No,Month-to-month,No,Mailed check,23.36,1048.27,2,21.1,0,0,0.255,Watch
Female,0,Yes,No,72,Yes,Yes,No,No,No,No,No,No,No,Month-to-month,Yes,Mailed check,18.0,1317.45,3,26.0,0,0,0.16,Healthy
Male,0,No,No,56,Yes,No,DSL,Yes,No,No,No,No,No,Month-to-month,Yes,Mailed check,38.82,2190.69,1,11.4,0,0,0.344,Watch
Female,1,Yes,No,33,Yes,No,No,No,No,No,No,No,No,Month-to-month,Yes,Bank transfer (automatic),18.0,589.89,2,15.3,1,0,0.509,High Risk
Male,1,Yes,Yes,48,No,No,DSL,Yes,Yes,Yes,Yes,No,Yes,One year,Yes,Electronic check,70.17,3363.46,1,11.0,0,1,0.108,Healthy
Male,1,Yes,Yes,38,Yes,No,Fiber optic,Yes,Yes,Yes,No,Yes,No,Month-to-month,Yes,Electronic check,84.41,3213.91,1,7.3,1,1,0.799,Critical Risk
Male,1,No,No,26,Yes,No,Fiber optic,Yes,Yes,No,Yes,No,Yes,One year,Yes,Electronic check,84.64,2197.11,3,14.7,0,0,0.557,High Risk
Male,0,Yes,No,71,Yes,No,DSL,Yes,No,Yes,No,No,Yes,One year,Yes,Electronic check,54.04,3863.06,0,1.5,0,0,0.093,Healthy
Female,1,No,Yes,43,No,No,Fiber optic,Yes,No,Yes,Yes,No,No,Month-to-month,No,Bank transfer (automatic),76.53,3310.11,0,18.6,1,0,0.452,High Risk
Male,0,Yes,No,54,No,No,DSL,No,Yes,Yes,Yes,Yes,No,Month-to-month,Yes,Bank transfer (automatic),63.33,3430.81,1,11.0,0,0,0.295,Watch
Female,0,Yes,Yes,29,Yes,Yes,Fiber optic,Yes,No,Yes,No,Yes,Yes,Month-to-month,Yes,Electronic check,88.72,2600.61,0,11.2,0,0,0.826,Critical Risk
Female,0,No,Yes,14,Yes,No,Fiber optic,No,Yes,Yes,No,No,Yes,Month-to-month,Yes,Credit card (automatic),75.64,1070.02,6,3.8,0,0,0.914,Critical Risk
Female,0,Yes,No,8,Yes,No,No,No,No,No,No,No,No,Month-to-month,Yes,Electronic check,20.61,167.86,2,7.6,0,0,0.762,Critical Risk
Male,0,Yes,No,58,Yes,No,Fiber optic,No,Yes,Yes,No,No,No,One year,Yes,Electronic check,71.03,4119.7,1,18.1,0,0,0.226,Watch
Male,1,Yes,No,38,Yes,Yes,Fiber optic,No,No,Yes,Yes,Yes,No,One year,No,Credit card (automatic),82.85,3152.48,2,15.8,0,0,0.208,Watch
Female,0,No,Yes,37,Yes,No,DSL,Yes,No,No,No,Yes,Yes,Month-to-month,Yes,Mailed check,54.26,2038.67,1,12.3,0,0,0.522,High Risk
Male,0,Yes,No,8,Yes,Yes,No,No,No,No,No,No,No,Month-to-month,Yes,Mailed check,18.2,152.06,1,14.8,1,1,0.646,High Risk
Male,0,No,Yes,57,Yes,Yes,Fiber optic,Yes,No,No,No,Yes,No,Two year,Yes,Electronic check,71.34,4040.53,1,8.7,1,0,0.238,Watch
Female,0,Yes,No,19,Yes,Yes,DSL,No,Yes,Yes,Yes,Yes,No,Month-to-month,No,Electronic check,62.71,1178.25,2,2.0,2,1,0.826,Critical Risk
Female,0,Yes,No,43,No,No,Fiber optic,No,No,No,No,Yes,No,One year,Yes,Electronic check,68.11,2948.54,1,19.1,0,0,0.327,Watch
Female,0,Yes,No,25,Yes,No,DSL,Yes,No,No,No,Yes,No,Month-to-month,No,Credit card (automatic),55.62,1376.1,0,19.3,0,0,0.537,High Risk
Male,0,Yes,No,16,Yes,No,DSL,No,Yes,Yes,Yes,Yes,No,One year,Yes,Bank transfer (automatic),58.62,942.69,0,12.4,0,1,0.194,Healthy
Female,0,No,No,11,Yes,No,DSL,No,No,No,Yes,Yes,No,Month-to-month,No,Mailed check,52.17,586.08,3,21.6,0,0,0.656,High Risk
Male,0,Yes,Yes,59,Yes,No,Fiber optic,No,Yes,Yes,No,No,Yes,Two year,Yes,Bank transfer (automatic),79.31,4683.42,0,6.6,1,0,0.11,Healthy
Female,0,No,Yes,6,Yes,No,DSL,Yes,Yes,Yes,No,Yes,Yes,Month-to-month,Yes,Electronic check,64.64,385.76,0,19.2,0,0,0.718,Critical Risk
Female,0,Yes,No,0,Yes,No,Fiber optic,No,Yes,No,No,Yes,No,One year,Yes,Mailed check,78.63,0.0,0,9.6,0,0,0.614,High Risk
Female,0,No,Yes,22,Yes,Yes,DSL,No,Yes,Yes,No,No,Yes,One year,Yes,Credit card (automatic),58.92,1310.26,2,11.2,2,0,0.386,Watch
Female,0,Yes,Yes,64,No,No,DSL,No,No,No,Yes,Yes,No,One year,No,Electronic check,56.2,3576.48,2,7.0,0,0,0.138,Healthy
Male,0,No,Yes,51,Yes,No,DSL,Yes,No,No,Yes,No,Yes,Month-to-month,Yes,Credit card (automatic),58.85,3010.71,1,20.0,0,0,0.299,Watch
Male,0,Yes,No,59,Yes,Yes,Fiber optic,No,Yes,Yes,No,Yes,Yes,One year,No,Electronic check,89.85,5260.95,0,19.9,0,0,0.217,Watch
Male,0,No,No,14,No,No,DSL,Yes,No,Yes,Yes,Yes,No,One year,Yes,Credit card (automatic),62.61,861.08,1,12.4,1,1,0.318,Watch
Male,0,No,No,70,Yes,Yes,DSL,Yes,Yes,Yes,No,No,Yes,One year,Yes,Electronic check,58.77,4115.19,0,12.2,1,0,0.095,Healthy
Female,0,No,No,8,Yes,No,DSL,No,No,Yes,Yes,Yes,Yes,One year,Yes,Electronic check,56.8,452.36,1,22.0,2,0,0.475,High Risk
Male,0,Yes,No,2,Yes,Yes,No,No,No,No,No,No,No,One year,No,Mailed check,18.0,50.78,2,14.7,0,0,0.327,Watch
Female,0,No,Yes,34,Yes,No,DSL,No,No,Yes,Yes,Yes,Yes,Two year,No,Electronic check,58.21,1941.97,1,12.6,0,0,0.091,Healthy
Male,0,Yes,No,31,Yes,No,DSL,No,No,No,No,Yes,Yes,Two year,No,Electronic check,48.67,1493.18,1,2.3,0,0,0.176,Healthy
Male,1,Yes,No,21,Yes,No,Fiber optic,No,No,Yes,Yes,Yes,No,Month-to-month,No,Electronic check,79.85,1655.96,1,21.5,1,1,0.776,Critical Risk
Male,0,No,No,12,Yes,No,Fiber optic,No,Yes,Yes,No,Yes,Yes,Two year,Yes,Mailed check,83.87,1027.47,3,7.4,1,0,0.48,High Risk
Female,0,No,No,23,Yes,Yes,DSL,Yes,Yes,Yes,Yes,Yes,No,Two year,Yes,Electronic check,57.35,1301.41,0,16.6,0,0,0.078,Healthy
Female,1,Yes,No,27,Yes,No,No,No,No,No,No,No,No,One year,No,Bank transfer (automatic),18.59,498.01,1,6.4,1,0,0.244,Watch
Female,0,No,Yes,43,Yes,Yes,Fiber optic,No,No,No,No,Yes,No,One year,Yes,Electronic check,73.44,3161.69,1,16.6,0,0,0.383,Watch
Male,0,No,No,26,Yes,Yes,Fiber optic,No,Yes,No,Yes,Yes,Yes,Month-to-month,No,Electronic check,79.19,2047.17,0,11.3,1,0,0.765,Critical Risk
Male,1,Yes,No,17,Yes,Yes,Fiber optic,Yes,No,No,Yes,Yes,No,Month-to-month,No,Bank transfer (automatic),74.56,1277.88,1,9.2,0,0,0.733,Critical Risk
Female,0,Yes,Yes,43,Yes,Yes,No,No,No,No,No,No,No,Month-to-month,Yes,Credit card (automatic),18.0,761.82,1,2.0,1,0,0.354,Watch
Female,0,No,Yes,42,Yes,No,DSL,Yes,No,No,Yes,Yes,No,Two year,Yes,Mailed check,50.89,2101.38,4,11.5,3,0,0.247,Watch
Male,0,Yes,No,31,Yes,No,No,No,No,No,No,No,No,One year,Yes,Mailed check,18.0,538.42,4,3.0,0,0,0.321,Watch
Female,0,Yes,No,8,Yes,No,DSL,No,No,Yes,Yes,No,Yes,Month-to-month,Yes,Mailed check,57.16,420.19,1,14.9,2,0,0.741,Critical Risk
Male,0,Yes,No,70,Yes,No,Fiber optic,No,Yes,No,Yes,Yes,No,One year,Yes,Electronic check,83.22,5828.24,2,16.1,1,0,0.242,Watch
Male,0,No,Yes,37,Yes,Yes,DSL,No,No,No,Yes,Yes,No,One year,Yes,Electronic check,48.69,1798.93,2,15.4,1,0,0.283,Watch
Female,1,Yes,No,20,Yes,No,Fiber optic,No,Yes,Yes,No,Yes,Yes,One year,No,Mailed check,89.22,1778.83,0,10.1,2,0,0.554,High Risk
Male,0,Yes,Yes,52,Yes,No,No,No,No,No,No,No,No,Month-to-month,Yes,Credit card (automatic),18.0,946.29,2,8.2,0,0,0.314,Watch
Male,0,Yes,No,30,Yes,No,Fiber optic,Yes,Yes,Yes,No,Yes,Yes,One year,No,Mailed check,97.07,2923.69,2,18.1,1,0,0.596,High Risk
Female,0,Yes,Yes,11,Yes,Yes,DSL,No,No,Yes,No,No,No,Two year,No,Electronic check,43.04,453.35,0,27.6,0,0,0.115,Healthy
Female,0,No,Yes,51,Yes,No,Fiber optic,No,Yes,Yes,Yes,Yes,No,Month-to-month,No,Electronic check,85.12,4347.4,0,11.8,1,0,0.638,High Risk
Male,0,No,No,6,Yes,No,No,No,No,No,No,No,No,Month-to-month,Yes,Credit card (automatic),21.89,109.9,1,17.9,0,0,0.537,High Risk
Male,0,No,Yes,20,Yes,Yes,DSL,Yes,No,No,No,No,No,Month-to-month,Yes,Credit card (automatic),44.12,850.08,0,11.5,0,0,0.501,High Risk
Female,0,No,No,48,Yes,No,DSL,No,No,Yes,No,No,No,One year,Yes,Bank transfer (automatic),48.96,2373.49,3,13.4,2,0,0.308,Watch
Female,1,Yes,Yes,52,Yes,No,Fiber optic,No,Yes,Yes,No,No,No,One year,No,Mailed check,80.06,4160.37,2,10.0,0,0,0.284,Watch
Female,0,No,No,72,Yes,Yes,Fiber optic,No,Yes,No,Yes,Yes,Yes,Two year,No,Bank transfer (automatic),87.8,6331.59,1,17.2,1,0,0.055,Healthy
Female,0,No,Yes,51,Yes,No,DSL,Yes,No,No,Yes,Yes,Yes,Month-to-month,Yes,Credit card (automatic),58.86,2977.55,1,2.3,1,0,0.451,High Risk
Male,0,No,No,16,Yes,No,DSL,No,Yes,Yes,No,Yes,Yes,Two year,Yes,Mailed check,60.45,974.22,0,0.0,0,0,0.146,Healthy
Female,0,No,Yes,51,Yes,Yes,Fiber optic,Yes,Yes,No,Yes,Yes,No,Two year,Yes,Credit card (automatic),94.08,4793.19,1,12.5,1,0,0.156,Healthy
Male,0,Yes,No,54,No,No,No,No,No,No,No,No,No,Two year,Yes,Credit card (automatic),18.0,970.64,1,20.4,0,0,0.023,Healthy
Male,0,No,Yes,49,Yes,Yes,DSL,No,No,Yes,No,Yes,No,One year,No,Electronic check,46.3,2301.2,2,18.2,0,0,0.211,Watch
Female,0,Yes,No,54,Yes,Yes,Fiber optic,Yes,No,Yes,No,No,No,Month-to-month,No,Mailed check,73.0,3904.37,0,17.7,0,0,0.483,High Risk
Male,1,No,No,59,Yes,Yes,No,No,No,No,No,No,No,One year,Yes,Bank transfer (automatic),18.0,1073.02,2,25.5,0,0,0.06,Healthy
Female,0,Yes,Yes,41,Yes,Yes,DSL,No,Yes,No,No,No,Yes,One year,Yes,Electronic check,52.72,2184.78,1,22.8,0,0,0.17,Healthy
Male,1,No,Yes,72,Yes,No,DSL,No,No,No,Yes,No,No,Month-to-month,Yes,Electronic check,46.45,3354.35,1,12.5,0,0,0.182,Healthy
Female,1,No,Yes,47,Yes,No,DSL,No,No,Yes,Yes,No,No,Two year,Yes,Mailed check,51.17,2426.07,1,11.2,0,0,0.03,Healthy
Female,0,No,Yes,4,Yes,No,Fiber optic,No,No,No,Yes,No,Yes,Month-to-month,No,Credit card (automatic),72.87,275.52,1,3.4,0,0,0.778,Critical Risk
Male,0,Yes,No,12,Yes,No,Fiber optic,No,No,Yes,No,Yes,Yes,Two year,No,Bank transfer (automatic),80.17,961.39,1,14.1,0,1,0.297,Watch
Male,1,No,No,36,Yes,Yes,No,No,No,No,No,No,No,Two year,No,Mailed check,20.97,771.78,0,24.1,1,0,0.042,Healthy
Female,1,No,No,31,Yes,No,Fiber optic,No,No,Yes,No,No,Yes,One year,No,Mailed check,76.66,2364.52,1,20.9,0,1,0.312,Watch
Male,1,No,No,59,Yes,Yes,DSL,Yes,No,Yes,No,Yes,No,Two year,No,Bank transfer (automatic),53.04,3100.01,2,21.8,1,0,0.058,Healthy
Male,0,No,Yes,49,Yes,Yes,Fiber optic,No,Yes,No,No,Yes,No,Month-to-month,No,Credit card (automatic),80.14,3973.83,1,14.2,1,0,0.661,High Risk
Male,0,No,Yes,0,Yes,No,Fiber optic,Yes,No,Yes,No,No,No,Month-to-month,No,Electronic check,81.02,13.25,2,11.4,1,1,0.955,Critical Risk
Female,1,No,Yes,33,Yes,Yes,Fiber optic,No,No,Yes,Yes,Yes,Yes,Month-to-month,Yes,Bank transfer (automatic),87.5,2902.45,1,16.4,2,0,0.755,Critical Risk
Male,1,Yes,Yes,39,No,No,No,No,No,No,No,No,No,Month-to-month,Yes,Electronic check,18.0,702.6,1,18.9,3,0,0.598,High Risk
Female,0,Yes,No,71,Yes,No,Fiber optic,No,No,Yes,No,Yes,No,Month-to-month,No,Bank transfer (automatic),73.57,5235.49,2,13.1,1,0,0.522,High Risk
Male,1,No,Yes,48,Yes,Yes,Fiber optic,Yes,Yes,Yes,No,Yes,Yes,Month-to-month,Yes,Bank transfer (automatic),96.65,4629.56,0,18.3,0,0,0.48,High Risk
Male,0,No,Yes,13,Yes,No,DSL,No,No,Yes,Yes,No,No,Month-to-month,Yes,Bank transfer (automatic),45.29,591.05,1,10.7,1,0,0.656,High Risk
Male,1,Yes,Yes,13,Yes,No,Fiber optic,Yes,No,Yes,No,No,Yes,One year,Yes,Electronic check,74.75,975.48,0,14.5,1,0,0.62,High Risk
Female,0,Yes,No,23,Yes,Yes,Fiber optic,Yes,Yes,Yes,No,Yes,Yes,Month-to-month,Yes,Credit card (automatic),93.59,2160.63,2,10.6,0,0,0.783,Critical Risk
Male,1,Yes,Yes,29,Yes,Yes,Fiber optic,Yes,No,No,No,No,No,One year,Yes,Electronic check,74.51,2152.83,4,14.7,1,1,0.768,Critical Risk
Male,0,No,No,7,Yes,Yes,No,No,No,No,No,No,No,One year,No,Credit card (automatic),21.45,144.51,0,15.6,1,0,0.235,Watch
Female,0,No,No,57,Yes,Yes,No,No,No,No,No,No,No,One year,Yes,Electronic check,19.14,1104.52,1,14.0,0,0,0.11,Healthy
Male,0,No,No,4,Yes,No,Fiber optic,Yes,No,No,Yes,Yes,No,Two year,Yes,Mailed check,73.48,300.46,2,9.2,0,0,0.372,Watch
Male,0,Yes,No,4,Yes,Yes,No,No,No,No,No,No,No,One year,No,Electronic check,18.0,89.65,0,5.6,1,0,0.428,High Risk
Male,0,Yes,No,9,Yes,No,Fiber optic,Yes,Yes,Yes,Yes,No,Yes,One year,Yes,Electronic check,93.66,819.31,0,25.5,0,0,0.466,High Risk
Male,1,No,No,9,Yes,Yes,Fiber optic,Yes,No,Yes,Yes,No,No,Month-to-month,Yes,Mailed check,86.72,793.48,0,18.3,1,1,0.777,Critical Risk
Female,0,Yes,No,41,Yes,Yes,DSL,No,Yes,Yes,No,Yes,Yes,Month-to-month,Yes,Credit card (automatic),57.29,2329.57,0,12.8,0,0,0.255,Watch
Female,1,Yes,No,59,No,No,No,No,No,No,No,No,No,One year,No,Bank transfer (automatic),20.59,1243.49,4,20.0,0,0,0.102,Healthy
Female,0,Yes,No,68,Yes,No,No,No,No,No,No,No,No,Two year,Yes,Bank transfer (automatic),18.93,1288.59,1,14.2,1,0,0.029,Healthy
Female,0,No,Yes,59,Yes,Yes,Fiber optic,Yes,No,No,Yes,No,Yes,One year,Yes,Electronic check,78.36,4622.41,0,22.4,2,0,0.303,Watch
Male,0,No,No,50,Yes,No,DSL,Yes,Yes,Yes,No,Yes,No,Two year,Yes,Credit card (automatic),60.91,3049.45,1,10.2,1,0,0.082,Healthy
Male,0,Yes,No,43,Yes,Yes,DSL,Yes,No,No,No,Yes,Yes,Two year,Yes,Electronic check,50.43,2176.12,4,7.5,0,1,0.19,Healthy
Male,0,Yes,No,22,No,No,DSL,No,No,Yes,No,No,Yes,Two year,Yes,Mailed check,52.0,1162.46,3,6.8,0,0,0.182,Healthy
Female,0,No,No,30,Yes,No,No,No,No,No,No,No,No,One year,Yes,Credit card (automatic),18.0,564.55,3,11.9,1,0,0.267,Watch
Male,1,Yes,No,63,Yes,No,Fiber optic,Yes,Yes,Yes,No,Yes,Yes,Two year,Yes,Electronic check,93.2,5837.39,0,1.8,3,0,0.275,Watch
Female,0,Yes,No,7,Yes,No,Fiber optic,Yes,Yes,Yes,Yes,No,Yes,One year,No,Electronic check,92.57,643.45,3,13.2,0,0,0.695,High Risk
Male,1,Yes,No,60,Yes,Yes,DSL,No,No,No,Yes,No,No,Month-to-month,Yes,Credit card (automatic),43.73,2614.43,0,9.1,0,0,0.13,Healthy
Female,0,Yes,No,59,No,No,Fiber optic,Yes,Yes,Yes,No,Yes,No,Month-to-month,No,Electronic check,79.32,4665.95,2,11.4,0,0,0.633,High Risk
Male,0,No,No,4,Yes,No,Fiber optic,No,No,No,Yes,No,Yes,Two year,No,Mailed check,76.26,279.64,1,17.2,0,0,0.275,Watch
Female,0,No,Yes,17,No,No,No,No,No,No,No,No,No,Month-to-month,No,Credit card (automatic),19.53,333.01,3,17.3,0,0,0.547,High Risk
Female,0,Yes,Yes,22,Yes,No,Fiber optic,Yes,No,Yes,No,No,Yes,Month-to-month,No,Electronic check,84.01,1823.5,2,4.0,0,0,0.898,Critical Risk
Female,0,No,No,66,Yes,Yes,DSL,No,No,Yes,No,No,Yes,One year,No,Bank transfer (automatic),46.77,3105.97,1,20.0,0,0,0.056,Healthy
Male,0,Yes,Yes,32,No,No,DSL,No,Yes,No,Yes,No,No,Month-to-month,Yes,Bank transfer (automatic),51.64,1637.84,1,9.7,0,0,0.426,High Risk
Male,0,No,Yes,56,No,No,No,No,No,No,No,No,No,Month-to-month,Yes,Electronic check,19.2,1083.22,6,1.1,1,0,0.748,Critical Risk
Female,0,Yes,No,43,Yes,No,No,No,No,No,No,No,No,Two year,Yes,Electronic check,18.0,758.38,3,0.8,0,0,0.116,Healthy
Male,0,Yes,No,5,No,No,Fiber optic,No,Yes,No,No,Yes,Yes,One year,No,Bank transfer (automatic),80.49,385.84,2,20.0,3,0,0.804,Critical Risk
Female,0,No,Yes,48,Yes,Yes,DSL,No,Yes,Yes,No,No,No,Month-to-month,Yes,Electronic check,44.41,2123.87,1,16.2,3,0,0.575,High Risk
Female,0,No,Yes,46,Yes,Yes,Fiber optic,Yes,No,Yes,Yes,No,Yes,Month-to-month,Yes,Bank transfer (automatic),80.93,3703.49,0,20.3,0,0,0.391,Watch
Female,1,No,No,63,Yes,No,Fiber optic,No,No,Yes,No,Yes,Yes,One year,No,Credit card (automatic),79.8,5049.2,0,27.0,0,0,0.079,Healthy
Female,0,No,No,67,Yes,Yes,Fiber optic,No,Yes,Yes,No,Yes,Yes,Month-to-month,Yes,Electronic check,86.79,5821.22,1,11.7,1,1,0.604,High Risk
Female,0,No,No,42,Yes,Yes,DSL,No,Yes,Yes,No,No,Yes,Month-to-month,No,Electronic check,56.34,2381.26,0,21.8,0,0,0.344,Watch
Male,0,No,Yes,64,Yes,Yes,No,No,No,No,No,No,No,Month-to-month,Yes,Bank transfer (automatic),19.88,1265.53,0,9.6,0,0,0.177,Healthy
Male,0,Yes,No,10,Yes,Yes,Fiber optic,Yes,Yes,No,Yes,No,No,Month-to-month,No,Mailed check,79.63,817.6,0,10.5,1,0,0.78,Critical Risk
Male,0,Yes,No,44,Yes,Yes,Fiber optic,No,No,Yes,No,No,No,Two year,Yes,Mailed check,71.72,3166.95,2,19.2,0,0,0.13,Healthy
Male,1,No,No,42,Yes,No,DSL,No,Yes,Yes,Yes,No,Yes,Month-to-month,Yes,Mailed check,60.67,2530.69,0,5.9,0,0,0.23,Watch
Female,0,No,No,12,Yes,Yes,DSL,No,No,Yes,No,No,No,Month-to-month,Yes,Credit card (automatic),43.91,529.75,1,3.5,0,0,0.574,High Risk
Male,0,No,No,39,Yes,Yes,DSL,Yes,Yes,Yes,Yes,No,No,One year,No,Bank transfer (automatic),56.6,2222.41,1,6.1,0,0,0.119,Healthy
Male,0,Yes,No,49,Yes,No,Fiber optic,No,Yes,Yes,No,Yes,Yes,Month-to-month,No,Mailed check,90.38,4419.29,1,8.3,1,1,0.739,Critical Risk
Female,0,Yes,No,30,Yes,No,No,No,No,No,No,No,No,Month-to-month,No,Electronic check,20.93,642.25,1,7.3,1,0,0.665,High Risk
Female,0,Yes,No,48,Yes,Yes,Fiber optic,Yes,No,No,No,Yes,Yes,Month-to-month,Yes,Electronic check,83.37,3973.04,1,9.6,1,1,0.788,Critical Risk
Male,0,No,No,54,Yes,Yes,No,No,No,No,No,No,No,Two year,No,Bank transfer (automatic),18.94,1020.1,0,19.7,1,0,0.037,Healthy
Female,1,Yes,No,42,Yes,Yes,Fiber optic,Yes,No,Yes,Yes,No,Yes,Month-to-month,Yes,Electronic check,83.76,3509.79,0,16.4,1,0,0.6,High Risk
Male,0,No,No,29,Yes,No,DSL,No,No,Yes,Yes,Yes,No,One year,Yes,Electronic check,54.04,1596.23,0,11.5,0,0,0.213,Watch
Female,0,Yes,No,19,Yes,No,Fiber optic,No,No,Yes,Yes,Yes,Yes,One year,Yes,Electronic check,84.66,1590.45,2,16.9,1,0,0.635,High Risk
Female,0,Yes,No,48,Yes,No,Fiber optic,No,Yes,Yes,No,No,Yes,Month-to-month,Yes,Credit card (automatic),72.39,3476.44,0,24.0,0,0,0.282,Watch
Female,0,No,No,65,No,No,No,No,No,No,No,No,No,One year,No,Bank transfer (automatic),21.08,1398.15,0,16.8,1,0,0.058,Healthy
Female,0,Yes,No,33,Yes,No,Fiber optic,Yes,Yes,Yes,Yes,No,No,Month-to-month,No,Credit card (automatic),87.18,2882.12,0,19.8,1,0,0.568,High Risk
Female,0,No,No,36,Yes,Yes,DSL,Yes,Yes,Yes,Yes,No,Yes,Month-to-month,No,Electronic check,74.92,2680.37,1,12.4,0,0,0.536,High Risk
Female,1,Yes,Yes,66,Yes,Yes,Fiber optic,No,No,Yes,Yes,Yes,No,One year,Yes,Mailed check,79.48,5260.74,1,18.3,0,0,0.091,Healthy
Female,0,No,Yes,21,Yes,No,Fiber optic,Yes,Yes,Yes,Yes,No,No,Month-to-month,No,Bank transfer (automatic),87.52,1875.31,0,19.4,0,1,0.645,High Risk
Male,1,No,No,58,Yes,Yes,Fiber optic,No,Yes,No,Yes,No,No,Two year,No,Credit card (automatic),76.16,4419.0,1,0.9,1,0,0.073,Healthy
Female,0,No,Yes,18,Yes,Yes,DSL,Yes,Yes,No,No,No,No,One year,No,Bank transfer (automatic),49.42,922.49,2,28.5,0,0,0.28,Watch
Female,0,Yes,No,18,Yes,No,Fiber optic,No,No,No,No,Yes,Yes,Month-to-month,Yes,Electronic check,72.41,1314.98,0,11.2,0,1,0.833,Critical Risk
Female,1,Yes,Yes,20,No,No,No,No,No,No,No,No,No,Month-to-month,Yes,Bank transfer (automatic),18.0,399.58,1,10.6,1,1,0.547,High Risk
Female,0,No,No,3,Yes,No,DSL,Yes,Yes,No,Yes,Yes,Yes,One year,Yes,Mailed check,67.04,212.48,1,13.5,0,0,0.36,Watch
Female,0,No,No,33,No,No,Fiber optic,No,Yes,No,No,No,Yes,Two year,No,Electronic check,80.04,2684.56,0,25.2,1,0,0.232,Watch
Male,0,No,No,25,Yes,Yes,DSL,No,Yes,Yes,No,Yes,Yes,Month-to-month,No,Credit card (automatic),58.18,1446.88,2,3.2,1,0,0.666,High Risk
Male,0,No,No,16,Yes,Yes,DSL,Yes,No,No,No,No,Yes,Month-to-month,No,Mailed check,50.34,809.27,1,18.3,0,1,0.636,High Risk
Male,1,No,No,55,Yes,Yes,DSL,No,No,No,No,Yes,Yes,One year,Yes,Mailed check,48.62,2654.9,4,12.2,0,0,0.193,Healthy
Female,0,No,Yes,37,Yes,No,DSL,Yes,No,Yes,Yes,No,No,One year,Yes,Credit card (automatic),51.97,1938.92,1,17.8,0,0,0.097,Healthy
Female,1,No,No,14,Yes,No,Fiber optic,No,No,No,Yes,No,Yes,One year,No,Credit card (automatic),80.63,1133.67,1,10.1,0,0,0.396,Watch
Male,0,No,Yes,14,Yes,No,Fiber optic,Yes,Yes,Yes,No,Yes,No,Month-to-month,Yes,Bank transfer (automatic),95.46,1350.76,2,13.2,0,1,0.902,Critical Risk
Male,0,No,No,59,Yes,No,Fiber optic,Yes,Yes,Yes,Yes,Yes,Yes,Month-to-month,No,Credit card (automatic),99.05,5855.36,0,9.9,0,0,0.37,Watch
Female,0,No,No,19,Yes,No,DSL,No,No,Yes,No,No,Yes,Month-to-month,Yes,Mailed check,45.72,878.95,3,14.8,0,0,0.667,High Risk
Female,0,No,No,28,Yes,Yes,Fiber optic,Yes,Yes,No,Yes,Yes,No,Two year,No,Credit card (automatic),81.39,2296.61,1,9.5,2,0,0.261,Watch
Female,1,Yes,No,8,Yes,Yes,Fiber optic,No,No,No,No,No,Yes,Month-to-month,No,Bank transfer (automatic),67.03,556.41,3,14.5,1,1,0.889,Critical Risk
Male,0,Yes,No,58,Yes,Yes,Fiber optic,Yes,No,Yes,Yes,No,No,Month-to-month,No,Credit card (automatic),85.19,4950.08,0,16.5,3,0,0.604,High Risk
Male,0,No,Yes,26,Yes,No,No,No,No,No,No,No,No,Month-to-month,Yes,Credit card (automatic),18.0,474.17,2,26.9,0,0,0.418,High Risk
Male,0,No,No,51,Yes,No,Fiber optic,No,No,Yes,Yes,Yes,No,Month-to-month,No,Mailed check,78.42,3983.78,1,15.1,0,0,0.504,High Risk
Male,0,Yes,Yes,29,Yes,No,Fiber optic,No,No,No,No,No,No,Month-to-month,Yes,Credit card (automatic),68.86,2018.98,0,10.9,2,0,0.808,Critical Risk
Female,1,No,No,58,No,No,DSL,Yes,No,No,No,Yes,No,Two year,Yes,Mailed check,51.87,2991.94,0,9.8,0,0,0.039,Healthy
Male,0,No,No,29,Yes,Yes,DSL,No,No,No,No,Yes,No,Two year,Yes,Credit card (automatic),44.5,1287.11,1,8.8,0,0,0.096,Healthy
Female,0,No,No,65,Yes,No,DSL,Yes,Yes,Yes,No,Yes,No,One year,No,Bank transfer (automatic),55.79,3628.16,0,10.8,0,0,0.064,Healthy
Female,0,No,No,52,Yes,No,No,No,No,No,No,No,No,Month-to-month,Yes,Credit card (automatic),20.41,1035.56,2,9.7,3,0,0.579,High Risk
Male,0,Yes,Yes,35,Yes,Yes,DSL,Yes,Yes,No,No,Yes,Yes,One year,Yes,Bank transfer (automatic),63.33,2192.24,1,21.4,0,0,0.206,Watch
Male,1,Yes,Yes,35,Yes,No,Fiber optic,Yes,No,No,Yes,No,No,Month-to-month,No,Bank transfer (automatic),78.36,2728.32,2,14.1,1,1,0.751,Critical Risk
Female,0,Yes,No,45,Yes,Yes,Fiber optic,No,Yes,No,Yes,Yes,No,Month-to-month,No,Credit card (automatic),78.83,3557.79,0,12.3,0,1,0.341,Watch
Male,0,No,Yes,50,Yes,No,DSL,Yes,No,No,No,No,Yes,Month-to-month,Yes,Credit card (automatic),50.95,2554.86,4,15.0,0,0,0.564,High Risk
Male,0,Yes,No,51,Yes,No,DSL,No,No,Yes,Yes,No,No,One year,Yes,Bank transfer (automatic),50.02,2540.21,3,20.5,0,0,0.142,Healthy
Female,0,No,No,2,No,No,DSL,Yes,Yes,Yes,No,Yes,No,Month-to-month,Yes,Bank transfer (automatic),57.93,143.43,1,8.6,1,0,0.801,Critical Risk
Female,1,No,No,19,Yes,No,DSL,Yes,No,Yes,No,No,No,Month-to-month,No,Electronic check,49.06,925.0,2,13.2,0,0,0.711,Critical Risk
Female,0,No,No,31,Yes,No,No,No,No,No,No,No,No,Month-to-month,No,Mailed check,21.26,690.34,4,24.6,0,0,0.563,High Risk
Male,0,No,No,39,Yes,No,DSL,Yes,No,Yes,No,Yes,Yes,Two year,Yes,Credit card (automatic),58.32,2269.25,0,6.7,0,0,0.057,Healthy
Male,0,No,No,6,Yes,No,Fiber optic,Yes,Yes,No,Yes,No,No,One year,Yes,Electronic check,81.38,475.27,1,9.0,0,0,0.628,High Risk
Male,1,No,No,14,Yes,No,DSL,Yes,Yes,No,Yes,Yes,No,Month-to-month,Yes,Credit card (automatic),59.47,885.98,2,17.9,0,0,0.536,High Risk
Male,1,Yes,No,33,Yes,No,Fiber optic,Yes,No,No,Yes,Yes,No,Month-to-month,Yes,Bank transfer (automatic),82.4,2678.75,1,10.9,0,1,0.685,High Risk
Male,0,Yes,No,32,Yes,No,DSL,No,Yes,No,Yes,No,Yes,Month-to-month,Yes,Electronic check,56.21,1805.44,4,11.2,0,1,0.694,High Risk
Female,0,No,Yes,44,Yes,No,DSL,Yes,Yes,Yes,No,No,Yes,Month-to-month,Yes,Credit card (automatic),58.86,2575.12,1,15.4,0,0,0.298,Watch
Male,0,Yes,No,5,No,No,DSL,Yes,Yes,No,Yes,No,No,Month-to-month,No,Mailed check,52.51,238.49,1,8.6,3,0,0.813,Critical Risk
Female,0,No,No,58,Yes,No,No,No,No,No,No,No,No,Month-to-month,Yes,Mailed check,18.0,1043.45,6,17.4,2,0,0.66,High Risk
Female,0,Yes,No,21,Yes,Yes,Fiber optic,No,No,No,Yes,No,No,Two year,Yes,Mailed check,70.93,1521.72,2,27.2,1,0,0.244,Watch
Female,0,No,No,40,Yes,No,DSL,No,No,Yes,No,Yes,No,Month-to-month,No,Electronic check,49.97,2010.45,1,5.5,0,0,0.551,High Risk
Male,1,Yes,No,69,Yes,No,Fiber optic,Yes,No,Yes,No,No,No,Month-to-month,Yes,Bank transfer (automatic),77.8,5336.74,1,7.6,0,0,0.435,High Risk
Male,0,No,Yes,27,Yes,No,Fiber optic,Yes,No,Yes,No,Yes,Yes,Month-to-month,Yes,Mailed check,85.72,2291.21,1,25.7,0,1,0.759,Critical Risk
Female,0,Yes,Yes,22,Yes,Yes,Fiber optic,Yes,No,Yes,Yes,Yes,No,Month-to-month,Yes,Credit card (automatic),91.57,2003.95,2,10.0,0,1,0.767,Critical Risk
Male,0,No,No,19,Yes,No,No,No,No,No,No,No,No,Month-to-month,Yes,Bank transfer (automatic),18.0,323.23,1,12.9,0,0,0.527,High Risk
Female,0,Yes,No,47,Yes,No,DSL,No,Yes,Yes,No,No,Yes,One year,No,Mailed check,59.91,2843.86,1,5.2,0,0,0.124,Healthy
Male,0,No,No,69,Yes,No,No,No,No,No,No,No,No,One year,No,Credit card (automatic),20.67,1437.68,1,23.1,1,0,0.042,Healthy
Male,0,Yes,No,40,Yes,No,No,No,No,No,No,No,No,Month-to-month,Yes,Credit card (automatic),19.56,773.25,1,18.5,0,0,0.259,Watch
Female,1,No,No,14,Yes,No,Fiber optic,Yes,Yes,Yes,Yes,Yes,No,One year,Yes,Bank transfer (automatic),87.4,1222.64,2,15.5,1,0,0.562,High Risk
Female,0,No,No,69,No,No,Fiber optic,Yes,No,Yes,Yes,No,Yes,Month-to-month,Yes,Credit card (automatic),84.67,5823.83,1,13.8,0,0,0.27,Watch
Male,1,No,No,3,Yes,No,DSL,Yes,No,Yes,Yes,No,No,Month-to-month,Yes,Mailed check,54.62,153.64,4,10.5,0,1,0.761,Critical Risk
Female,0,No,Yes,29,Yes,Yes,DSL,Yes,No,No,Yes,No,No,Two year,Yes,Electronic check,50.07,1428.14,1,12.7,0,1,0.132,Healthy
Male,0,No,No,9,Yes,No,Fiber optic,Yes,No,Yes,Yes,No,No,Two year,Yes,Mailed check,84.83,765.69,0,17.5,0,0,0.234,Watch
Female,0,No,No,2,Yes,Yes,No,No,No,No,No,No,No,Month-to-month,No,Mailed check,18.0,28.19,2,7.6,0,1,0.688,High Risk
Female,1,Yes,Yes,72,No,No,DSL,Yes,Yes,No,Yes,No,No,One year,Yes,Mailed check,53.61,3860.22,1,23.3,0,0,0.027,Healthy
Female,0,No,No,6,Yes,No,Fiber optic,Yes,Yes,Yes,No,No,No,One year,No,Electronic check,84.39,527.91,1,23.0,1,0,0.714,Critical Risk
Female,0,Yes,Yes,66,Yes,No,DSL,Yes,Yes,No,No,No,Yes,Two year,No,Electronic check,54.68,3606.02,0,19.0,1,0,0.047,Healthy
Male,0,No,No,39,Yes,No,DSL,No,Yes,Yes,No,Yes,No,Month-to-month,No,Mailed check,52.2,1987.51,1,16.8,1,0,0.443,High Risk
Female,0,Yes,No,23,Yes,No,Fiber optic,No,No,Yes,No,No,No,Month-to-month,Yes,Bank transfer (automatic),71.09,1670.41,1,19.4,1,0,0.797,Critical Risk
Male,0,Yes,Yes,62,No,No,No,No,No,No,No,No,No,One year,Yes,Electronic check,19.5,1213.77,1,25.0,2,0,0.133,Healthy
Male,0,No,No,0,Yes,No,DSL,No,No,No,Yes,Yes,Yes,Month-to-month,No,Electronic check,58.01,0.0,0,10.1,0,1,0.75,Critical Risk
Male,0,Yes,No,50,Yes,No,DSL,No,Yes,Yes,Yes,No,Yes,Two year,No,Electronic check,61.69,3081.59,2,19.9,0,0,0.067,Healthy
Male,0,Yes,Yes,56,No,No,DSL,No,No,Yes,No,No,No,Month-to-month,No,Mailed check,43.48,2453.49,0,5.5,1,0,0.344,Watch
Female,0,Yes,No,26,Yes,Yes,Fiber optic,Yes,Yes,No,No,Yes,No,One year,Yes,Electronic check,81.4,2109.78,0,15.6,1,0,0.615,High Risk
Male,0,No,No,21,Yes,No,Fiber optic,No,No,No,Yes,Yes,No,Month-to-month,Yes,Mailed check,74.08,1554.46,1,15.7,1,1,0.774,Critical Risk
Male,0,Yes,No,0,Yes,Yes,DSL,No,No,Yes,Yes,No,Yes,One year,Yes,Bank transfer (automatic),54.95,0.0,1,17.9,1,0,0.377,Watch
Male,0,Yes,No,1,Yes,Yes,DSL,Yes,No,No,No,No,Yes,Month-to-month,Yes,Credit card (automatic),50.77,83.63,0,6.5,0,0,0.695,High Risk
Female,1,No,Yes,3,Yes,Yes,DSL,Yes,Yes,No,Yes,Yes,Yes,Month-to-month,Yes,Mailed check,65.52,245.54,2,12.4,0,0,0.68,High Risk
Female,0,No,No,33,Yes,No,DSL,No,Yes,Yes,Yes,No,Yes,Month-to-month,No,Bank transfer (automatic),62.42,2079.19,0,16.6,0,0,0.33,Watch
Female,0,Yes,No,38,Yes,Yes,No,No,No,No,No,No,No,One year,No,Bank transfer (automatic),18.0,718.18,3,16.7,0,0,0.166,Healthy
Male,1,No,Yes,30,Yes,No,Fiber optic,No,No,Yes,Yes,Yes,No,Month-to-month,Yes,Mailed check,77.26,2288.31,1,14.0,1,0,0.684,High Risk
Male,0,Yes,No,51,Yes,Yes,DSL,Yes,No,Yes,No,Yes,Yes,Month-to-month,No,Mailed check,60.55,3080.83,1,15.8,0,1,0.413,High Risk
Female,0,No,No,26,Yes,No,Fiber optic,No,Yes,No,No,No,No,Two year,No,Electronic check,69.09,1779.69,0,14.6,1,0,0.32,Watch
Female,0,Yes,No,57,Yes,Yes,DSL,Yes,No,Yes,No,Yes,No,Month-to-month,Yes,Electronic check,64.03,3663.6,0,9.7,0,0,0.484,High Risk
Female,0,Yes,No,47,Yes,No,DSL,No,Yes,Yes,Yes,No,No,Month-to-month,No,Mailed check,48.07,2283.58,1,13.0,0,0,0.193,Healthy
Female,0,Yes,No,68,Yes,No,Fiber optic,No,No,Yes,Yes,Yes,Yes,One year,Yes,Electronic check,85.65,5820.27,0,5.7,0,0,0.157,Healthy
Female,0,No,No,52,Yes,Yes,Fiber optic,No,No,No,No,No,Yes,Month-to-month,Yes,Mailed check,72.84,3782.25,0,12.5,0,0,0.56,High Risk
Female,0,Yes,No,9,Yes,No,DSL,No,No,No,Yes,No,No,One year,Yes,Bank transfer (automatic),39.56,358.19,1,11.7,0,0,0.25,Watch
Male,0,No,Yes,40,Yes,No,DSL,Yes,Yes,No,No,Yes,No,Month-to-month,No,Bank transfer (automatic),53.54,2126.88,0,8.6,1,1,0.498,High Risk
Male,1,No,No,47,No,No,DSL,Yes,Yes,Yes,Yes,Yes,Yes,Two year,Yes,Electronic check,71.21,3313.63,2,13.4,0,0,0.056,Healthy
Male,0,No,Yes,1,Yes,No,DSL,Yes,Yes,Yes,Yes,Yes,No,Month-to-month,Yes,Electronic check,71.89,91.63,3,11.6,0,1,0.846,Critical Risk
Male,0,No,Yes,3,Yes,Yes,Fiber optic,No,Yes,Yes,Yes,Yes,Yes,Month-to-month,No,Credit card (automatic),90.23,260.68,0,20.5,0,0,0.66,High Risk
Male,0,Yes,Yes,1,Yes,No,Fiber optic,No,Yes,No,No,Yes,No,Two year,No,Mailed check,71.14,66.19,2,21.1,1,0,0.435,High Risk
Female,0,Yes,No,12,Yes,Yes,DSL,No,Yes,No,No,No,Yes,One year,No,Electronic check,52.35,641.94,1,0.0,0,0,0.426,High Risk
Male,0,Yes,No,64,Yes,Yes,Fiber optic,No,No,No,No,Yes,Yes,Month-to-month,Yes,Bank transfer (automatic),73.88,4707.22,0,12.2,0,0,0.426,High Risk
Male,0,No,No,17,Yes,No,No,No,No,No,No,No,No,Month-to-month,No,Credit card (automatic),18.0,343.41,1,13.3,2,0,0.63,High Risk
Male,1,Yes,No,13,Yes,No,DSL,Yes,No,No,Yes,No,No,One year,Yes,Bank transfer (automatic),48.86,645.02,2,14.5,0,0,0.313,Watch
Male,0,No,No,32,Yes,No,Fiber optic,No,Yes,No,Yes,No,Yes,One year,Yes,Bank transfer (automatic),82.36,2621.72,2,13.0,1,0,0.463,High Risk
Male,0,No,Yes,29,Yes,No,Fiber optic,Yes,No,Yes,No,Yes,No,Month-to-month,Yes,Credit card (automatic),80.11,2346.1,0,10.2,0,0,0.695,High Risk
Male,0,No,Yes,72,Yes,No,Fiber optic,No,No,Yes,Yes,No,Yes,Two year,Yes,Electronic check,78.19,5662.38,2,19.1,1,0,0.084,Healthy
Female,0,No,Yes,7,Yes,No,No,No,No,No,No,No,No,Month-to-month,Yes,Mailed check,18.0,90.59,1,17.2,1,0,0.659,High Risk
Female,0,Yes,No,61,Yes,Yes,No,No,No,No,No,No,No,Two year,No,Electronic check,18.47,1061.39,0,22.0,0,0,0.025,Healthy
Male,0,Yes,Yes,16,Yes,No,Fiber optic,Yes,Yes,Yes,Yes,Yes,Yes,One year,No,Bank transfer (automatic),92.43,1474.85,2,10.5,0,1,0.516,High Risk
Female,0,No,No,22,Yes,No,Fiber optic,Yes,No,Yes,Yes,Yes,No,One year,Yes,Mailed check,88.85,1955.25,2,6.0,0,0,0.531,High Risk
Female,0,Yes,No,35,Yes,No,Fiber optic,Yes,Yes,No,Yes,Yes,No,One year,No,Credit card (automatic),84.62,2967.06,1,20.5,0,0,0.226,Watch
Female,0,No,No,71,Yes,Yes,Fiber optic,Yes,No,Yes,No,Yes,No,Month-to-month,No,Bank transfer (automatic),78.57,5609.06,1,15.5,0,0,0.394,Watch
Male,0,No,No,17,Yes,No,No,No,No,No,No,No,No,Month-to-month,Yes,Bank transfer (automatic),18.17,314.9,2,10.2,0,1,0.623,High Risk
Female,0,Yes,No,25,Yes,Yes,Fiber optic,No,Yes,No,No,Yes,No,Two year,Yes,Mailed check,74.33,1853.93,0,10.2,1,0,0.282,Watch
Male,0,Yes,Yes,48,Yes,Yes,DSL,Yes,No,Yes,No,Yes,Yes,Two year,No,Electronic check,60.15,2905.04,2,5.4,1,0,0.148,Healthy
Male,0,Yes,No,48,Yes,Yes,DSL,No,No,No,No,Yes,Yes,Month-to-month,Yes,Mailed check,53.86,2614.98,0,12.7,0,0,0.312,Watch
Male,0,Yes,Yes,26,No,No,Fiber optic,No,Yes,Yes,No,Yes,No,Two year,Yes,Electronic check,82.27,2104.56,1,12.0,0,1,0.321,Watch
Female,0,No,No,9,Yes,Yes,DSL,Yes,Yes,No,Yes,No,No,Month-to-month,Yes,Bank transfer (automatic),59.12,557.27,0,2.9,0,1,0.619,High Risk
Male,0,No,Yes,57,No,No,Fiber optic,Yes,No,Yes,No,No,No,One year,No,Electronic check,75.99,4325.12,0,5.2,1,0,0.372,Watch
Male,0,Yes,No,65,Yes,Yes,Fiber optic,No,No,No,No,No,No,Two year,Yes,Electronic check,60.22,3936.56,2,12.6,1,0,0.156,Healthy
Male,0,No,No,43,Yes,No,No,No,No,No,No,No,No,Month-to-month,Yes,Bank transfer (automatic),20.9,882.28,1,18.0,0,0,0.305,Watch
Male,0,Yes,No,63,Yes,Yes,No,No,No,No,No,No,No,Month-to-month,Yes,Electronic check,18.87,1171.42,3,2.7,1,0,0.506,High Risk
Female,0,No,No,18,Yes,Yes,DSL,Yes,No,Yes,Yes,Yes,Yes,Month-to-month,Yes,Bank transfer (automatic),76.89,1399.85,2,10.1,2,0,0.846,Critical Risk
Male,0,No,Yes,63,Yes,No,Fiber optic,Yes,Yes,Yes,Yes,Yes,No,One year,No,Bank transfer (automatic),98.22,6211.15,0,16.8,0,0,0.143,Healthy
Male,1,Yes,No,59,Yes,Yes,No,No,No,No,No,No,No,One year,Yes,Mailed check,18.0,1091.64,1,24.3,0,0,0.046,Healthy
Male,0,No,No,65,Yes,Yes,DSL,No,No,Yes,Yes,Yes,No,One year,No,Electronic check,54.02,3481.31,1,13.9,2,0,0.141,Healthy
Male,1,No,Yes,68,Yes,No,Fiber optic,No,No,No,Yes,Yes,No,Two year,Yes,Credit card (automatic),73.66,5016.86,0,12.0,1,0,0.037,Healthy
Male,1,Yes,Yes,25,Yes,No,Fiber optic,Yes,Yes,No,No,No,Yes,Month-to-month,Yes,Mailed check,76.5,1929.95,0,18.1,1,0,0.743,Critical Risk
Female,0,Yes,Yes,8,Yes,Yes,DSL,No,No,Yes,Yes,No,Yes,Two year,Yes,Electronic check,58.26,435.21,1,11.8,1,0,0.244,Watch
Male,0,No,Yes,54,Yes,Yes,Fiber optic,No,Yes,Yes,Yes,No,Yes,Month-to-month,Yes,Bank transfer (automatic),92.87,4982.9,0,4.5,0,1,0.5,High Risk
Male,0,Yes,No,48,Yes,Yes,DSL,No,Yes,Yes,Yes,No,Yes,Two year,Yes,Bank transfer (automatic),61.67,2966.17,2,12.1,0,0,0.039,Healthy
Female,0,Yes,Yes,47,Yes,Yes,Fiber optic,Yes,Yes,Yes,No,No,Yes,One year,Yes,Credit card (automatic),86.51,4070.01,1,18.9,0,0,0.177,Healthy
Female,0,Yes,No,46,Yes,No,DSL,No,Yes,Yes,No,No,No,Two year,Yes,Bank transfer (automatic),51.72,2384.94,1,19.7,1,0,0.06,Healthy
Male,0,No,Yes,2,No,No,Fiber optic,Yes,No,No,Yes,No,Yes,Two year,No,Electronic check,85.87,163.07,0,9.0,1,1,0.512,High Risk
Male,0,Yes,No,48,Yes,Yes,Fiber optic,Yes,Yes,Yes,No,Yes,Yes,Month-to-month,No,Bank transfer (automatic),89.06,4264.26,0,0.5,2,0,0.711,Critical Risk
Male,0,No,Yes,35,No,No,DSL,No,Yes,No,No,No,No,One year,Yes,Electronic check,43.84,1572.04,1,12.4,3,0,0.448,High Risk
Female,0,Yes,No,2,Yes,Yes,Fiber optic,Yes,No,Yes,No,Yes,No,Month-to-month,Yes,Electronic check,76.63,145.69,2,16.1,0,0,0.919,Critical Risk
Male,0,Yes,No,62,Yes,Yes,DSL,No,Yes,No,No,No,Yes,Month-to-month,Yes,Electronic check,55.67,3455.73,2,20.1,1,0,0.483,High Risk
Male,1,No,No,2,Yes,Yes,DSL,No,No,No,Yes,No,No,Month-to-month,Yes,Electronic check,42.41,63.27,1,24.5,1,0,0.696,High Risk
Female,0,Yes,No,17,Yes,No,Fiber optic,No,No,No,No,Yes,No,One year,Yes,Bank transfer (automatic),74.01,1278.87,1,24.2,0,1,0.522,High Risk
Male,0,No,No,21,Yes,Yes,Fiber optic,No,Yes,No,Yes,Yes,Yes,One year,No,Bank transfer (automatic),89.52,1880.27,1,14.2,0,0,0.395,Watch
Male,1,Yes,No,57,Yes,Yes,Fiber optic,Yes,Yes,Yes,Yes,Yes,Yes,One year,No,Bank transfer (automatic),97.02,5541.8,3,16.0,0,1,0.234,Watch
Female,0,No,No,5,Yes,Yes,DSL,Yes,No,Yes,No,Yes,No,Month-to-month,No,Electronic check,58.3,321.48,0,6.2,0,0,0.792,Critical Risk
Male,0,Yes,No,28,Yes,Yes,Fiber optic,Yes,Yes,No,No,Yes,Yes,Month-to-month,No,Mailed check,86.5,2421.56,1,20.9,0,1,0.745,Critical Risk
Female,0,No,Yes,26,Yes,Yes,DSL,Yes,Yes,No,Yes,No,No,Two year,No,Bank transfer (automatic),53.27,1435.97,1,21.8,0,0,0.078,Healthy
Female,0,Yes,Yes,30,Yes,Yes,DSL,Yes,Yes,No,No,No,Yes,One year,No,Mailed check,57.22,1746.5,1,2.7,1,1,0.351,Watch
Male,1,No,Yes,63,Yes,Yes,DSL,No,Yes,No,Yes,Yes,No,Month-to-month,Yes,Electronic check,50.17,3160.03,2,16.4,1,0,0.311,Watch
Female,0,Yes,No,23,Yes,Yes,DSL,Yes,Yes,No,No,No,No,Month-to-month,No,Electronic check,57.25,1304.03,1,15.8,0,1,0.682,High Risk
Female,0,Yes,Yes,25,Yes,No,Fiber optic,Yes,Yes,No,No,No,Yes,Two year,Yes,Electronic check,75.51,1867.68,1,22.4,0,0,0.301,Watch
Female,0,No,Yes,29,Yes,Yes,No,No,No,No,No,No,No,Month-to-month,Yes,Mailed check,18.88,535.28,1,15.5,1,0,0.526,High Risk
Male,0,Yes,No,28,Yes,Yes,DSL,Yes,No,Yes,No,No,No,Two year,Yes,Electronic check,50.4,1382.07,2,15.3,1,1,0.262,Watch
Male,0,Yes,No,69,Yes,Yes,Fiber optic,Yes,No,No,Yes,Yes,Yes,Month-to-month,Yes,Credit card (automatic),89.21,6175.25,2,17.3,1,0,0.462,High Risk
Male,0,No,No,19,No,No,DSL,Yes,Yes,No,No,No,No,One year,No,Bank transfer (automatic),44.83,866.0,0,11.2,0,0,0.213,Watch
Female,0,No,No,8,Yes,Yes,DSL,No,Yes,No,No,Yes,Yes,Month-to-month,Yes,Electronic check,56.84,456.7,1,7.6,2,1,0.874,Critical Risk
Male,0,No,Yes,30,Yes,No,Fiber optic,Yes,No,No,No,Yes,Yes,Month-to-month,Yes,Electronic check,75.73,2289.01,1,12.6,0,0,0.832,Critical Risk
Female,0,No,No,6,Yes,Yes,DSL,Yes,Yes,Yes,No,No,Yes,Month-to-month,No,Electronic check,62.02,371.01,1,11.0,0,0,0.768,Critical Risk
Female,1,Yes,Yes,58,Yes,No,Fiber optic,Yes,Yes,No,No,Yes,No,One year,No,Credit card (automatic),74.05,4286.99,0,14.1,0,0,0.117,Healthy
Female,0,Yes,Yes,65,Yes,Yes,DSL,No,Yes,No,Yes,Yes,No,One year,No,Electronic check,60.38,3940.08,1,30.0,1,0,0.09,Healthy
Male,0,No,No,60,Yes,Yes,No,No,No,No,No,No,No,Month-to-month,No,Credit card (automatic),21.92,1305.89,2,17.7,0,0,0.206,Watch
Male,0,Yes,Yes,58,Yes,Yes,Fiber optic,Yes,No,No,Yes,No,No,One year,Yes,Credit card (automatic),73.47,4284.27,1,9.4,0,0,0.155,Healthy
Female,0,Yes,No,30,Yes,Yes,Fiber optic,No,No,Yes,No,Yes,No,Month-to-month,Yes,Electronic check,75.8,2277.68,1,10.2,1,0,0.864,Critical Risk
Male,0,Yes,No,50,Yes,No,DSL,No,No,Yes,Yes,No,Yes,Two year,Yes,Credit card (automatic),57.56,2922.72,0,22.1,0,0,0.025,Healthy
Male,1,Yes,Yes,28,Yes,No,DSL,Yes,Yes,Yes,Yes,No,No,One year,Yes,Mailed check,65.49,1840.87,0,13.6,0,0,0.147,Healthy
Female,0,Yes,Yes,62,Yes,No,Fiber optic,No,Yes,No,No,Yes,No,Month-to-month,No,Electronic check,69.8,4309.31,1,19.9,1,1,0.589,High Risk
Female,1,Yes,Yes,14,Yes,Yes,Fiber optic,No,No,No,Yes,No,No,Month-to-month,No,Credit card (automatic),65.01,914.74,0,7.1,1,0,0.681,High Risk
Female,1,No,Yes,10,Yes,No,Fiber optic,No,Yes,No,No,No,No,Month-to-month,No,Bank transfer (automatic),69.39,701.37,1,12.4,0,1,0.77,Critical Risk
Female,0,No,No,71,Yes,No,Fiber optic,No,No,Yes,No,Yes,Yes,Two year,Yes,Bank transfer (automatic),80.77,5732.87,1,12.2,2,0,0.125,Healthy
Male,0,No,No,26,Yes,Yes,Fiber optic,Yes,No,Yes,No,Yes,No,Month-to-month,Yes,Mailed check,81.15,2126.63,2,19.7,0,0,0.816,Critical Risk
Male,0,Yes,Yes,22,Yes,No,Fiber optic,Yes,Yes,No,Yes,Yes,No,One year,Yes,Mailed check,90.1,2007.84,1,15.4,1,0,0.513,High Risk
Male,0,Yes,Yes,48,Yes,Yes,DSL,Yes,No,No,No,No,Yes,One year,Yes,Bank transfer (automatic),55.36,2661.74,1,16.6,2,0,0.248,Watch
Male,0,No,No,25,Yes,Yes,No,No,No,No,No,No,No,Two year,Yes,Electronic check,18.0,468.92,0,18.1,3,0,0.231,Watch
Female,0,Yes,No,54,Yes,No,Fiber optic,No,No,Yes,Yes,Yes,Yes,Month-to-month,Yes,Credit card (automatic),80.56,4353.34,1,13.5,1,0,0.496,High Risk
Male,1,Yes,No,31,Yes,Yes,DSL,Yes,Yes,Yes,Yes,Yes,Yes,One year,Yes,Credit card (automatic),72.67,2239.91,1,17.7,0,0,0.115,Healthy
Female,0,No,Yes,57,Yes,Yes,DSL,No,Yes,Yes,No,Yes,Yes,Month-to-month,Yes,Electronic check,66.37,3746.16,1,13.5,0,0,0.444,High Risk
Female,0,No,No,5,Yes,No,Fiber optic,Yes,Yes,No,No,Yes,Yes,Month-to-month,No,Bank transfer (automatic),90.76,487.58,0,22.8,2,1,0.912,Critical Risk
Female,0,Yes,Yes,53,Yes,No,Fiber optic,Yes,No,No,No,Yes,Yes,Month-to-month,Yes,Electronic check,81.95,4376.77,1,10.0,0,1,0.766,Critical Risk
Male,0,No,No,23,Yes,No,No,No,No,No,No,No,No,Month-to-month,Yes,Bank transfer (automatic),18.0,396.03,1,10.0,1,1,0.58,High Risk
Male,0,No,No,30,Yes,No,Fiber optic,Yes,No,No,Yes,No,Yes,Month-to-month,No,Credit card (automatic),80.72,2388.37,0,12.1,1,0,0.672,High Risk
Female,0,No,No,67,Yes,No,DSL,No,Yes,Yes,Yes,No,No,Month-to-month,Yes,Electronic check,55.6,3720.0,0,7.9,1,0,0.258,Watch
Female,0,Yes,Yes,35,No,No,DSL,Yes,No,Yes,Yes,Yes,Yes,Two year,No,Electronic check,60.14,2102.98,1,6.3,0,0,0.097,Healthy
Male,1,No,No,5,Yes,No,Fiber optic,Yes,No,Yes,No,Yes,Yes,Two year,No,Bank transfer (automatic),85.46,404.28,3,12.9,1,0,0.56,High Risk
Male,0,No,Yes,33,Yes,Yes,Fiber optic,No,No,No,No,No,No,Month-to-month,Yes,Bank transfer (automatic),62.47,2054.09,0,24.0,1,1,0.674,High Risk
Female,1,Yes,No,17,Yes,Yes,No,No,No,No,No,No,No,Month-to-month,Yes,Electronic check,20.7,379.8,3,16.0,0,0,0.691,High Risk
Female,0,No,Yes,34,Yes,No,Fiber optic,No,No,No,Yes,Yes,Yes,Month-to-month,Yes,Mailed check,74.01,2518.75,1,15.2,0,0,0.6,High Risk
Male,0,No,No,15,Yes,Yes,No,No,No,No,No,No,No,One year,No,Mailed check,18.0,255.28,0,12.1,1,0,0.251,Watch
Male,0,Yes,Yes,46,Yes,Yes,Fiber optic,No,No,Yes,No,Yes,Yes,One year,Yes,Bank transfer (automatic),83.55,3853.39,0,22.1,2,0,0.339,Watch
Female,0,Yes,No,17,Yes,No,Fiber optic,Yes,Yes,Yes,Yes,No,Yes,Month-to-month,No,Mailed check,99.61,1686.9,0,6.4,1,0,0.824,Critical Risk
Female,1,Yes,No,33,No,No,Fiber optic,No,No,Yes,No,No,No,One year,No,Mailed check,69.94,2289.22,0,6.9,0,0,0.268,Watch
Female,0,No,No,69,Yes,Yes,Fiber optic,Yes,Yes,Yes,No,Yes,Yes,Month-to-month,No,Electronic check,92.77,6369.19,1,13.7,0,1,0.52,High Risk
Male,0,Yes,Yes,46,Yes,No,Fiber optic,No,Yes,No,No,Yes,No,Month-to-month,No,Credit card (automatic),73.07,3374.0,1,16.6,0,0,0.451,High Risk
Male,0,No,No,51,No,No,No,No,No,No,No,No,No,Month-to-month,Yes,Electronic check,18.12,897.11,0,8.1,0,0,0.349,Watch
Female,0,Yes,Yes,56,Yes,No,DSL,No,Yes,No,No,No,Yes,One year,No,Mailed check,48.2,2705.84,0,11.1,0,1,0.082,Healthy
Female,0,No,No,67,Yes,Yes,No,No,No,No,No,No,No,One year,Yes,Electronic check,18.0,1247.86,0,14.0,0,0,0.055,Healthy
Female,0,No,Yes,64,Yes,Yes,Fiber optic,Yes,Yes,Yes,No,No,Yes,Month-to-month,Yes,Electronic check,85.53,5490.97,2,23.3,2,1,0.725,Critical Risk
Male,1,No,Yes,62,Yes,No,Fiber optic,Yes,No,Yes,Yes,Yes,Yes,Month-to-month,No,Bank transfer (automatic),89.26,5537.74,2,4.0,1,0,0.593,High Risk
Male,0,No,Yes,24,Yes,Yes,DSL,No,No,No,No,No,No,Month-to-month,Yes,Electronic check,40.0,988.78,0,17.5,1,0,0.641,High Risk
Male,0,Yes,Yes,45,Yes,No,DSL,Yes,No,Yes,No,Yes,Yes,One year,No,Bank transfer (automatic),66.74,3028.16,3,19.4,1,0,0.304,Watch
Male,0,Yes,Yes,59,Yes,Yes,Fiber optic,Yes,Yes,Yes,Yes,No,Yes,Month-to-month,Yes,Bank transfer (automatic),95.33,5660.91,2,25.5,0,0,0.478,High Risk
Female,0,No,No,40,Yes,Yes,DSL,No,No,Yes,Yes,Yes,No,One year,Yes,Credit card (automatic),54.79,2179.87,4,6.0,1,0,0.245,Watch
Male,1,Yes,Yes,9,Yes,No,DSL,No,Yes,No,Yes,Yes,Yes,One year,Yes,Mailed check,66.89,583.33,3,7.3,2,0,0.559,High Risk
Female,0,No,No,37,No,No,DSL,Yes,Yes,Yes,No,No,No,One year,Yes,Electronic check,56.77,2071.22,1,9.5,1,0,0.315,Watch
Female,0,No,No,15,Yes,No,DSL,Yes,Yes,Yes,No,Yes,No,Month-to-month,No,Mailed check,55.94,857.52,2,5.7,1,1,0.78,Critical Risk
Female,0,No,No,50,Yes,No,No,No,No,No,No,No,No,One year,Yes,Electronic check,18.0,922.86,2,20.9,1,0,0.219,Watch
Female,1,Yes,No,62,Yes,Yes,Fiber optic,No,No,No,Yes,Yes,Yes,Month-to-month,Yes,Mailed check,78.0,4787.05,0,16.5,1,0,0.367,Watch
Male,0,No,No,51,Yes,No,Fiber optic,No,Yes,No,No,Yes,No,Month-to-month,Yes,Mailed check,75.16,3856.41,2,14.5,1,0,0.733,Critical Risk
Female,1,Yes,No,40,Yes,Yes,No,No,No,No,No,No,No,Month-to-month,Yes,Mailed check,18.0,728.74,1,16.8,0,0,0.261,Watch
Male,0,No,No,43,Yes,Yes,Fiber optic,No,Yes,Yes,Yes,Yes,Yes,Month-to-month,Yes,Credit card (automatic),85.75,3672.98,1,21.1,1,0,0.438,High Risk
Male,1,No,No,39,Yes,Yes,No,No,No,No,No,No,No,Month-to-month,Yes,Mailed check,18.0,723.13,1,0.0,1,0,0.421,High Risk
Male,0,No,Yes,32,Yes,No,No,No,No,No,No,No,No,One year,No,Bank transfer (automatic),20.77,671.73,0,16.6,0,0,0.129,Healthy
Male,0,No,No,16,No,No,Fiber optic,No,No,No,Yes,No,Yes,Two year,No,Bank transfer (automatic),75.69,1223.59,0,16.1,2,0,0.309,Watch
Female,0,Yes,Yes,49,Yes,No,Fiber optic,Yes,No,Yes,Yes,Yes,No,Two year,Yes,Mailed check,88.52,4318.16,0,17.6,0,0,0.11,Healthy
Male,0,No,No,25,Yes,Yes,No,No,No,No,No,No,No,One year,No,Electronic check,19.76,475.06,2,4.7,2,0,0.527,High Risk
Male,1,No,No,11,No,No,DSL,Yes,Yes,No,No,No,No,Two year,No,Electronic check,47.26,519.66,3,13.3,1,0,0.298,Watch
Male,1,Yes,Yes,58,Yes,Yes,Fiber optic,Yes,No,No,No,No,Yes,Month-to-month,No,Bank transfer (automatic),80.41,4659.04,0,8.1,1,0,0.61,High Risk
Male,0,No,Yes,40,No,No,DSL,Yes,Yes,Yes,Yes,No,No,Two year,Yes,Bank transfer (automatic),67.52,2696.35,1,21.7,0,0,0.05,Healthy
Female,1,No,No,37,Yes,No,DSL,Yes,Yes,Yes,No,No,Yes,Month-to-month,No,Electronic check,53.88,2021.78,1,14.8,2,0,0.618,High Risk
Male,0,No,Yes,37,Yes,Yes,DSL,No,No,No,Yes,Yes,No,One year,Yes,Electronic check,48.17,1790.74,2,12.9,0,0,0.223,Watch
Female,0,No,Yes,5,Yes,No,No,No,No,No,No,No,No,Month-to-month,Yes,Bank transfer (automatic),18.0,76.82,2,16.0,0,0,0.666,High Risk
Male,0,Yes,No,39,Yes,No,DSL,No,Yes,Yes,No,No,No,One year,No,Electronic check,47.91,1870.72,2,6.7,0,0,0.236,Watch
Female,0,No,No,39,Yes,Yes,Fiber optic,Yes,Yes,Yes,No,No,No,One year,Yes,Credit card (automatic),83.66,3301.9,1,22.0,0,0,0.237,Watch
Male,0,Yes,No,37,Yes,No,Fiber optic,Yes,Yes,Yes,No,No,Yes,One year,No,Electronic check,80.98,2982.98,2,22.1,0,1,0.407,High Risk
Male,0,No,No,0,Yes,Yes,Fiber optic,No,No,No,Yes,No,No,Month-to-month,Yes,Mailed check,66.74,0.0,1,6.0,3,1,0.929,Critical Risk
Male,0,Yes,No,54,Yes,Yes,No,No,No,No,No,No,No,Two year,Yes,Electronic check,19.48,1048.55,1,21.2,1,0,0.066,Healthy
Female,0,No,No,44,Yes,No,No,No,No,No,No,No,No,Month-to-month,No,Electronic check,22.62,982.62,2,24.2,0,1,0.403,High Risk
Female,0,Yes,No,55,Yes,Yes,Fiber optic,No,Yes,Yes,No,Yes,No,Month-to-month,Yes,Bank transfer (automatic),85.68,4718.63,1,9.5,0,0,0.608,High Risk
Male,0,Yes,No,36,Yes,Yes,Fiber optic,No,No,No,Yes,No,Yes,Month-to-month,Yes,Credit card (automatic),73.78,2655.19,1,8.5,0,1,0.539,High Risk
Female,0,Yes,No,24,Yes,Yes,No,No,No,No,No,No,No,Month-to-month,Yes,Bank transfer (automatic),18.0,441.5,1,8.5,0,0,0.478,High Risk
Female,0,No,No,60,Yes,Yes,Fiber optic,Yes,Yes,No,Yes,No,No,One year,Yes,Electronic check,77.96,4670.59,1,18.7,1,0,0.255,Watch
Male,0,Yes,Yes,25,Yes,No,Fiber optic,No,No,No,No,No,No,Month-to-month,Yes,Mailed check,67.23,1670.05,3,24.8,1,1,0.873,Critical Risk
Male,0,Yes,Yes,33,Yes,Yes,DSL,Yes,No,No,Yes,Yes,No,One year,No,Electronic check,56.98,1879.38,4,10.7,3,1,0.678,High Risk
Female,0,Yes,Yes,1,Yes,Yes,DSL,No,Yes,Yes,No,Yes,Yes,Two year,No,Mailed check,72.98,47.36,1,17.2,0,0,0.23,Watch
Female,0,Yes,No,11,Yes,No,No,No,No,No,No,No,No,One year,Yes,Electronic check,19.83,235.63,4,17.6,1,0,0.562,High Risk
Female,0,No,No,8,Yes,No,Fiber optic,No,Yes,No,Yes,No,No,One year,Yes,Bank transfer (automatic),78.5,685.69,2,10.6,1,1,0.64,High Risk
Male,0,No,No,30,Yes,Yes,Fiber optic,No,No,No,No,Yes,Yes,Month-to-month,Yes,Credit card (automatic),76.21,2281.17,0,10.7,0,1,0.66,High Risk
Male,1,Yes,No,19,Yes,No,DSL,Yes,No,Yes,Yes,No,No,Month-to-month,No,Bank transfer (automatic),57.11,1114.94,0,14.0,0,0,0.453,High Risk
Male,0,Yes,No,24,Yes,No,Fiber optic,Yes,No,Yes,Yes,No,No,Month-to-month,Yes,Mailed check,89.34,2169.37,0,14.9,1,0,0.761,Critical Risk
Male,1,Yes,No,55,Yes,Yes,No,No,No,No,No,No,No,Month-to-month,Yes,Credit card (automatic),18.0,997.97,3,9.4,0,0,0.276,Watch
Female,1,Yes,No,49,Yes,Yes,No,No,No,No,No,No,No,Month-to-month,No,Mailed check,18.76,889.77,0,12.2,1,0,0.3,Watch
Male,0,Yes,Yes,58,Yes,No,Fiber optic,No,Yes,No,No,Yes,Yes,One year,Yes,Mailed check,82.88,4779.7,1,16.0,1,0,0.296,Watch
Male,0,Yes,No,59,No,No,Fiber optic,Yes,Yes,Yes,Yes,No,No,Month-to-month,No,Electronic check,88.34,5187.83,0,14.8,0,0,0.457,High Risk
Male,0,Yes,No,18,Yes,Yes,DSL,Yes,No,Yes,No,No,Yes,Two year,Yes,Credit card (automatic),55.15,963.01,1,27.5,3,0,0.223,Watch
Male,0,Yes,Yes,44,Yes,Yes,DSL,No,No,No,No,No,No,One year,Yes,Electronic check,37.48,1627.82,1,8.9,1,0,0.236,Watch
Female,0,No,Yes,63,Yes,Yes,DSL,No,No,Yes,Yes,Yes,No,One year,No,Credit card (automatic),52.4,3273.66,2,24.0,0,0,0.044,Healthy
Male,1,Yes,Yes,22,Yes,Yes,Fiber optic,Yes,No,No,Yes,Yes,No,Two year,No,Bank transfer (automatic),81.16,1779.24,3,17.0,1,0,0.341,Watch
Female,0,No,Yes,27,Yes,No,No,No,No,No,No,No,No,Month-to-month,Yes,Credit card (automatic),19.25,552.28,0,13.4,1,0,0.452,High Risk
Male,0,No,Yes,38,Yes,Yes,No,No,No,No,No,No,No,Two year,Yes,Mailed check,18.0,659.71,1,30.0,0,0,0.036,Healthy
Male,0,No,No,58,Yes,Yes,DSL,Yes,Yes,Yes,No,No,Yes,Month-to-month,No,Electronic check,61.14,3536.66,2,15.9,1,0,0.531,High Risk
Male,0,Yes,No,10,Yes,No,Fiber optic,Yes,Yes,Yes,No,No,No,Month-to-month,Yes,Mailed check,76.63,760.11,1,6.9,1,1,0.863,Critical Risk
Female,0,No,No,34,Yes,Yes,DSL,Yes,No,No,Yes,Yes,No,Two year,No,Credit card (automatic),52.14,1760.52,0,15.4,1,0,0.058,Healthy
Male,1,No,Yes,17,Yes,No,Fiber optic,Yes,No,No,Yes,No,No,Two year,Yes,Mailed check,76.31,1289.65,0,21.7,0,0,0.164,Healthy
Male,0,No,No,52,No,No,No,No,No,No,No,No,No,Month-to-month,No,Electronic check,18.0,949.84,2,17.2,0,0,0.396,Watch
Female,0,No,No,17,Yes,No,Fiber optic,Yes,Yes,Yes,No,Yes,Yes,One year,No,Mailed check,90.18,1519.42,0,18.2,1,0,0.524,High Risk
Female,0,Yes,No,26,Yes,No,No,No,No,No,No,No,No,Two year,No,Electronic check,19.65,495.27,0,12.3,1,0,0.144,Healthy
Male,0,No,No,25,Yes,Yes,Fiber optic,No,Yes,No,Yes,No,Yes,Month-to-month,Yes,Bank transfer (automatic),85.58,2146.16,0,13.7,2,0,0.813,Critical Risk
Female,0,No,No,5,Yes,No,Fiber optic,Yes,No,Yes,Yes,Yes,No,One year,No,Bank transfer (automatic),83.98,431.22,1,9.3,0,1,0.561,High Risk
Female,0,Yes,No,48,Yes,No,No,No,No,No,No,No,No,Month-to-month,Yes,Electronic check,18.0,869.24,0,9.3,0,0,0.297,Watch
Male,0,Yes,No,18,Yes,Yes,Fiber optic,Yes,Yes,No,Yes,Yes,Yes,Two year,Yes,Electronic check,96.14,1717.53,1,16.8,2,0,0.513,High Risk
Female,0,No,No,35,Yes,Yes,DSL,Yes,Yes,No,No,No,Yes,Month-to-month,No,Bank transfer (automatic),53.98,1859.47,2,19.1,0,0,0.51,High Risk
Male,1,Yes,Yes,50,Yes,No,DSL,No,No,No,No,Yes,Yes,One year,Yes,Electronic check,52.1,2574.8,6,10.2,0,0,0.474,High Risk
Male,0,No,Yes,57,Yes,Yes,DSL,No,Yes,Yes,Yes,Yes,No,One year,Yes,Mailed check,70.15,3979.2,0,11.3,1,0,0.109,Healthy
Female,0,Yes,No,67,Yes,Yes,DSL,No,No,Yes,Yes,Yes,No,Month-to-month,No,Mailed check,59.36,3987.04,2,23.1,1,0,0.254,Watch
Male,0,No,Yes,9,Yes,Yes,Fiber optic,Yes,Yes,Yes,No,Yes,Yes,Two year,No,Bank transfer (automatic),94.37,861.57,4,8.2,0,1,0.555,High Risk
Female,1,Yes,No,45,Yes,Yes,Fiber optic,Yes,Yes,No,No,No,Yes,Month-to-month,No,Electronic check,73.08,3292.49,3,9.7,0,0,0.698,High Risk
Female,0,No,Yes,23,Yes,Yes,DSL,No,Yes,Yes,No,No,Yes,Month-to-month,Yes,Mailed check,57.9,1325.21,2,3.9,0,1,0.629,High Risk
Male,0,No,No,56,Yes,Yes,DSL,Yes,Yes,Yes,Yes,Yes,No,One year,Yes,Bank transfer (automatic),68.82,3838.47,1,10.8,1,0,0.146,Healthy
Male,0,No,Yes,28,Yes,Yes,DSL,Yes,Yes,No,Yes,Yes,No,Month-to-month,Yes,Bank transfer (automatic),65.18,1804.65,1,13.6,0,0,0.553,High Risk
Male,0,Yes,No,1,Yes,No,No,No,No,No,No,No,No,Two year,No,Mailed check,18.0,14.63,3,19.3,1,0,0.236,Watch
Female,0,Yes,No,62,Yes,Yes,DSL,No,Yes,Yes,Yes,No,No,Month-to-month,Yes,Electronic check,54.13,3357.71,1,13.1,0,0,0.245,Watch
Male,0,Yes,No,55,Yes,No,DSL,No,Yes,No,Yes,No,Yes,Two year,No,Mailed check,57.77,3179.54,1,18.2,1,0,0.045,Healthy
Male,0,Yes,Yes,24,Yes,No,Fiber optic,Yes,No,No,No,No,No,One year,No,Bank transfer (automatic),71.13,1697.15,1,7.4,0,0,0.505,High Risk
Female,0,No,No,60,Yes,Yes,Fiber optic,Yes,Yes,Yes,No,No,Yes,Two year,No,Credit card (automatic),86.79,5201.78,0,7.8,0,0,0.063,Healthy
Female,0,Yes,No,29,Yes,No,DSL,Yes,No,Yes,No,No,Yes,Month-to-month,Yes,Bank transfer (automatic),53.0,1540.21,2,5.1,0,0,0.671,High Risk
Female,0,Yes,Yes,30,Yes,Yes,Fiber optic,Yes,No,No,Yes,No,No,Month-to-month,Yes,Mailed check,78.51,2356.72,2,18.1,0,0,0.742,Critical Risk
Male,0,No,Yes,21,Yes,Yes,Fiber optic,No,Yes,Yes,Yes,Yes,Yes,Month-to-month,Yes,Bank transfer (automatic),89.85,1878.86,0,10.7,0,0,0.651,High Risk
Female,0,Yes,No,36,Yes,No,Fiber optic,No,Yes,Yes,Yes,Yes,No,Month-to-month,No,Mailed check,82.18,2958.22,2,27.1,0,0,0.538,High Risk
Female,0,Yes,No,72,Yes,No,Fiber optic,Yes,No,No,Yes,Yes,No,Two year,No,Electronic check,78.32,5674.66,2,26.3,0,0,0.068,Healthy
Female,0,No,No,3,Yes,Yes,DSL,No,No,No,Yes,Yes,Yes,Two year,No,Electronic check,55.52,137.94,0,18.1,0,0,0.169,Healthy
Male,0,Yes,Yes,43,No,No,DSL,Yes,Yes,No,No,Yes,Yes,Month-to-month,Yes,Bank transfer (automatic),61.84,2676.29,1,3.7,1,0,0.562,High Risk
Female,0,No,No,12,Yes,Yes,Fiber optic,Yes,No,Yes,Yes,No,No,Month-to-month,Yes,Bank transfer (automatic),82.14,988.54,2,13.3,1,1,0.86,Critical Risk
Male,0,No,No,9,Yes,No,DSL,Yes,Yes,No,No,Yes,Yes,Month-to-month,Yes,Bank transfer (automatic),61.06,544.06,1,14.9,0,0,0.707,Critical Risk
Female,1,Yes,No,4,Yes,No,DSL,Yes,No,Yes,Yes,No,No,Month-to-month,Yes,Electronic check,52.4,208.39,0,15.0,1,1,0.704,Critical Risk
Male,1,No,No,19,Yes,Yes,DSL,No,No,No,No,No,No,Month-to-month,No,Mailed check,43.86,805.33,1,1.1,2,0,0.765,Critical Risk
Male,0,No,No,53,Yes,Yes,Fiber optic,No,Yes,Yes,No,Yes,Yes,Two year,No,Electronic check,89.56,4721.06,1,8.0,0,0,0.19,Healthy
Female,0,Yes,No,53,Yes,Yes,No,No,No,No,No,No,No,Month-to-month,No,Bank transfer (automatic),18.0,952.19,1,7.3,1,0,0.386,Watch
Female,0,No,No,58,Yes,Yes,Fiber optic,Yes,No,No,No,No,Yes,One year,Yes,Mailed check,68.28,3998.01,1,12.9,0,0,0.214,Watch
Female,0,Yes,No,10,Yes,Yes,No,No,No,No,No,No,No,Two year,No,Electronic check,18.65,169.04,0,16.1,0,0,0.118,Healthy
Male,0,No,Yes,7,Yes,No,Fiber optic,No,No,No,No,No,Yes,Month-to-month,Yes,Mailed check,67.0,466.32,1,16.5,0,1,0.817,Critical Risk
Female,1,No,No,71,Yes,Yes,Fiber optic,No,Yes,Yes,Yes,Yes,Yes,Two year,Yes,Electronic check,99.39,7074.62,4,9.6,3,0,0.286,Watch
Male,1,Yes,No,67,Yes,Yes,DSL,No,Yes,No,No,Yes,Yes,One year,No,Mailed check,54.04,3598.26,0,15.1,1,0,0.056,Healthy
Female,0,Yes,Yes,51,Yes,No,DSL,No,Yes,No,Yes,No,No,Two year,Yes,Mailed check,50.29,2553.36,0,14.9,0,0,0.032,Healthy
Female,0,Yes,No,61,Yes,No,DSL,Yes,No,Yes,Yes,No,Yes,Two year,No,Electronic check,60.24,3672.7,4,10.6,0,1,0.093,Healthy
Female,0,No,No,58,Yes,No,DSL,No,Yes,No,Yes,Yes,Yes,One year,Yes,Mailed check,64.64,3743.13,2,17.4,1,0,0.14,Healthy
Female,0,No,Yes,42,Yes,No,Fiber optic,Yes,No,Yes,No,Yes,Yes,One year,No,Credit card (automatic),90.75,3827.33,6,21.0,0,0,0.545,High Risk
Female,0,Yes,No,34,Yes,Yes,DSL,Yes,Yes,Yes,No,Yes,Yes,Two year,No,Mailed check,70.1,2413.87,0,8.5,1,0,0.121,Healthy
Female,1,Yes,Yes,71,Yes,Yes,DSL,Yes,Yes,No,Yes,Yes,No,Two year,Yes,Mailed check,64.76,4577.71,0,9.5,2,0,0.031,Healthy
Male,1,No,No,49,Yes,Yes,Fiber optic,Yes,No,No,No,Yes,No,One year,Yes,Bank transfer (automatic),75.27,3682.4,0,13.6,0,0,0.273,Watch
Male,0,Yes,No,64,Yes,No,DSL,No,Yes,Yes,Yes,Yes,Yes,Month-to-month,Yes,Mailed check,69.17,4446.47,0,20.2,2,0,0.267,Watch
Male,0,Yes,No,15,Yes,Yes,No,No,No,No,No,No,No,Month-to-month,No,Electronic check,21.93,372.38,1,11.2,0,1,0.669,High Risk
Female,0,Yes,No,16,Yes,No,No,No,No,No,No,No,No,Two year,Yes,Credit card (automatic),18.0,308.06,1,23.6,0,0,0.072,Healthy
Female,0,No,No,45,Yes,Yes,DSL,Yes,Yes,Yes,Yes,No,Yes,Month-to-month,No,Credit card (automatic),65.54,2950.04,0,22.2,0,0,0.159,Healthy
Male,0,Yes,No,69,Yes,No,DSL,No,Yes,Yes,Yes,Yes,No,Two year,No,Bank transfer (automatic),63.51,4399.83,0,4.1,0,0,0.019,Healthy
Male,0,No,No,45,Yes,Yes,No,No,No,No,No,No,No,One year,No,Electronic check,18.0,806.56,1,15.8,1,0,0.151,Healthy
Male,0,No,No,32,No,No,No,No,No,No,No,No,No,Two year,No,Mailed check,18.0,597.64,0,14.1,0,0,0.046,Healthy
Male,0,Yes,No,1,Yes,No,No,No,No,No,No,No,No,Month-to-month,No,Mailed check,18.0,16.22,0,9.2,3,1,0.817,Critical Risk
Male,0,No,No,11,Yes,Yes,DSL,No,Yes,Yes,Yes,No,No,Month-to-month,Yes,Bank transfer (automatic),56.42,613.24,2,13.4,2,1,0.737,Critical Risk
Female,0,Yes,No,16,Yes,No,Fiber optic,Yes,Yes,Yes,No,Yes,Yes,Two year,No,Bank transfer (automatic),92.86,1494.8,1,17.5,2,1,0.492,High Risk
Female,0,Yes,No,14,No,No,DSL,No,Yes,Yes,Yes,Yes,Yes,One year,No,Mailed check,72.66,1007.28,4,12.3,1,1,0.513,High Risk
Male,0,No,No,51,Yes,Yes,Fiber optic,Yes,No,Yes,No,Yes,Yes,One year,No,Bank transfer (automatic),89.0,4562.87,0,21.1,1,0,0.34,Watch
Male,0,Yes,No,49,Yes,No,DSL,Yes,Yes,No,Yes,Yes,No,Two year,No,Bank transfer (automatic),59.99,2965.52,0,8.2,0,0,0.051,Healthy
Female,0,No,Yes,27,Yes,Yes,Fiber optic,Yes,Yes,No,Yes,No,No,Month-to-month,Yes,Bank transfer (automatic),81.76,2213.79,2,14.2,1,1,0.823,Critical Risk
Female,0,No,No,72,Yes,No,Fiber optic,No,Yes,Yes,Yes,No,Yes,Month-to-month,Yes,Bank transfer (automatic),83.15,5999.01,2,14.0,0,0,0.308,Watch
Female,0,Yes,Yes,28,Yes,No,No,No,No,No,No,No,No,Month-to-month,Yes,Bank transfer (automatic),18.0,510.36,0,8.2,1,0,0.537,High Risk
Male,0,No,No,32,Yes,Yes,DSL,Yes,No,Yes,No,Yes,Yes,One year,No,Mailed check,64.77,2046.64,2,4.9,0,0,0.336,Watch
Male,0,No,Yes,38,Yes,No,No,No,No,No,No,No,No,One year,No,Bank transfer (automatic),19.37,752.88,0,16.1,0,0,0.097,Healthy
Male,0,Yes,No,41,Yes,No,DSL,No,Yes,Yes,Yes,Yes,No,Month-to-month,No,Electronic check,68.12,2758.63,1,10.2,2,1,0.634,High Risk
Female,0,No,Yes,13,Yes,No,No,No,No,No,No,No,No,One year,Yes,Mailed check,18.85,269.19,3,4.9,0,0,0.409,High Risk
Female,0,No,No,21,Yes,Yes,Fiber optic,Yes,No,No,Yes,Yes,Yes,One year,Yes,Credit card (automatic),90.52,1896.87,2,13.8,1,0,0.55,High Risk
Female,0,Yes,No,50,Yes,Yes,DSL,Yes,Yes,No,Yes,Yes,No,Month-to-month,No,Electronic check,58.42,2901.04,2,11.2,0,1,0.499,High Risk
Male,0,Yes,No,61,Yes,No,Fiber optic,Yes,Yes,No,No,No,No,Month-to-month,Yes,Mailed check,78.71,4802.24,0,14.1,1,1,0.557,High Risk
Male,0,Yes,No,30,Yes,No,Fiber optic,Yes,No,No,Yes,Yes,No,Two year,No,Bank transfer (automatic),82.91,2506.05,0,20.0,0,0,0.165,Healthy
Female,0,Yes,No,8,Yes,Yes,DSL,Yes,No,No,No,No,No,Month-to-month,No,Electronic check,44.04,375.62,2,12.3,1,0,0.854,Critical Risk
Female,1,Yes,Yes,62,Yes,No,DSL,No,No,No,No,No,Yes,One year,Yes,Electronic check,43.78,2736.68,1,22.0,1,0,0.126,Healthy
Female,1,No,No,42,Yes,Yes,No,No,No,No,No,No,No,One year,No,Credit card (automatic),18.0,741.04,2,16.0,1,0,0.099,Healthy
Male,0,No,No,31,Yes,No,No,No,No,No,No,No,No,One year,No,Electronic check,22.94,691.74,2,15.8,0,0,0.276,Watch
Male,0,No,No,42,Yes,Yes,Fiber optic,No,Yes,No,Yes,No,Yes,Two year,No,Electronic check,71.97,3016.81,1,2.1,2,1,0.219,Watch
Male,0,Yes,No,60,Yes,Yes,DSL,Yes,No,No,No,Yes,Yes,Two year,Yes,Bank transfer (automatic),59.93,3593.62,1,11.1,0,0,0.064,Healthy
Female,0,Yes,No,0,Yes,No,DSL,No,No,No,No,No,Yes,Two year,No,Credit card (automatic),44.36,0.0,1,17.1,0,0,0.157,Healthy
Female,0,Yes,No,26,Yes,Yes,DSL,Yes,No,Yes,Yes,No,No,Month-to-month,Yes,Electronic check,52.16,1328.24,2,14.0,0,1,0.647,High Risk
Female,0,Yes,No,68,Yes,No,Fiber optic,No,Yes,No,Yes,No,No,Month-to-month,Yes,Electronic check,75.05,5103.59,1,7.4,1,0,0.52,High Risk
Male,1,No,No,21,Yes,Yes,Fiber optic,No,No,No,Yes,Yes,Yes,One year,Yes,Credit card (automatic),82.92,1754.23,1,10.4,1,0,0.398,Watch
Female,0,Yes,No,71,No,No,Fiber optic,Yes,No,Yes,No,No,No,One year,Yes,Electronic check,73.97,5242.74,1,21.5,1,1,0.215,Watch
Male,0,No,No,20,Yes,Yes,No,No,No,No,No,No,No,Month-to-month,Yes,Electronic check,21.18,424.37,4,14.6,0,0,0.755,Critical Risk
Female,1,Yes,No,34,Yes,No,No,No,No,No,No,No,No,One year,No,Electronic check,18.63,655.64,2,17.3,0,0,0.19,Healthy
Female,0,No,Yes,5,Yes,No,DSL,Yes,No,Yes,No,Yes,Yes,One year,Yes,Credit card (automatic),58.43,265.89,1,20.0,0,0,0.315,Watch
Female,0,No,No,52,Yes,Yes,Fiber optic,No,Yes,Yes,Yes,Yes,Yes,Month-to-month,No,Credit card (automatic),100.8,5249.41,3,16.0,0,0,0.597,High Risk
Female,0,No,No,17,Yes,Yes,Fiber optic,Yes,No,Yes,No,Yes,Yes,Two year,No,Mailed check,92.42,1534.73,2,15.8,0,0,0.403,High Risk
Female,1,No,Yes,61,Yes,Yes,DSL,Yes,Yes,No,Yes,Yes,Yes,Two year,Yes,Credit card (automatic),68.06,4127.03,0,10.5,0,0,0.019,Healthy
Male,0,No,No,9,Yes,Yes,Fiber optic,Yes,No,Yes,Yes,Yes,No,Month-to-month,Yes,Electronic check,88.39,829.47,1,20.5,1,0,0.886,Critical Risk
Male,0,No,Yes,8,Yes,Yes,DSL,No,Yes,Yes,Yes,Yes,No,Month-to-month,Yes,Electronic check,61.65,478.54,4,10.7,2,1,0.895,Critical Risk
Female,0,Yes,No,34,Yes,No,DSL,No,Yes,No,No,Yes,Yes,Month-to-month,No,Mailed check,57.37,1954.62,1,18.3,2,0,0.641,High Risk
Female,0,Yes,No,6,Yes,Yes,Fiber optic,Yes,No,Yes,Yes,No,Yes,Two year,No,Bank transfer (automatic),89.23,505.83,0,19.8,1,0,0.313,Watch
Male,0,No,Yes,24,Yes,No,DSL,Yes,Yes,No,Yes,No,Yes,Month-to-month,No,Electronic check,60.4,1443.77,1,18.1,0,0,0.55,High Risk
Female,0,Yes,Yes,50,Yes,No,Fiber optic,No,No,No,No,Yes,No,Month-to-month,No,Mailed check,67.35,3375.59,1,15.8,1,1,0.688,High Risk
Male,0,No,No,36,No,No,DSL,Yes,No,No,No,No,No,Month-to-month,Yes,Electronic check,44.0,1598.15,5,6.9,0,0,0.8,Critical Risk
Female,0,Yes,Yes,40,Yes,Yes,Fiber optic,Yes,No,Yes,Yes,No,Yes,One year,Yes,Bank transfer (automatic),91.86,3685.51,1,22.9,1,0,0.339,Watch
Male,0,No,Yes,6,Yes,No,Fiber optic,Yes,Yes,Yes,No,No,No,Month-to-month,Yes,Electronic check,75.78,450.83,2,17.8,1,1,0.918,Critical Risk
Female,0,Yes,No,49,Yes,Yes,No,No,No,No,No,No,No,Month-to-month,Yes,Mailed check,19.07,950.8,1,7.0,1,0,0.437,High Risk
Male,0,No,No,6,Yes,Yes,DSL,Yes,No,Yes,Yes,Yes,Yes,One year,No,Electronic check,74.94,454.33,3,12.4,0,1,0.584,High Risk
Male,0,Yes,No,41,Yes,Yes,Fiber optic,No,No,Yes,No,No,Yes,Month-to-month,No,Mailed check,72.16,2925.75,1,14.1,0,0,0.559,High Risk
Female,0,Yes,No,57,Yes,Yes,No,No,No,No,No,No,No,Month-to-month,No,Electronic check,18.2,1032.6,2,19.0,1,0,0.426,High Risk
Female,0,No,No,53,Yes,Yes,DSL,Yes,No,No,Yes,Yes,Yes,Two year,Yes,Credit card (automatic),69.16,3645.03,0,3.3,2,0,0.095,Healthy
Male,0,Yes,No,25,Yes,No,DSL,Yes,Yes,No,No,No,Yes,Month-to-month,Yes,Bank transfer (automatic),58.52,1441.67,2,14.9,1,1,0.764,Critical Risk
Female,0,Yes,Yes,11,Yes,No,DSL,Yes,No,No,Yes,No,Yes,Two year,No,Mailed check,59.3,652.0,1,14.9,0,0,0.138,Healthy
Male,0,No,No,60,Yes,Yes,No,No,No,No,No,No,No,Two year,Yes,Electronic check,18.0,1060.76,2,8.7,0,0,0.054,Healthy
Male,0,No,No,15,Yes,No,DSL,Yes,No,No,Yes,No,Yes,Month-to-month,Yes,Electronic check,55.15,837.82,1,18.3,1,1,0.756,Critical Risk
Male,0,Yes,No,36,Yes,No,DSL,Yes,No,No,Yes,Yes,Yes,Month-to-month,Yes,Mailed check,58.97,2135.86,0,14.1,2,0,0.552,High Risk
Male,0,No,Yes,17,Yes,Yes,No,No,No,No,No,No,No,Month-to-month,Yes,Electronic check,18.0,255.6,1,17.7,0,0,0.603,High Risk
Female,1,Yes,No,2,Yes,Yes,Fiber optic,Yes,No,Yes,No,No,Yes,One year,Yes,Mailed check,75.11,170.38,1,9.2,0,0,0.564,High Risk
Female,0,Yes,No,30,Yes,Yes,DSL,No,No,No,No,Yes,No,Month-to-month,Yes,Electronic check,49.1,1472.35,2,16.8,0,1,0.709,Critical Risk
Male,0,No,Yes,40,Yes,No,Fiber optic,Yes,Yes,Yes,No,No,No,Month-to-month,Yes,Mailed check,84.84,3402.76,0,17.6,0,0,0.584,High Risk
Male,0,Yes,No,55,No,No,DSL,No,Yes,No,No,No,No,One year,Yes,Credit card (automatic),41.06,2277.62,0,10.4,0,0,0.06,Healthy
Female,0,Yes,Yes,52,Yes,No,Fiber optic,No,No,Yes,No,Yes,No,One year,Yes,Mailed check,73.78,3812.57,1,10.8,0,0,0.286,Watch
Female,0,Yes,No,60,No,No,DSL,Yes,Yes,No,Yes,No,Yes,One year,No,Electronic check,63.4,3804.51,4,7.4,1,1,0.284,Watch
Male,0,No,No,59,Yes,Yes,Fiber optic,Yes,No,No,Yes,Yes,Yes,Month-to-month,Yes,Bank transfer (automatic),83.99,4968.02,0,8.3,1,0,0.552,High Risk
Male,0,No,Yes,29,Yes,Yes,Fiber optic,Yes,Yes,No,Yes,No,Yes,One year,Yes,Credit card (automatic),84.56,2454.44,1,10.6,1,0,0.382,Watch
Male,0,Yes,No,24,Yes,No,DSL,Yes,No,Yes,Yes,No,No,One year,No,Credit card (automatic),57.78,1419.11,1,14.1,0,0,0.157,Healthy
Male,0,No,Yes,43,Yes,No,Fiber optic,Yes,No,Yes,No,Yes,No,Two year,No,Mailed check,84.64,3622.86,2,17.3,1,0,0.247,Watch
Female,0,No,No,35,Yes,No,No,No,No,No,No,No,No,One year,Yes,Mailed check,18.0,630.53,2,16.2,0,0,0.159,Healthy
Female,0,Yes,No,21,Yes,No,Fiber optic,No,No,No,No,Yes,Yes,One year,Yes,Electronic check,75.73,1589.82,1,19.3,1,1,0.649,High Risk
Female,1,No,No,2,Yes,No,No,No,No,No,No,No,No,One year,No,Credit card (automatic),18.0,70.0,2,10.9,0,0,0.261,Watch
Female,0,Yes,Yes,34,Yes,No,No,No,No,No,No,No,No,Month-to-month,Yes,Electronic check,20.73,713.72,1,6.3,0,0,0.551,High Risk
Male,0,Yes,No,34,Yes,No,DSL,Yes,No,No,No,No,Yes,One year,Yes,Mailed check,52.77,1794.74,2,7.4,0,1,0.308,Watch
Female,0,Yes,No,68,Yes,Yes,Fiber optic,No,No,Yes,No,Yes,No,Two year,Yes,Mailed check,73.6,5047.8,0,20.6,1,0,0.06,Healthy
Female,0,Yes,No,59,Yes,No,No,No,No,No,No,No,No,Two year,No,Electronic check,18.0,1079.13,2,1.8,2,0,0.124,Healthy
Female,0,No,No,19,Yes,No,Fiber optic,No,No,Yes,Yes,No,No,Month-to-month,No,Mailed check,77.51,1462.15,1,20.2,0,0,0.687,High Risk
Male,1,No,No,8,Yes,Yes,Fiber optic,No,Yes,Yes,No,Yes,No,Month-to-month,No,Mailed check,76.61,611.41,1,6.4,1,1,0.829,Critical Risk
Female,0,No,No,57,Yes,No,DSL,Yes,No,Yes,No,No,Yes,Month-to-month,No,Electronic check,55.19,3163.26,0,15.4,0,0,0.377,Watch
Male,0,Yes,No,35,Yes,Yes,No,No,No,No,No,No,No,One year,Yes,Electronic check,18.0,613.87,1,22.2,1,0,0.211,Watch
Female,0,Yes,No,3,Yes,No,DSL,Yes,Yes,No,No,Yes,Yes,One year,No,Mailed check,63.61,208.4,0,14.9,0,1,0.381,Watch
Female,1,Yes,Yes,55,Yes,No,Fiber optic,No,No,No,No,Yes,No,Two year,Yes,Credit card (automatic),67.33,3728.85,1,15.3,0,0,0.076,Healthy
Female,0,Yes,No,25,No,No,No,No,No,No,No,No,No,Month-to-month,No,Credit card (automatic),18.0,462.2,2,8.9,1,1,0.572,High Risk
Female,0,No,No,12,Yes,No,Fiber optic,No,No,No,No,No,Yes,One year,Yes,Mailed check,66.98,792.8,1,15.9,2,0,0.647,High Risk
Female,0,No,No,48,Yes,Yes,Fiber optic,No,No,No,Yes,Yes,Yes,Month-to-month,Yes,Credit card (automatic),78.61,3767.22,3,17.7,0,0,0.492,High Risk
Male,0,No,No,57,Yes,Yes,Fiber optic,Yes,No,No,Yes,No,No,One year,No,Bank transfer (automatic),70.81,4049.81,1,26.3,0,0,0.144,Healthy
Female,0,No,No,56,No,No,No,No,No,No,No,No,No,Two year,No,Credit card (automatic),18.0,1016.8,1,13.3,2,0,0.046,Healthy
Female,0,Yes,Yes,20,Yes,Yes,Fiber optic,Yes,No,No,No,No,Yes,Two year,Yes,Bank transfer (automatic),80.52,1659.47,1,30.0,0,0,0.268,Watch
Male,0,Yes,No,43,Yes,Yes,Fiber optic,Yes,Yes,No,Yes,No,No,Month-to-month,No,Electronic check,81.64,3495.34,1,7.4,0,0,0.643,High Risk
Male,1,Yes,No,34,Yes,No,DSL,Yes,No,No,No,Yes,No,Two year,Yes,Credit card (automatic),47.34,1622.91,1,16.5,0,0,0.064,Healthy
Male,1,No,Yes,63,Yes,Yes,DSL,No,Yes,No,No,Yes,No,Two year,Yes,Mailed check,48.56,3054.73,1,12.0,1,0,0.038,Healthy
Female,0,Yes,Yes,13,Yes,Yes,DSL,Yes,Yes,No,No,Yes,No,One year,Yes,Electronic check,50.23,606.46,2,12.9,0,0,0.492,High Risk
Female,0,Yes,Yes,59,Yes,Yes,Fiber optic,Yes,No,Yes,No,No,Yes,Month-to-month,No,Mailed check,77.41,4593.5,0,6.5,0,0,0.479,High Risk
Female,0,No,No,25,Yes,Yes,Fiber optic,No,Yes,Yes,No,No,No,Month-to-month,Yes,Credit card (automatic),73.71,1838.58,1,19.2,0,1,0.651,High Risk
Female,1,Yes,No,45,Yes,No,DSL,Yes,Yes,Yes,Yes,Yes,Yes,Month-to-month,Yes,Bank transfer (automatic),68.93,3128.87,1,21.8,0,0,0.241,Watch
Female,0,No,Yes,36,Yes,No,DSL,Yes,No,Yes,No,No,Yes,Two year,Yes,Bank transfer (automatic),60.61,2199.33,1,16.2,0,0,0.105,Healthy
Female,1,Yes,No,25,Yes,Yes,DSL,Yes,No,No,Yes,Yes,Yes,Month-to-month,No,Electronic check,67.58,1706.53,1,18.4,0,0,0.639,High Risk
Male,0,No,No,16,No,No,No,No,No,No,No,No,No,Two year,Yes,Bank transfer (automatic),20.59,323.14,0,8.7,1,0,0.136,Healthy
Male,0,Yes,No,26,Yes,Yes,DSL,Yes,No,No,Yes,Yes,No,One year,Yes,Electronic check,54.23,1399.88,2,7.5,0,0,0.396,Watch
Male,0,No,No,44,Yes,No,Fiber optic,Yes,No,No,Yes,No,No,Month-to-month,No,Electronic check,75.3,3356.73,1,18.9,0,0,0.607,High Risk
Female,0,No,No,44,Yes,No,Fiber optic,No,No,No,No,Yes,Yes,Month-to-month,No,Credit card (automatic),76.37,3368.83,0,15.8,0,1,0.476,High Risk
Male,1,Yes,No,45,Yes,Yes,No,No,No,No,No,No,No,Month-to-month,Yes,Mailed check,19.19,906.38,0,22.2,0,0,0.168,Healthy
Male,0,No,No,47,Yes,Yes,Fiber optic,No,Yes,Yes,No,No,No,Month-to-month,No,Credit card (automatic),76.97,3619.26,1,16.9,2,1,0.586,High Risk
Male,0,No,No,3,Yes,No,DSL,Yes,No,No,Yes,Yes,No,One year,Yes,Electronic check,54.92,175.08,0,2.5,0,1,0.465,High Risk
Female,0,No,No,28,Yes,Yes,DSL,No,Yes,No,Yes,Yes,No,Month-to-month,Yes,Bank transfer (automatic),56.61,1598.84,0,11.7,0,0,0.438,High Risk
Female,1,No,No,22,Yes,No,DSL,Yes,No,No,Yes,No,Yes,One year,Yes,Electronic check,56.26,1262.32,1,20.9,0,0,0.243,Watch
Female,0,No,No,29,No,No,Fiber optic,Yes,No,No,Yes,Yes,No,Two year,No,Electronic check,76.51,2174.97,0,9.8,1,0,0.282,Watch
Male,0,Yes,No,27,Yes,No,DSL,Yes,No,No,No,Yes,No,Month-to-month,No,Electronic check,46.39,1245.71,1,14.5,1,1,0.757,Critical Risk
Female,0,Yes,Yes,12,No,No,DSL,Yes,No,Yes,Yes,No,Yes,Month-to-month,No,Electronic check,56.88,695.64,3,8.5,0,1,0.741,Critical Risk
Female,0,Yes,No,70,Yes,No,DSL,Yes,Yes,No,Yes,Yes,No,Two year,No,Credit card (automatic),66.33,4675.43,1,20.3,0,0,0.017,Healthy
Female,0,No,Yes,0,Yes,Yes,Fiber optic,Yes,Yes,Yes,No,Yes,No,One year,No,Bank transfer (automatic),91.95,20.04,2,13.4,1,0,0.778,Critical Risk
Male,1,No,Yes,43,Yes,No,DSL,Yes,No,Yes,Yes,No,Yes,Month-to-month,No,Credit card (automatic),59.99,2573.18,1,15.1,0,1,0.223,Watch
Male,0,No,No,33,Yes,Yes,Fiber optic,Yes,Yes,No,No,No,Yes,Month-to-month,Yes,Electronic check,74.39,2465.61,1,15.2,1,1,0.812,Critical Risk
Female,0,Yes,Yes,51,No,No,DSL,Yes,No,No,Yes,No,No,Month-to-month,No,Credit card (automatic),50.86,2649.89,0,16.2,0,0,0.224,Watch
Male,0,No,No,60,Yes,Yes,Fiber optic,No,No,Yes,Yes,Yes,No,Month-to-month,Yes,Electronic check,81.77,4912.89,4,8.7,0,0,0.717,Critical Risk
Female,0,No,No,47,Yes,Yes,DSL,Yes,Yes,Yes,Yes,No,No,One year,Yes,Electronic check,53.55,2514.42,1,20.5,1,0,0.118,Healthy
Female,0,Yes,No,55,Yes,Yes,Fiber optic,Yes,No,Yes,No,Yes,Yes,Month-to-month,Yes,Credit card (automatic),93.19,5143.04,1,17.1,1,0,0.664,High Risk
Male,1,No,No,19,Yes,No,Fiber optic,No,No,No,Yes,Yes,Yes,Month-to-month,No,Electronic check,83.86,1591.99,1,16.5,1,0,0.837,Critical Risk
Female,0,Yes,Yes,72,Yes,No,Fiber optic,Yes,Yes,No,No,Yes,Yes,Month-to-month,No,Credit card (automatic),81.14,5849.74,0,17.8,0,1,0.245,Watch
Male,0,No,Yes,6,No,No,DSL,Yes,Yes,Yes,No,Yes,No,One year,Yes,Credit card (automatic),67.43,416.97,1,14.7,0,0,0.335,Watch
Female,0,Yes,No,48,Yes,Yes,Fiber optic,Yes,Yes,No,Yes,No,No,Month-to-month,No,Electronic check,84.66,4054.39,0,17.3,1,1,0.589,High Risk
Male,0,No,Yes,10,Yes,No,Fiber optic,No,No,Yes,Yes,No,No,Month-to-month,No,Credit card (automatic),75.31,744.04,1,11.4,0,1,0.694,High Risk
Male,0,Yes,No,17,No,No,Fiber optic,Yes,Yes,No,Yes,No,Yes,Month-to-month,No,Mailed check,86.05,1503.29,2,22.1,2,0,0.857,Critical Risk
Male,1,Yes,Yes,60,Yes,No,DSL,No,Yes,No,No,Yes,Yes,Two year,No,Bank transfer (automatic),55.22,3293.5,2,0.0,1,0,0.078,Healthy
Male,0,No,No,49,Yes,Yes,No,No,No,No,No,No,No,Two year,Yes,Credit card (automatic),24.66,1190.45,0,16.6,1,0,0.044,Healthy
Female,0,No,Yes,46,Yes,No,Fiber optic,Yes,No,No,Yes,Yes,No,One year,Yes,Bank transfer (automatic),86.32,3975.18,0,11.9,1,0,0.31,Watch
Male,1,Yes,No,60,Yes,No,Fiber optic,No,Yes,Yes,No,No,Yes,Two year,Yes,Credit card (automatic),83.18,4974.53,2,26.9,0,0,0.056,Healthy
Male,0,Yes,Yes,20,Yes,Yes,DSL,No,No,Yes,No,No,No,Two year,Yes,Credit card (automatic),37.14,756.73,0,14.6,1,0,0.081,Healthy
Male,0,No,No,46,Yes,No,Fiber optic,No,No,No,No,No,Yes,Month-to-month,Yes,Electronic check,73.25,3377.17,4,18.8,1,1,0.849,Critical Risk
Male,1,No,Yes,14,Yes,No,DSL,Yes,Yes,Yes,No,No,No,Two year,Yes,Bank transfer (automatic),54.61,781.61,1,4.3,3,0,0.365,Watch
Male,1,Yes,Yes,35,Yes,Yes,Fiber optic,Yes,Yes,Yes,No,No,No,Two year,No,Mailed check,80.04,2826.74,2,8.6,1,0,0.243,Watch
Female,0,Yes,Yes,29,Yes,No,DSL,No,No,Yes,Yes,No,No,Month-to-month,Yes,Electronic check,50.46,1473.7,1,14.3,1,0,0.636,High Risk
Female,0,Yes,No,45,No,No,DSL,Yes,Yes,No,Yes,Yes,No,Month-to-month,No,Electronic check,58.4,2653.42,1,19.3,1,0,0.426,High Risk
Male,1,No,No,4,Yes,No,Fiber optic,No,Yes,Yes,No,No,No,One year,Yes,Electronic check,77.77,277.04,1,12.6,1,0,0.698,High Risk
Female,0,No,No,1,Yes,Yes,Fiber optic,No,Yes,Yes,Yes,Yes,Yes,One year,Yes,Mailed check,86.33,87.75,1,21.9,0,0,0.434,High Risk
Female,0,No,No,2,Yes,No,DSL,Yes,Yes,Yes,No,No,Yes,One year,No,Electronic check,62.79,91.26,0,14.9,0,0,0.445,High Risk
Male,1,Yes,No,19,Yes,Yes,Fiber optic,No,Yes,Yes,Yes,No,No,One year,No,Electronic check,87.08,1663.06,0,28.1,0,0,0.311,Watch
Female,0,No,Yes,42,Yes,Yes,No,No,No,No,No,No,No,Month-to-month,No,Credit card (automatic),19.6,852.04,0,11.5,0,0,0.209,Watch
Male,0,Yes,No,11,Yes,Yes,Fiber optic,No,No,Yes,Yes,Yes,Yes,Month-to-month,No,Credit card (automatic),81.78,875.6,0,22.0,1,0,0.653,High Risk
Male,0,No,No,72,Yes,Yes,Fiber optic,No,No,Yes,Yes,No,No,Month-to-month,No,Bank transfer (automatic),74.95,5359.3,1,17.1,0,0,0.255,Watch
Male,0,Yes,Yes,30,Yes,No,Fiber optic,Yes,No,Yes,No,No,Yes,Month-to-month,Yes,Credit card (automatic),79.72,2379.17,4,15.4,1,1,0.868,Critical Risk
Male,0,Yes,Yes,22,Yes,No,Fiber optic,No,Yes,No,Yes,No,No,Month-to-month,Yes,Mailed check,69.25,1541.59,1,11.1,0,1,0.643,High Risk
Female,0,Yes,No,65,Yes,Yes,Fiber optic,No,No,Yes,No,No,Yes,Month-to-month,No,Mailed check,77.1,5017.13,2,16.4,1,0,0.556,High Risk
Female,0,Yes,Yes,12,Yes,Yes,Fiber optic,Yes,Yes,No,No,Yes,Yes,Two year,Yes,Mailed check,89.64,1065.95,3,9.1,0,0,0.475,High Risk
Male,0,Yes,Yes,13,Yes,Yes,DSL,Yes,Yes,No,Yes,Yes,Yes,One year,Yes,Electronic check,60.8,796.39,2,14.1,0,0,0.41,High Risk
Female,0,No,No,27,Yes,No,DSL,No,Yes,Yes,Yes,No,Yes,Month-to-month,No,Mailed check,64.69,1718.25,1,6.4,0,0,0.505,High Risk
Female,0,No,Yes,5,Yes,No,Fiber optic,Yes,Yes,No,Yes,Yes,Yes,Month-to-month,Yes,Mailed check,97.53,492.67,2,19.6,1,1,0.9,Critical Risk
Female,0,No,No,49,Yes,Yes,Fiber optic,No,No,No,Yes,Yes,No,Month-to-month,No,Mailed check,74.84,3654.54,1,12.2,1,0,0.644,High Risk
Female,0,No,No,56,Yes,No,Fiber optic,No,No,Yes,No,Yes,No,Month-to-month,Yes,Mailed check,72.16,4058.81,1,19.9,1,1,0.595,High Risk
Female,0,Yes,No,25,Yes,No,DSL,No,No,No,No,Yes,Yes,Month-to-month,Yes,Mailed check,53.6,1312.86,1,19.2,1,0,0.699,High Risk
Male,0,No,No,63,Yes,No,Fiber optic,No,Yes,No,No,No,Yes,Month-to-month,Yes,Bank transfer (automatic),74.03,4666.88,3,20.5,0,0,0.539,High Risk
Female,0,Yes,No,0,Yes,No,Fiber optic,Yes,Yes,Yes,No,Yes,Yes,Two year,Yes,Credit card (automatic),100.68,0.0,1,10.5,0,0,0.435,High Risk
Female,0,Yes,No,38,Yes,No,DSL,Yes,Yes,No,Yes,No,Yes,Month-to-month,Yes,Credit card (automatic),63.05,2418.27,0,23.2,1,0,0.32,Watch
Female,0,Yes,No,53,Yes,No,No,No,No,No,No,No,No,Two year,No,Electronic check,18.0,939.81,1,18.3,0,0,0.051,Healthy
Female,0,Yes,No,27,Yes,No,Fiber optic,No,No,Yes,No,No,Yes,Two year,Yes,Electronic check,74.26,1966.12,0,7.0,0,0,0.29,Watch
Male,0,No,No,69,Yes,No,No,No,No,No,No,No,No,Month-to-month,Yes,Credit card (automatic),18.0,1255.6,1,13.4,1,1,0.167,Healthy
Male,0,Yes,No,31,Yes,No,DSL,Yes,Yes,Yes,No,Yes,No,Month-to-month,Yes,Electronic check,68.34,2094.34,1,15.4,0,0,0.685,High Risk
Male,0,Yes,No,67,Yes,Yes,Fiber optic,No,Yes,No,Yes,Yes,No,One year,Yes,Electronic check,79.21,5305.44,0,15.6,0,0,0.121,Healthy
Male,0,No,Yes,48,Yes,Yes,No,No,No,No,No,No,No,Two year,Yes,Electronic check,19.15,927.92,2,26.9,0,0,0.046,Healthy
Female,1,Yes,Yes,16,No,No,Fiber optic,Yes,Yes,No,Yes,Yes,No,One year,Yes,Mailed check,85.23,1319.55,0,9.3,0,0,0.367,Watch
Female,0,No,No,60,Yes,No,DSL,No,Yes,Yes,No,No,No,Month-to-month,No,Electronic check,52.06,3101.89,0,13.8,1,0,0.377,Watch
Female,0,Yes,No,2,Yes,Yes,No,No,No,No,No,No,No,Two year,No,Electronic check,18.0,58.44,1,12.2,0,0,0.202,Watch
Female,0,No,No,13,Yes,Yes,Fiber optic,No,Yes,Yes,No,No,No,One year,Yes,Electronic check,74.22,984.8,1,12.7,2,1,0.75,Critical Risk
Female,0,No,No,56,Yes,Yes,Fiber optic,Yes,Yes,No,Yes,Yes,Yes,Month-to-month,Yes,Mailed check,95.24,5332.0,0,25.4,0,1,0.421,High Risk
Female,1,Yes,Yes,65,Yes,No,DSL,Yes,No,No,No,Yes,Yes,Month-to-month,Yes,Bank transfer (automatic),57.31,3704.26,3,15.1,1,0,0.478,High Risk
Female,0,No,No,28,Yes,Yes,No,No,No,No,No,No,No,Month-to-month,No,Credit card (automatic),21.31,650.18,0,19.2,1,0,0.402,High Risk
Female,1,Yes,No,47,Yes,Yes,No,No,No,No,No,No,No,One year,Yes,Electronic check,22.17,1049.43,4,18.5,1,0,0.234,Watch
Female,0,Yes,No,50,Yes,Yes,Fiber optic,Yes,Yes,Yes,No,No,No,Month-to-month,Yes,Bank transfer (automatic),85.4,4287.92,1,16.5,0,0,0.647,High Risk
Male,0,No,No,53,Yes,Yes,DSL,Yes,Yes,No,No,Yes,No,Two year,No,Electronic check,55.22,2914.54,1,20.4,1,0,0.106,Healthy
Female,0,No,No,66,Yes,No,Fiber optic,Yes,No,No,No,Yes,No,Month-to-month,Yes,Bank transfer (automatic),73.17,4808.58,1,18.3,2,0,0.649,High Risk
Female,1,Yes,No,6,Yes,Yes,DSL,No,Yes,No,Yes,No,Yes,Month-to-month,Yes,Electronic check,51.46,330.41,2,15.6,0,1,0.646,High Risk
Female,0,Yes,No,14,Yes,No,Fiber optic,Yes,Yes,No,No,No,Yes,Month-to-month,Yes,Mailed check,80.29,1120.92,2,12.4,3,1,0.949,Critical Risk
Male,0,Yes,No,67,No,No,Fiber optic,No,Yes,No,Yes,No,No,Month-to-month,Yes,Mailed check,76.51,5131.51,1,15.3,0,0,0.3,Watch
Male,0,No,No,39,Yes,No,DSL,No,Yes,No,Yes,Yes,Yes,One year,Yes,Credit card (automatic),59.98,2336.4,1,17.6,1,1,0.12,Healthy
Male,0,No,Yes,38,Yes,Yes,No,No,No,No,No,No,No,Month-to-month,Yes,Electronic check,18.0,713.78,1,10.8,0,0,0.446,High Risk
Female,0,Yes,Yes,29,Yes,No,Fiber optic,Yes,No,Yes,Yes,Yes,Yes,Month-to-month,Yes,Credit card (automatic),91.71,2656.31,2,15.0,0,1,0.719,Critical Risk
Female,0,No,No,26,Yes,No,Fiber optic,No,No,Yes,Yes,No,Yes,Month-to-month,Yes,Bank transfer (automatic),75.09,1963.62,0,12.0,0,0,0.633,High Risk
Female,0,Yes,No,17,No,No,Fiber optic,Yes,Yes,No,No,No,Yes,Month-to-month,Yes,Mailed check,78.2,1333.1,2,12.6,1,1,0.873,Critical Risk
Female,0,No,No,29,Yes,Yes,No,No,No,No,No,No,No,Month-to-month,No,Bank transfer (automatic),18.0,493.44,2,15.2,1,0,0.583,High Risk
Male,0,No,No,5,Yes,No,Fiber optic,Yes,Yes,No,No,Yes,Yes,Month-to-month,Yes,Mailed check,88.22,424.86,0,22.1,0,1,0.823,Critical Risk
Female,0,No,No,21,Yes,No,No,No,No,No,No,No,No,One year,No,Bank transfer (automatic),20.92,445.68,5,15.9,2,1,0.569,High Risk
Female,1,Yes,No,72,Yes,No,DSL,Yes,Yes,No,Yes,No,Yes,Two year,No,Electronic check,54.72,3932.04,1,19.8,0,0,0.016,Healthy
Male,1,Yes,No,11,Yes,No,DSL,No,No,No,No,Yes,Yes,Month-to-month,No,Bank transfer (automatic),47.37,516.49,2,19.4,0,0,0.629,High Risk
Female,0,Yes,No,53,Yes,No,Fiber optic,No,No,No,Yes,No,Yes,Month-to-month,No,Electronic check,75.11,4010.87,0,22.9,0,0,0.499,High Risk
Male,0,No,No,2,Yes,No,DSL,Yes,No,No,Yes,Yes,No,Month-to-month,No,Credit card (automatic),55.68,105.48,1,11.0,1,0,0.725,Critical Risk
Female,0,No,No,53,Yes,No,Fiber optic,No,No,Yes,Yes,No,No,Month-to-month,No,Mailed check,77.5,4151.45,1,12.7,0,0,0.5,High Risk
Female,1,Yes,No,19,Yes,Yes,Fiber optic,Yes,No,No,No,Yes,No,Month-to-month,Yes,Credit card (automatic),71.6,1356.11,1,18.4,0,0,0.701,Critical Risk
Female,0,Yes,No,51,Yes,No,DSL,No,No,No,No,Yes,Yes,One year,Yes,Electronic check,49.36,2505.87,2,18.8,0,0,0.24,Watch
Female,0,Yes,Yes,36,Yes,Yes,DSL,Yes,Yes,No,No,Yes,No,Month-to-month,Yes,Electronic check,53.35,1951.62,0,19.1,1,1,0.581,High Risk
Male,1,No,No,56,No,No,DSL,Yes,No,No,Yes,Yes,Yes,Month-to-month,Yes,Credit card (automatic),54.64,3066.11,0,14.5,2,0,0.272,Watch
Female,0,No,No,48,Yes,Yes,DSL,No,Yes,Yes,Yes,No,No,Month-to-month,Yes,Credit card (automatic),48.29,2346.14,1,27.3,0,0,0.117,Healthy
Female,0,Yes,Yes,40,Yes,No,DSL,Yes,Yes,Yes,Yes,No,Yes,Two year,No,Mailed check,63.22,2505.59,0,19.5,1,0,0.045,Healthy
Female,0,No,No,53,Yes,Yes,DSL,Yes,Yes,Yes,Yes,Yes,Yes,One year,No,Electronic check,74.87,3927.47,1,19.3,0,1,0.144,Healthy
Female,0,Yes,Yes,70,Yes,No,No,No,No,No,No,No,No,Two year,Yes,Mailed check,18.0,1207.84,1,6.9,2,0,0.039,Healthy
Male,0,No,No,43,Yes,No,DSL,No,Yes,No,Yes,No,No,Month-to-month,Yes,Credit card (automatic),49.83,2113.94,3,10.6,0,0,0.338,Watch
Female,1,Yes,No,12,Yes,No,DSL,Yes,No,No,Yes,Yes,No,Two year,No,Mailed check,57.33,660.86,3,4.5,0,0,0.199,Healthy
Male,0,Yes,Yes,8,Yes,Yes,No,No,No,No,No,No,No,Two year,Yes,Bank transfer (automatic),19.65,168.24,1,9.8,0,0,0.138,Healthy
Female,0,No,No,39,Yes,Yes,Fiber optic,No,Yes,Yes,Yes,No,No,Two year,Yes,Mailed check,72.05,2806.03,2,20.4,0,0,0.083,Healthy
Male,0,No,No,31,Yes,No,DSL,No,No,Yes,Yes,No,Yes,Month-to-month,No,Electronic check,51.52,1590.66,2,8.9,3,0,0.794,Critical Risk
Male,0,Yes,No,44,Yes,Yes,No,No,No,No,No,No,No,Month-to-month,No,Bank transfer (automatic),18.0,766.01,0,16.1,1,0,0.289,Watch
Male,0,No,No,48,Yes,Yes,No,No,No,No,No,No,No,Two year,Yes,Electronic check,18.0,881.78,1,10.4,0,1,0.048,Healthy
Female,0,No,Yes,13,No,No,Fiber optic,Yes,No,Yes,No,Yes,Yes,Month-to-month,No,Mailed check,90.88,1195.55,2,16.3,0,1,0.882,Critical Risk
Male,0,Yes,Yes,54,No,No,Fiber optic,No,No,No,No,Yes,No,One year,Yes,Credit card (automatic),65.82,3522.19,2,10.4,0,0,0.243,Watch
Male,0,No,No,72,Yes,Yes,Fiber optic,Yes,Yes,No,Yes,No,No,Month-to-month,No,Electronic check,84.89,6104.64,1,16.6,0,0,0.39,Watch
Female,0,No,No,23,Yes,No,No,No,No,No,No,No,No,Month-to-month,Yes,Mailed check,18.0,397.79,1,8.6,0,0,0.485,High Risk
Male,0,Yes,No,67,Yes,Yes,Fiber optic,Yes,Yes,No,No,No,No,Month-to-month,Yes,Electronic check,77.76,5244.96,1,11.3,0,0,0.554,High Risk
Male,1,No,Yes,67,Yes,No,No,No,No,No,No,No,No,Two year,Yes,Electronic check,18.0,1210.42,0,6.3,0,0,0.023,Healthy
Male,0,No,No,30,Yes,Yes,DSL,No,No,No,No,No,No,Month-to-month,Yes,Mailed check,35.24,1056.98,3,7.2,1,0,0.711,Critical Risk
Male,0,Yes,No,58,Yes,No,Fiber optic,Yes,Yes,Yes,Yes,No,Yes,Month-to-month,Yes,Electronic check,92.0,5340.21,3,13.7,1,0,0.746,Critical Risk
Female,0,No,No,68,Yes,Yes,No,No,No,No,No,No,No,Two year,Yes,Electronic check,22.49,1533.16,2,11.3,2,0,0.079,Healthy
Female,1,Yes,Yes,62,Yes,No,DSL,No,Yes,No,No,No,Yes,Two year,No,Credit card (automatic),52.42,3255.51,0,7.6,0,0,0.02,Healthy
Female,0,No,No,28,Yes,Yes,DSL,No,Yes,Yes,Yes,Yes,No,Two year,No,Electronic check,58.69,1600.86,0,11.2,1,0,0.116,Healthy
Male,0,No,No,48,Yes,Yes,Fiber optic,Yes,No,Yes,Yes,Yes,Yes,Month-to-month,Yes,Bank transfer (automatic),93.34,4480.37,3,2.7,1,0,0.762,Critical Risk
Male,0,Yes,Yes,43,Yes,No,Fiber optic,Yes,No,No,Yes,Yes,Yes,One year,Yes,Mailed check,85.73,3745.0,1,9.9,0,0,0.279,Watch
Male,0,No,No,30,Yes,Yes,Fiber optic,No,No,Yes,Yes,No,No,Month-to-month,Yes,Mailed check,76.65,2280.34,0,14.4,0,0,0.587,High Risk
Male,0,Yes,No,46,Yes,Yes,No,No,No,No,No,No,No,Two year,Yes,Mailed check,20.32,953.32,0,10.8,0,0,0.03,Healthy
Female,1,No,Yes,68,Yes,No,DSL,Yes,No,Yes,Yes,No,No,One year,Yes,Mailed check,57.72,3937.15,2,9.6,0,0,0.066,Healthy
Female,0,No,Yes,1,Yes,No,Fiber optic,Yes,No,Yes,Yes,No,Yes,Two year,Yes,Electronic check,87.25,85.28,0,9.6,1,1,0.513,High Risk
Male,0,Yes,No,65,Yes,Yes,Fiber optic,Yes,No,No,Yes,No,Yes,Month-to-month,No,Credit card (automatic),78.73,5098.66,2,18.8,0,0,0.346,Watch
Female,0,No,Yes,26,Yes,Yes,DSL,Yes,Yes,Yes,Yes,Yes,Yes,Two year,No,Electronic check,72.41,1893.49,2,5.9,0,0,0.195,Healthy
Female,0,Yes,Yes,60,Yes,No,DSL,No,Yes,No,No,No,No,Month-to-month,No,Bank transfer (automatic),46.7,2794.4,0,8.5,0,1,0.262,Watch
Male,0,No,No,7,Yes,Yes,Fiber optic,No,Yes,Yes,Yes,Yes,No,Month-to-month,Yes,Bank transfer (automatic),87.83,612.77,0,9.1,0,0,0.759,Critical Risk
Female,0,No,No,65,Yes,Yes,Fiber optic,No,Yes,No,No,No,Yes,Two year,No,Electronic check,72.79,4740.15,1,20.4,2,0,0.144,Healthy
Male,0,No,No,32,Yes,No,Fiber optic,No,No,Yes,No,No,Yes,Month-to-month,No,Electronic check,67.27,2133.62,0,23.8,0,0,0.638,High Risk
Male,0,Yes,No,66,Yes,Yes,Fiber optic,No,Yes,Yes,No,Yes,No,Month-to-month,No,Credit card (automatic),84.42,5564.3,2,19.8,0,0,0.383,Watch
Female,0,No,No,31,Yes,Yes,Fiber optic,No,No,No,Yes,Yes,No,Month-to-month,Yes,Electronic check,74.46,2322.51,0,11.5,1,1,0.775,Critical Risk
Female,0,No,No,54,Yes,No,DSL,No,No,No,No,No,No,Month-to-month,Yes,Mailed check,40.52,2187.33,1,17.6,0,0,0.347,Watch
Male,0,No,Yes,43,Yes,No,DSL,Yes,No,Yes,Yes,Yes,Yes,One year,Yes,Electronic check,61.69,2616.13,2,14.8,0,0,0.189,Healthy
Female,0,No,No,14,Yes,Yes,Fiber optic,Yes,Yes,No,Yes,Yes,No,Two year,Yes,Mailed check,88.85,1251.74,1,12.2,1,0,0.376,Watch
Female,0,No,No,18,No,No,Fiber optic,No,No,No,No,Yes,Yes,One year,No,Electronic check,76.09,1381.15,3,19.6,1,1,0.75,Critical Risk
Female,0,Yes,No,39,Yes,No,No,No,No,No,No,No,No,One year,No,Credit card (automatic),18.0,715.65,3,4.3,0,0,0.154,Healthy
Male,0,Yes,No,35,Yes,No,Fiber optic,No,No,No,Yes,No,Yes,Month-to-month,Yes,Electronic check,81.0,2830.79,0,18.7,0,1,0.668,High Risk
Female,1,No,No,44,No,No,Fiber optic,Yes,No,No,No,No,No,Month-to-month,Yes,Credit card (automatic),66.83,2921.42,0,18.0,0,0,0.388,Watch
Female,0,Yes,No,58,Yes,No,No,No,No,No,No,No,No,Month-to-month,Yes,Mailed check,22.08,1256.08,2,9.2,1,0,0.411,High Risk
Female,0,No,No,56,Yes,Yes,Fiber optic,Yes,Yes,Yes,No,No,No,Two year,Yes,Mailed check,90.73,5073.0,3,9.9,0,0,0.217,Watch
Female,1,No,No,4,Yes,Yes,Fiber optic,Yes,No,Yes,Yes,Yes,No,Month-to-month,Yes,Bank transfer (automatic),83.3,347.76,2,10.2,0,0,0.838,Critical Risk
Female,0,No,Yes,36,Yes,Yes,No,No,No,No,No,No,No,Month-to-month,Yes,Bank transfer (automatic),18.0,633.96,1,19.8,1,0,0.43,High Risk
Female,0,No,No,10,Yes,No,DSL,No,Yes,No,No,Yes,Yes,Two year,Yes,Credit card (automatic),55.87,594.84,1,15.5,1,0,0.167,Healthy
Female,0,No,Yes,37,Yes,Yes,Fiber optic,Yes,Yes,No,No,No,No,Two year,No,Electronic check,77.19,2844.22,1,8.2,1,0,0.329,Watch
Female,1,No,No,39,Yes,Yes,Fiber optic,No,No,Yes,No,No,Yes,One year,Yes,Mailed check,75.13,2958.05,4,17.6,4,1,0.723,Critical Risk
Male,0,No,Yes,72,Yes,No,Fiber optic,Yes,Yes,No,No,No,Yes,One year,Yes,Credit card (automatic),87.51,6308.72,0,10.8,1,0,0.15,Healthy
Male,0,Yes,No,28,Yes,Yes,No,No,No,No,No,No,No,Month-to-month,No,Electronic check,18.0,493.33,0,7.5,2,0,0.679,High Risk
Female,0,Yes,No,33,Yes,No,DSL,Yes,No,No,Yes,Yes,No,One year,Yes,Electronic check,55.17,1797.2,0,19.1,0,0,0.201,Watch
Female,0,Yes,No,37,Yes,Yes,DSL,No,No,No,Yes,Yes,Yes,One year,Yes,Electronic check,51.36,1910.5,0,16.3,0,0,0.139,Healthy
Female,1,No,No,9,Yes,No,DSL,Yes,No,Yes,No,Yes,Yes,Month-to-month,No,Electronic check,64.34,576.4,0,13.8,1,0,0.78,Critical Risk
Male,0,Yes,Yes,4,Yes,Yes,No,No,No,No,No,No,No,Month-to-month,Yes,Electronic check,18.0,57.06,1,24.4,0,0,0.653,High Risk
Female,0,No,No,51,No,No,DSL,No,Yes,No,Yes,No,Yes,Month-to-month,Yes,Electronic check,54.67,2789.25,1,12.6,1,0,0.46,High Risk
Male,1,No,No,21,No,No,Fiber optic,No,No,Yes,No,Yes,No,One year,No,Electronic check,75.04,1580.48,0,7.3,0,0,0.453,High Risk
Male,0,Yes,No,26,Yes,Yes,DSL,Yes,No,No,Yes,No,No,Month-to-month,No,Electronic check,48.32,1238.51,0,17.0,2,0,0.696,High Risk
Male,0,No,No,72,Yes,Yes,Fiber optic,No,No,No,Yes,Yes,No,One year,Yes,Credit card (automatic),75.32,5425.14,1,21.1,0,0,0.067,Healthy
Male,0,Yes,No,18,Yes,Yes,Fiber optic,No,Yes,Yes,No,Yes,No,Month-to-month,Yes,Bank transfer (automatic),78.13,1362.58,1,19.0,0,1,0.75,Critical Risk
Female,0,No,Yes,66,Yes,No,DSL,No,Yes,No,No,Yes,Yes,One year,Yes,Electronic check,53.78,3522.3,1,17.4,1,0,0.135,Healthy
Female,0,Yes,No,45,Yes,Yes,Fiber optic,No,No,No,No,Yes,No,Two year,Yes,Credit card (automatic),66.71,3020.23,1,9.0,1,0,0.134,Healthy
Male,0,Yes,Yes,19,Yes,No,DSL,Yes,No,No,No,No,No,One year,Yes,Bank transfer (automatic),45.47,856.1,1,5.7,0,0,0.365,Watch
Female,0,Yes,No,69,Yes,No,DSL,No,Yes,Yes,Yes,Yes,Yes,Month-to-month,Yes,Electronic check,63.55,4397.94,0,14.0,1,0,0.228,Watch
Male,0,No,No,45,Yes,No,Fiber optic,No,No,Yes,No,No,No,Two year,Yes,Bank transfer (automatic),69.88,3155.24,2,8.0,1,0,0.211,Watch
Male,0,Yes,No,22,Yes,No,Fiber optic,Yes,Yes,Yes,No,No,No,One year,No,Credit card (automatic),81.32,1808.15,2,11.0,0,1,0.443,High Risk
Female,1,No,Yes,32,Yes,No,DSL,No,No,Yes,Yes,No,Yes,Two year,Yes,Electronic check,58.57,1887.62,1,12.7,0,0,0.092,Healthy
Male,0,No,No,27,Yes,Yes,Fiber optic,Yes,Yes,Yes,No,Yes,Yes,Month-to-month,No,Credit card (automatic),101.04,2745.38,1,20.3,0,1,0.746,Critical Risk
Female,0,Yes,No,61,Yes,No,Fiber optic,Yes,No,No,No,Yes,No,Month-to-month,Yes,Mailed check,71.61,4338.34,1,19.7,0,1,0.503,High Risk
Male,0,Yes,No,33,No,No,No,No,No,No,No,No,No,Two year,Yes,Mailed check,18.0,626.4,1,4.3,1,0,0.096,Healthy
Male,0,Yes,No,2,No,No,Fiber optic,Yes,No,No,No,Yes,Yes,Two year,No,Electronic check,81.13,173.95,0,19.9,2,0,0.616,High Risk
Female,0,No,No,50,Yes,Yes,No,No,No,No,No,No,No,Month-to-month,Yes,Electronic check,18.0,949.62,2,13.3,0,0,0.461,High Risk
Female,0,No,Yes,55,Yes,No,Fiber optic,No,No,No,Yes,No,No,Two year,No,Mailed check,68.95,3788.86,2,10.5,2,0,0.193,Healthy
Male,0,Yes,No,28,Yes,No,No,No,No,No,No,No,No,One year,Yes,Credit card (automatic),18.0,486.81,3,14.7,1,0,0.273,Watch
Male,1,No,Yes,67,Yes,Yes,DSL,No,No,No,No,No,No,Month-to-month,Yes,Bank transfer (automatic),36.92,2496.14,4,11.5,0,0,0.328,Watch
Female,0,No,No,31,Yes,No,Fiber optic,Yes,Yes,Yes,Yes,Yes,No,Month-to-month,No,Credit card (automatic),87.98,2744.26,0,9.7,0,1,0.547,High Risk
Male,0,No,No,19,Yes,Yes,Fiber optic,No,No,Yes,No,No,No,One year,Yes,Bank transfer (automatic),68.34,1264.0,1,16.1,0,0,0.441,High Risk
Male,0,Yes,Yes,51,Yes,No,Fiber optic,No,No,No,Yes,Yes,Yes,Month-to-month,No,Credit card (automatic),80.55,4106.42,0,17.5,2,1,0.582,High Risk
Female,0,Yes,Yes,9,Yes,No,No,No,No,No,No,No,No,One year,Yes,Electronic check,19.65,164.12,1,19.0,0,0,0.325,Watch
Male,0,Yes,No,71,Yes,Yes,Fiber optic,No,Yes,No,No,Yes,Yes,Two year,No,Credit card (automatic),87.26,6185.08,5,13.3,0,0,0.119,Healthy
Female,0,No,No,49,Yes,Yes,DSL,Yes,Yes,Yes,Yes,Yes,Yes,Month-to-month,Yes,Credit card (automatic),74.51,3652.34,0,26.9,0,1,0.224,Watch
Male,0,No,No,23,Yes,Yes,Fiber optic,Yes,No,No,Yes,No,Yes,Two year,Yes,Bank transfer (automatic),77.83,1771.51,0,17.3,0,0,0.153,Healthy
Female,0,Yes,No,5,Yes,No,Fiber optic,No,No,Yes,Yes,No,Yes,One year,Yes,Bank transfer (automatic),86.45,453.84,2,12.6,1,1,0.686,High Risk
Female,0,Yes,No,42,Yes,Yes,DSL,Yes,Yes,No,No,Yes,Yes,One year,No,Bank transfer (automatic),69.31,2894.91,0,20.8,0,0,0.143,Healthy
Male,0,No,No,42,Yes,No,DSL,No,No,No,Yes,Yes,Yes,Month-to-month,No,Electronic check,57.77,2410.22,2,7.9,1,0,0.617,High Risk
Male,1,Yes,No,57,Yes,Yes,Fiber optic,No,Yes,Yes,No,No,No,One year,Yes,Electronic check,72.99,4134.99,3,7.4,1,0,0.417,High Risk
Male,0,No,Yes,20,Yes,Yes,DSL,No,Yes,Yes,Yes,Yes,No,Two year,Yes,Credit card (automatic),57.25,1150.97,2,15.3,0,0,0.074,Healthy
Female,0,Yes,No,15,Yes,No,DSL,No,Yes,No,Yes,No,No,Month-to-month,Yes,Electronic check,48.04,697.0,1,1.6,1,0,0.753,Critical Risk
Female,0,Yes,Yes,30,Yes,No,No,No,No,No,No,No,No,Month-to-month,No,Electronic check,18.0,551.28,1,11.7,0,0,0.542,High Risk
Female,0,No,No,59,Yes,No,No,No,No,No,No,No,No,One year,Yes,Bank transfer (automatic),18.0,1084.11,0,16.6,3,0,0.148,Healthy
Male,0,Yes,No,66,Yes,No,Fiber optic,No,No,No,No,No,No,Two year,No,Mailed check,65.95,4342.49,3,21.5,0,0,0.094,Healthy
Male,0,No,Yes,25,Yes,No,No,No,No,No,No,No,No,Month-to-month,No,Credit card (automatic),18.0,478.9,1,13.4,0,0,0.425,High Risk
Female,0,Yes,No,3,No,No,No,No,No,No,No,No,No,Month-to-month,Yes,Bank transfer (automatic),20.87,56.94,2,21.7,0,0,0.656,High Risk
Female,0,Yes,Yes,8,Yes,Yes,Fiber optic,No,Yes,No,Yes,No,No,Two year,No,Credit card (automatic),76.77,637.23,3,6.1,0,0,0.299,Watch
Female,0,No,No,39,Yes,Yes,Fiber optic,No,No,Yes,Yes,No,Yes,Month-to-month,No,Bank transfer (automatic),85.57,3353.65,2,15.4,2,0,0.774,Critical Risk
Male,0,Yes,No,1,Yes,Yes,No,No,No,No,No,No,No,Month-to-month,Yes,Bank transfer (automatic),20.14,7.34,1,20.0,0,0,0.627,High Risk
Male,0,No,No,52,Yes,Yes,Fiber optic,No,No,Yes,Yes,No,No,Month-to-month,Yes,Mailed check,68.96,3588.01,1,22.8,0,0,0.399,Watch
Male,0,No,No,2,Yes,No,DSL,Yes,Yes,No,No,No,Yes,Month-to-month,No,Electronic check,48.52,101.59,1,11.0,0,1,0.776,Critical Risk
Male,0,No,No,30,Yes,Yes,DSL,Yes,Yes,Yes,No,No,Yes,Month-to-month,Yes,Electronic check,62.3,1851.28,2,20.0,0,0,0.663,High Risk
Male,0,Yes,No,58,Yes,Yes,Fiber optic,Yes,No,Yes,No,No,Yes,Month-to-month,Yes,Bank transfer (automatic),85.34,4927.53,0,24.1,0,0,0.487,High Risk
Female,0,Yes,Yes,34,Yes,No,DSL,Yes,No,No,No,Yes,No,One year,Yes,Bank transfer (automatic),48.51,1637.81,5,9.7,1,0,0.56,High Risk
Male,0,Yes,No,49,Yes,Yes,DSL,Yes,Yes,No,No,Yes,No,Month-to-month,No,Electronic check,55.04,2682.65,0,18.6,1,0,0.537,High Risk
Female,1,No,No,24,Yes,No,Fiber optic,Yes,No,Yes,Yes,No,No,Month-to-month,No,Mailed check,82.47,1929.88,3,10.4,0,0,0.764,Critical Risk
Female,0,Yes,Yes,57,Yes,Yes,DSL,No,Yes,Yes,Yes,No,No,Month-to-month,No,Electronic check,57.45,3317.82,3,13.3,2,0,0.587,High Risk
Female,0,Yes,Yes,31,Yes,Yes,DSL,No,No,Yes,No,No,No,Month-to-month,Yes,Bank transfer (automatic),42.61,1311.27,1,22.7,1,0,0.538,High Risk
Female,0,No,Yes,54,Yes,No,No,No,No,No,No,No,No,Two year,Yes,Credit card (automatic),18.0,997.84,2,7.7,0,0,0.041,Healthy
Male,0,Yes,Yes,69,Yes,No,DSL,No,No,Yes,No,No,No,Month-to-month,No,Mailed check,48.61,3365.85,0,15.9,0,0,0.168,Healthy
Female,0,No,Yes,27,Yes,Yes,Fiber optic,No,No,Yes,No,Yes,Yes,Month-to-month,No,Bank transfer (automatic),75.56,2024.96,1,8.9,1,0,0.817,Critical Risk
Male,0,Yes,No,16,No,No,Fiber optic,No,Yes,Yes,No,No,No,Month-to-month,Yes,Mailed check,70.85,1150.09,0,28.6,1,1,0.704,Critical Risk
Female,1,No,No,68,Yes,No,No,No,No,No,No,No,No,Month-to-month,No,Mailed check,18.0,1206.87,1,12.2,0,0,0.135,Healthy
Female,0,No,No,49,Yes,No,DSL,Yes,No,Yes,No,No,Yes,One year,No,Bank transfer (automatic),58.89,2924.25,4,14.8,1,1,0.399,Watch
Female,1,Yes,Yes,64,Yes,Yes,DSL,No,Yes,Yes,Yes,Yes,Yes,Month-to-month,No,Electronic check,66.87,4266.55,3,19.3,0,0,0.287,Watch
Male,0,No,No,27,Yes,Yes,Fiber optic,Yes,No,No,No,Yes,No,One year,Yes,Electronic check,73.06,1957.34,3,11.4,0,0,0.704,Critical Risk
Male,0,No,No,25,Yes,No,Fiber optic,Yes,No,Yes,Yes,No,No,Month-to-month,No,Bank transfer (automatic),86.41,2184.32,0,10.9,1,1,0.8,Critical Risk
Male,0,Yes,Yes,9,Yes,No,No,No,No,No,No,No,No,Two year,Yes,Bank transfer (automatic),20.45,182.75,0,17.3,1,0,0.138,Healthy
Male,0,No,No,56,Yes,No,DSL,Yes,Yes,No,No,Yes,Yes,Two year,No,Bank transfer (automatic),69.01,3896.51,1,20.1,0,0,0.066,Healthy
Female,0,No,No,61,Yes,No,DSL,Yes,No,No,Yes,Yes,No,Two year,No,Electronic check,53.52,3247.04,2,10.3,1,0,0.091,Healthy
Male,0,No,Yes,59,Yes,No,DSL,No,Yes,Yes,No,No,Yes,Two year,No,Mailed check,56.64,3383.54,2,13.3,1,0,0.065,Healthy
Male,0,No,No,21,Yes,No,Fiber optic,No,No,Yes,No,No,Yes,One year,Yes,Mailed check,72.75,1504.51,2,15.6,0,0,0.474,High Risk
Female,0,Yes,No,35,Yes,Yes,DSL,Yes,Yes,Yes,No,No,Yes,Month-to-month,Yes,Credit card (automatic),66.32,2331.79,1,19.0,2,0,0.591,High Risk
Male,0,Yes,No,36,Yes,No,DSL,Yes,No,No,Yes,Yes,Yes,Month-to-month,Yes,Bank transfer (automatic),64.01,2290.34,1,13.3,1,1,0.58,High Risk
Female,0,Yes,No,8,Yes,Yes,Fiber optic,Yes,No,No,Yes,No,No,Month-to-month,Yes,Mailed check,72.94,582.54,1,8.9,0,1,0.8,Critical Risk
Male,0,Yes,No,0,Yes,No,DSL,Yes,Yes,Yes,Yes,Yes,No,Two year,Yes,Mailed check,70.82,25.69,1,6.0,0,0,0.221,Watch
Male,1,Yes,No,24,Yes,Yes,DSL,Yes,Yes,No,Yes,No,No,One year,No,Electronic check,59.05,1401.44,0,9.6,1,0,0.259,Watch
Female,0,Yes,No,37,Yes,Yes,DSL,Yes,No,Yes,No,No,No,Month-to-month,Yes,Electronic check,48.21,1819.06,1,17.4,1,0,0.619,High Risk
Female,0,Yes,No,72,Yes,Yes,No,No,No,No,No,No,No,Month-to-month,Yes,Bank transfer (automatic),20.83,1514.77,2,14.4,1,0,0.238,Watch
Female,0,No,No,63,Yes,No,Fiber optic,No,No,Yes,Yes,Yes,No,Month-to-month,No,Mailed check,81.18,5076.92,1,13.5,2,0,0.564,High Risk
Female,0,Yes,No,52,Yes,Yes,Fiber optic,Yes,Yes,Yes,Yes,No,Yes,Two year,Yes,Electronic check,94.89,4927.37,1,13.6,0,0,0.153,Healthy
Male,0,No,No,70,Yes,No,Fiber optic,Yes,No,Yes,Yes,No,Yes,Month-to-month,No,Mailed check,83.26,5830.69,1,15.7,1,0,0.383,Watch
Female,0,No,Yes,56,Yes,No,No,No,No,No,No,No,No,Two year,Yes,Bank transfer (automatic),18.0,1011.72,2,17.8,0,0,0.042,Healthy
Male,0,No,Yes,38,Yes,No,DSL,No,Yes,Yes,No,Yes,No,One year,No,Electronic check,54.75,2060.65,2,8.0,0,0,0.269,Watch
Female,0,Yes,Yes,66,Yes,Yes,DSL,Yes,Yes,Yes,No,No,No,Two year,Yes,Bank transfer (automatic),55.49,3650.05,0,1.3,0,0,0.032,Healthy
Male,0,No,No,67,Yes,No,No,No,No,No,No,No,No,One year,Yes,Mailed check,18.77,1232.75,1,11.7,1,0,0.072,Healthy
Female,1,No,No,14,Yes,No,Fiber optic,Yes,Yes,Yes,No,Yes,Yes,Month-to-month,No,Electronic check,90.95,1304.03,5,8.6,1,1,0.961,Critical Risk
Male,1,No,No,20,Yes,Yes,No,No,No,No,No,No,No,Month-to-month,No,Credit card (automatic),18.0,324.91,3,6.2,0,0,0.511,High Risk
Female,0,Yes,No,70,Yes,No,Fiber optic,Yes,No,Yes,Yes,Yes,No,Two year,Yes,Electronic check,87.43,6085.43,0,13.1,0,0,0.066,Healthy
Female,0,Yes,No,0,Yes,No,Fiber optic,Yes,No,Yes,Yes,Yes,Yes,One year,Yes,Electronic check,91.84,0.0,1,6.8,0,1,0.718,Critical Risk
Female,0,No,No,37,Yes,No,Fiber optic,Yes,Yes,No,No,Yes,Yes,One year,Yes,Mailed check,86.75,3198.04,1,25.2,2,0,0.5,High Risk
Female,0,Yes,Yes,27,Yes,No,DSL,No,Yes,Yes,Yes,Yes,No,Month-to-month,No,Electronic check,62.56,1676.15,0,11.6,0,0,0.529,High Risk
Male,0,No,No,54,Yes,No,No,No,No,No,No,No,No,Month-to-month,Yes,Electronic check,18.0,967.19,0,11.5,0,0,0.321,Watch
Male,0,No,No,69,Yes,No,Fiber optic,Yes,No,Yes,No,Yes,No,One year,Yes,Bank transfer (automatic),74.18,5141.31,2,26.5,0,0,0.152,Healthy
Female,0,No,No,23,Yes,Yes,DSL,No,Yes,No,Yes,No,No,Two year,No,Electronic check,52.4,1188.02,3,19.9,1,0,0.194,Healthy
Male,0,No,No,16,Yes,Yes,DSL,Yes,Yes,No,No,Yes,Yes,Month-to-month,Yes,Credit card (automatic),60.32,953.18,3,14.3,1,0,0.773,Critical Risk
Male,0,No,No,24,Yes,Yes,Fiber optic,No,Yes,Yes,Yes,Yes,No,Month-to-month,Yes,Credit card (automatic),89.95,2172.58,0,10.1,0,1,0.571,High Risk
Male,1,No,No,52,Yes,No,DSL,No,No,No,No,Yes,Yes,Month-to-month,Yes,Credit card (automatic),49.4,2600.67,3,12.7,0,0,0.413,High Risk
Female,1,No,No,26,Yes,Yes,DSL,No,Yes,No,Yes,No,Yes,Two year,No,Bank transfer (automatic),61.87,1624.54,3,21.5,0,0,0.11,Healthy
Male,0,Yes,Yes,46,Yes,No,DSL,Yes,No,Yes,Yes,Yes,No,One year,Yes,Mailed check,54.1,2444.8,0,12.1,1,0,0.101,Healthy
Male,0,No,No,25,Yes,No,No,No,No,No,No,No,No,One year,No,Bank transfer (automatic),18.0,451.32,0,16.7,0,0,0.161,Healthy
Female,0,No,No,54,Yes,Yes,Fiber optic,Yes,No,Yes,Yes,No,No,Month-to-month,Yes,Bank transfer (automatic),84.53,4590.62,1,16.6,0,0,0.54,High Risk
Male,0,No,No,4,Yes,Yes,DSL,Yes,Yes,No,Yes,Yes,Yes,Month-to-month,Yes,Credit card (automatic),61.47,204.97,1,19.4,0,0,0.538,High Risk
Male,0,Yes,No,25,Yes,No,DSL,No,Yes,No,Yes,Yes,No,Month-to-month,Yes,Electronic check,57.21,1430.48,0,11.5,1,1,0.659,High Risk
Male,1,Yes,No,22,No,No,Fiber optic,No,Yes,Yes,Yes,No,Yes,One year,No,Electronic check,83.98,1841.2,1,23.5,1,0,0.374,Watch
Female,0,No,No,43,Yes,Yes,Fiber optic,Yes,No,No,Yes,Yes,Yes,Month-to-month,Yes,Bank transfer (automatic),90.46,3931.81,1,10.8,1,0,0.713,Critical Risk
Male,0,Yes,No,47,Yes,No,DSL,Yes,Yes,Yes,No,No,Yes,Two year,Yes,Electronic check,59.59,2807.78,0,22.3,1,0,0.067,Healthy
Female,1,No,Yes,53,Yes,Yes,No,No,No,No,No,No,No,One year,Yes,Credit card (automatic),20.12,1078.1,0,15.7,0,0,0.048,Healthy
Male,0,No,No,65,Yes,Yes,DSL,Yes,No,Yes,No,No,No,Month-to-month,Yes,Electronic check,49.59,3246.47,0,14.6,0,1,0.284,Watch
Male,0,Yes,Yes,58,Yes,Yes,DSL,Yes,No,Yes,Yes,Yes,No,Month-to-month,Yes,Bank transfer (automatic),59.01,3367.0,3,15.5,2,0,0.554,High Risk
Male,0,Yes,No,3,Yes,No,DSL,No,No,Yes,No,No,No,Month-to-month,Yes,Credit card (automatic),45.85,148.74,1,17.3,0,1,0.627,High Risk
Male,0,No,No,49,Yes,Yes,No,No,No,No,No,No,No,Month-to-month,Yes,Electronic check,18.94,912.81,1,19.4,0,0,0.39,Watch
Male,0,Yes,No,1,Yes,No,No,No,No,No,No,No,No,Two year,No,Bank transfer (automatic),18.0,0.0,1,26.8,1,0,0.166,Healthy
Male,0,No,No,30,Yes,No,Fiber optic,No,Yes,Yes,No,No,No,Two year,Yes,Credit card (automatic),79.56,2378.55,0,6.4,0,0,0.156,Healthy
Male,0,No,No,43,Yes,Yes,Fiber optic,Yes,Yes,Yes,Yes,Yes,No,Month-to-month,No,Credit card (automatic),100.54,4318.58,1,13.4,1,1,0.605,High Risk
Female,0,No,No,23,Yes,Yes,DSL,No,No,No,No,No,No,Month-to-month,Yes,Electronic check,33.1,767.9,2,14.7,0,1,0.648,High Risk
Female,0,Yes,No,51,Yes,No,DSL,No,Yes,No,No,No,Yes,Month-to-month,Yes,Electronic check,52.49,2694.27,0,21.9,1,1,0.481,High Risk
Female,0,Yes,No,58,Yes,Yes,DSL,Yes,Yes,No,Yes,No,No,Month-to-month,No,Electronic check,55.97,3276.77,3,10.7,0,1,0.459,High Risk
Female,1,No,Yes,44,Yes,Yes,No,No,No,No,No,No,No,Month-to-month,Yes,Electronic check,18.0,776.19,1,13.7,0,0,0.32,Watch
Female,0,Yes,No,38,Yes,Yes,Fiber optic,Yes,Yes,No,Yes,No,Yes,Month-to-month,No,Electronic check,84.35,3204.8,0,24.5,1,0,0.639,High Risk
Female,0,Yes,No,71,Yes,Yes,Fiber optic,Yes,Yes,Yes,Yes,Yes,Yes,Month-to-month,No,Mailed check,97.72,6884.3,1,12.4,1,0,0.404,High Risk
Female,0,No,No,47,Yes,No,No,No,No,No,No,No,No,Month-to-month,Yes,Electronic check,24.36,1127.09,0,7.8,1,0,0.439,High Risk
Male,0,Yes,No,16,No,No,DSL,No,Yes,Yes,No,No,Yes,Month-to-month,Yes,Electronic check,56.62,914.3,0,26.3,1,1,0.653,High Risk
Female,0,Yes,Yes,47,Yes,No,DSL,Yes,Yes,Yes,No,No,Yes,Month-to-month,Yes,Credit card (automatic),66.07,3120.65,1,1.6,0,1,0.372,Watch
Male,0,No,No,35,Yes,Yes,Fiber optic,No,No,Yes,No,Yes,No,One year,No,Bank transfer (automatic),78.48,2801.17,0,10.9,1,0,0.416,High Risk
Female,0,Yes,No,1,Yes,No,No,No,No,No,No,No,No,Month-to-month,Yes,Electronic check,18.0,13.67,2,19.0,0,0,0.744,Critical Risk
Female,0,Yes,No,66,Yes,No,DSL,No,No,No,Yes,Yes,Yes,Month-to-month,No,Electronic check,55.56,3650.82,3,16.3,1,0,0.446,High Risk
Male,0,Yes,No,58,Yes,No,DSL,Yes,Yes,Yes,Yes,Yes,No,One year,No,Mailed check,68.91,3994.22,2,12.9,0,0,0.111,Healthy
Male,0,No,Yes,45,Yes,No,DSL,No,Yes,Yes,No,No,Yes,One year,Yes,Bank transfer (automatic),56.45,2536.03,1,5.7,2,0,0.24,Watch
Male,0,No,No,49,No,No,No,No,No,No,No,No,No,Two year,Yes,Electronic check,18.0,861.03,1,14.8,1,0,0.086,Healthy
Male,0,No,No,42,Yes,No,DSL,Yes,No,No,Yes,No,No,Month-to-month,No,Mailed check,47.29,1995.71,3,8.3,0,0,0.459,High Risk
Female,0,No,No,25,Yes,Yes,Fiber optic,No,Yes,No,Yes,No,No,Month-to-month,Yes,Mailed check,76.92,1895.85,2,13.3,0,0,0.744,Critical Risk
Female,0,Yes,Yes,68,Yes,Yes,No,No,No,No,No,No,No,Month-to-month,Yes,Bank transfer (automatic),18.0,1233.36,2,10.3,0,0,0.211,Watch
Female,0,No,Yes,40,Yes,Yes,Fiber optic,Yes,No,No,Yes,No,No,Month-to-month,No,Mailed check,72.55,2904.99,0,11.9,1,0,0.587,High Risk
Female,0,Yes,No,24,Yes,Yes,DSL,Yes,Yes,Yes,Yes,No,Yes,Month-to-month,No,Mailed check,68.33,1646.2,1,11.5,0,1,0.471,High Risk
Male,0,No,No,49,Yes,No,DSL,No,Yes,No,Yes,No,No,Month-to-month,Yes,Electronic check,50.32,2479.47,1,22.6,0,0,0.37,Watch
Male,0,No,No,11,Yes,Yes,DSL,No,No,No,Yes,Yes,No,One year,Yes,Electronic check,42.17,493.85,5,28.9,0,0,0.429,High Risk
Female,0,Yes,Yes,23,Yes,Yes,No,No,No,No,No,No,No,Month-to-month,No,Mailed check,18.0,415.13,2,11.2,0,1,0.509,High Risk
Female,0,No,No,9,Yes,Yes,No,No,No,No,No,No,No,Month-to-month,Yes,Mailed check,20.17,182.57,3,22.8,0,0,0.639,High Risk
Female,0,No,No,6,Yes,No,DSL,No,No,Yes,Yes,Yes,No,Month-to-month,Yes,Bank transfer (automatic),56.93,348.48,1,7.1,1,1,0.742,Critical Risk
Male,0,Yes,No,59,Yes,Yes,Fiber optic,No,Yes,No,Yes,No,No,One year,Yes,Electronic check,73.27,4316.05,2,20.4,2,0,0.348,Watch
Female,0,No,No,31,Yes,Yes,DSL,Yes,No,Yes,No,No,No,Month-to-month,Yes,Bank transfer (automatic),49.15,1546.9,1,16.4,0,0,0.531,High Risk
Female,0,No,Yes,62,Yes,Yes,Fiber optic,Yes,Yes,Yes,No,No,No,Month-to-month,Yes,Mailed check,82.96,5116.83,1,4.5,2,0,0.697,High Risk
Male,0,Yes,Yes,46,No,No,Fiber optic,No,No,No,Yes,Yes,No,Two year,Yes,Electronic check,70.69,3260.54,2,9.5,1,0,0.195,Healthy
Male,0,Yes,Yes,17,Yes,No,No,No,No,No,No,No,No,Month-to-month,No,Electronic check,18.0,300.31,1,11.3,3,0,0.832,Critical Risk
Male,0,No,No,15,Yes,No,Fiber optic,No,No,No,No,Yes,No,One year,Yes,Mailed check,68.68,1041.95,2,15.8,1,0,0.67,High Risk
Male,0,Yes,No,33,Yes,Yes,DSL,Yes,No,No,No,Yes,Yes,One year,Yes,Bank transfer (automatic),59.53,1948.48,3,15.5,0,0,0.372,Watch
Male,0,Yes,Yes,6,Yes,No,Fiber optic,Yes,No,No,No,No,No,Month-to-month,No,Credit card (automatic),69.1,458.33,2,11.1,0,0,0.852,Critical Risk
Female,0,No,No,42,Yes,Yes,No,No,No,No,No,No,No,Two year,Yes,Electronic check,18.0,769.04,3,7.1,0,0,0.104,Healthy
Female,0,No,No,33,Yes,Yes,Fiber optic,Yes,Yes,No,No,No,No,One year,No,Credit card (automatic),71.61,2357.42,2,2.3,1,0,0.479,High Risk
Male,0,Yes,No,10,Yes,No,No,No,No,No,No,No,No,One year,No,Electronic check,25.05,255.12,1,11.1,0,0,0.37,Watch
Female,0,Yes,No,38,Yes,Yes,Fiber optic,Yes,Yes,No,No,Yes,No,Month-to-month,Yes,Bank transfer (automatic),81.18,3087.58,2,13.0,2,0,0.856,Critical Risk
Female,0,No,No,61,Yes,Yes,Fiber optic,Yes,No,No,No,Yes,No,Month-to-month,No,Electronic check,81.61,4988.35,2,23.8,1,0,0.756,Critical Risk
Male,0,No,Yes,66,Yes,Yes,Fiber optic,No,No,Yes,No,Yes,Yes,Month-to-month,Yes,Bank transfer (automatic),81.22,5361.27,4,14.6,0,0,0.626,High Risk
Male,0,No,No,30,Yes,Yes,No,No,No,No,No,No,No,Month-to-month,Yes,Electronic check,18.0,563.43,1,10.1,1,1,0.631,High Risk
Male,0,No,No,5,Yes,Yes,Fiber optic,Yes,No,No,Yes,No,No,Month-to-month,No,Mailed check,68.67,288.35,3,22.6,0,1,0.818,Critical Risk
Female,0,Yes,No,63,No,No,Fiber optic,Yes,No,Yes,Yes,Yes,No,Month-to-month,No,Bank transfer (automatic),86.67,5447.38,1,17.1,1,1,0.498,High Risk
Female,0,No,Yes,40,Yes,No,Fiber optic,No,No,No,No,No,Yes,Month-to-month,Yes,Mailed check,72.36,2895.77,1,13.1,3,1,0.845,Critical Risk
Female,0,No,No,55,Yes,Yes,DSL,No,Yes,Yes,No,No,No,Two year,No,Electronic check,45.41,2469.48,0,3.3,1,0,0.07,Healthy
Female,0,No,No,3,Yes,Yes,DSL,Yes,Yes,Yes,No,No,Yes,Two year,Yes,Bank transfer (automatic),61.41,193.15,1,9.2,0,0,0.224,Watch
Male,1,Yes,No,21,Yes,Yes,DSL,No,Yes,Yes,No,Yes,No,Month-to-month,No,Mailed check,52.06,1111.63,4,14.2,3,0,0.832,Critical Risk
Male,1,Yes,Yes,20,No,No,Fiber optic,Yes,No,Yes,Yes,No,Yes,Month-to-month,Yes,Bank transfer (automatic),85.88,1756.0,1,11.7,0,1,0.704,Critical Risk
Female,0,No,No,52,Yes,Yes,No,No,No,No,No,No,No,Month-to-month,Yes,Credit card (automatic),18.0,955.17,0,17.2,1,0,0.245,Watch
Male,0,No,Yes,49,Yes,Yes,Fiber optic,Yes,Yes,No,Yes,No,Yes,Month-to-month,Yes,Electronic check,89.05,4373.67,0,15.6,0,0,0.621,High Risk
Male,0,No,No,54,Yes,Yes,Fiber optic,No,No,Yes,No,No,Yes,Month-to-month,No,Bank transfer (automatic),73.26,3968.99,1,0.0,0,1,0.607,High Risk
Male,0,Yes,Yes,28,Yes,No,DSL,Yes,Yes,Yes,Yes,Yes,No,One year,Yes,Mailed check,68.53,1910.74,2,12.6,1,0,0.336,Watch
Male,0,No,No,22,No,No,No,No,No,No,No,No,No,Month-to-month,Yes,Electronic check,18.0,385.15,3,16.0,1,1,0.729,Critical Risk
Male,0,Yes,Yes,13,No,No,DSL,No,Yes,No,No,Yes,Yes,One year,Yes,Bank transfer (automatic),55.42,721.9,0,22.7,0,0,0.253,Watch
Male,0,No,No,18,Yes,Yes,DSL,Yes,Yes,Yes,Yes,No,No,Two year,Yes,Mailed check,66.04,1201.25,0,4.6,0,0,0.107,Healthy
Male,0,No,No,11,Yes,Yes,No,No,No,No,No,No,No,Month-to-month,Yes,Credit card (automatic),18.44,185.64,1,8.8,0,0,0.492,High Risk
Female,0,No,No,60,Yes,No,No,No,No,No,No,No,No,Month-to-month,Yes,Electronic check,18.4,1123.11,0,15.9,0,0,0.248,Watch
Female,0,Yes,Yes,49,Yes,No,DSL,Yes,Yes,No,No,No,Yes,Month-to-month,Yes,Electronic check,58.35,2866.8,0,7.8,1,0,0.62,High Risk
Female,0,No,Yes,49,Yes,No,Fiber optic,Yes,Yes,No,Yes,Yes,Yes,One year,No,Mailed check,93.9,4608.83,1,17.2,1,0,0.348,Watch
Female,0,Yes,Yes,64,No,No,Fiber optic,Yes,Yes,No,Yes,No,Yes,Month-to-month,Yes,Bank transfer (automatic),87.61,5592.35,2,14.9,1,0,0.548,High Risk
Female,0,No,Yes,53,Yes,Yes,DSL,No,Yes,No,Yes,No,No,Month-to-month,No,Mailed check,48.69,2585.61,0,18.2,0,0,0.195,Healthy
Male,0,No,No,23,Yes,No,No,No,No,No,No,No,No,Month-to-month,No,Mailed check,18.0,442.0,2,28.4,2,0,0.608,High Risk
Female,0,No,No,22,Yes,No,DSL,Yes,No,Yes,No,Yes,Yes,Two year,Yes,Bank transfer (automatic),69.74,1554.67,1,12.1,1,0,0.252,Watch
Female,0,No,No,9,Yes,No,Fiber optic,No,No,Yes,Yes,No,Yes,Month-to-month,Yes,Mailed check,85.89,780.79,2,11.4,1,1,0.874,Critical Risk
Female,0,No,No,52,Yes,No,DSL,Yes,No,Yes,No,Yes,No,Month-to-month,No,Bank transfer (automatic),52.06,2693.8,0,20.2,1,0,0.41,High Risk
Male,0,Yes,No,63,Yes,Yes,DSL,No,Yes,Yes,Yes,No,Yes,Month-to-month,No,Bank transfer (automatic),65.85,4141.61,0,25.4,1,0,0.184,Healthy
Male,0,Yes,No,52,Yes,No,DSL,No,No,No,No,Yes,No,Month-to-month,Yes,Credit card (automatic),49.02,2549.26,0,18.7,0,0,0.295,Watch
Female,0,No,No,34,Yes,Yes,DSL,Yes,No,No,Yes,No,No,One year,Yes,Electronic check,49.01,1660.29,2,21.0,2,0,0.387,Watch
Female,1,No,No,24,No,No,No,No,No,No,No,No,No,Two year,No,Bank transfer (automatic),18.0,450.39,0,13.1,0,0,0.048,Healthy
Female,0,No,No,31,Yes,No,Fiber optic,Yes,No,Yes,Yes,Yes,No,One year,No,Bank transfer (automatic),79.55,2431.32,2,16.8,0,0,0.375,Watch
Female,0,Yes,Yes,19,No,No,DSL,No,No,No,Yes,No,Yes,One year,No,Electronic check,53.6,1003.18,4,12.4,2,0,0.636,High Risk
Male,0,Yes,No,12,Yes,Yes,Fiber optic,No,Yes,No,No,No,Yes,One year,Yes,Credit card (automatic),71.53,862.12,1,5.5,2,0,0.591,High Risk
Male,0,No,No,31,Yes,Yes,DSL,Yes,Yes,No,Yes,No,No,Month-to-month,Yes,Bank transfer (automatic),53.8,1647.75,1,13.8,2,0,0.619,High Risk
Female,0,No,No,17,Yes,Yes,Fiber optic,No,No,No,Yes,Yes,Yes,Two year,Yes,Electronic check,80.46,1347.28,0,14.9,2,0,0.424,High Risk
Female,0,No,No,53,Yes,No,Fiber optic,Yes,No,Yes,Yes,No,No,Two year,Yes,Credit card (automatic),82.71,4398.5,2,12.7,0,0,0.109,Healthy
Male,0,Yes,Yes,66,Yes,No,Fiber optic,Yes,Yes,No,Yes,Yes,Yes,Month-to-month,Yes,Electronic check,96.15,6336.54,0,20.7,1,0,0.532,High Risk
Male,0,Yes,No,14,No,No,Fiber optic,Yes,No,Yes,Yes,No,No,Month-to-month,Yes,Electronic check,78.89,1082.02,2,18.1,1,0,0.889,Critical Risk
Male,0,Yes,No,0,Yes,No,Fiber optic,No,No,Yes,Yes,Yes,No,One year,No,Electronic check,80.68,0.0,0,17.0,0,0,0.574,High Risk
Male,0,Yes,No,63,Yes,No,No,No,No,No,No,No,No,Two year,Yes,Electronic check,21.76,1357.64,0,10.2,2,0,0.066,Healthy
Female,0,No,No,21,Yes,Yes,Fiber optic,No,Yes,No,No,No,No,One year,Yes,Electronic check,68.07,1462.46,2,14.2,0,0,0.563,High Risk
Male,0,Yes,No,18,Yes,Yes,DSL,No,Yes,Yes,No,Yes,No,Month-to-month,Yes,Credit card (automatic),46.02,804.48,2,11.1,1,1,0.608,High Risk
Female,0,Yes,No,62,Yes,Yes,DSL,Yes,No,Yes,Yes,No,No,Month-to-month,Yes,Credit card (automatic),57.26,3562.18,2,12.3,0,0,0.235,Watch
Male,0,No,No,61,Yes,No,DSL,No,Yes,No,No,No,Yes,Month-to-month,Yes,Bank transfer (automatic),52.03,3196.99,0,12.6,1,0,0.32,Watch
Female,0,Yes,No,42,Yes,Yes,No,No,No,No,No,No,No,Two year,Yes,Mailed check,20.3,849.3,2,15.8,2,0,0.099,Healthy
Male,0,No,No,11,Yes,No,No,No,No,No,No,No,No,One year,Yes,Bank transfer (automatic),19.01,183.07,0,14.5,0,0,0.205,Watch
Female,0,Yes,No,51,Yes,Yes,No,No,No,No,No,No,No,Two year,Yes,Mailed check,18.0,943.84,1,8.6,1,0,0.063,Healthy
Female,0,Yes,No,53,Yes,No,Fiber optic,Yes,No,No,Yes,Yes,Yes,Month-to-month,Yes,Credit card (automatic),84.38,4472.93,2,14.3,1,0,0.646,High Risk
Female,0,Yes,No,32,Yes,No,No,No,No,No,No,No,No,Month-to-month,Yes,Electronic check,18.0,579.45,1,17.6,0,0,0.499,High Risk
Female,1,No,No,40,Yes,No,Fiber optic,Yes,No,No,No,Yes,Yes,One year,Yes,Electronic check,83.39,3315.29,3,18.0,0,0,0.536,High Risk
Female,0,Yes,No,39,Yes,Yes,Fiber optic,No,Yes,No,No,No,Yes,Month-to-month,No,Mailed check,73.79,2877.89,2,7.4,0,1,0.672,High Risk
Female,0,No,No,48,Yes,Yes,Fiber optic,Yes,Yes,No,No,Yes,No,Month-to-month,No,Credit card (automatic),83.41,3985.57,4,13.9,0,0,0.678,High Risk
Male,0,No,Yes,37,No,No,No,No,No,No,No,No,No,Two year,Yes,Bank transfer (automatic),22.4,784.46,1,4.7,1,0,0.096,Healthy
Male,1,Yes,Yes,71,Yes,Yes,No,No,No,No,No,No,No,One year,No,Electronic check,18.0,1250.13,1,10.5,0,0,0.048,Healthy
Male,0,No,Yes,2,Yes,Yes,Fiber optic,No,No,No,No,Yes,No,Month-to-month,Yes,Electronic check,68.2,100.23,3,13.8,1,0,0.951,Critical Risk
Male,0,Yes,Yes,3,Yes,No,Fiber optic,No,Yes,Yes,Yes,No,No,Month-to-month,Yes,Mailed check,85.34,259.64,2,18.0,1,1,0.869,Critical Risk
Female,0,Yes,No,11,Yes,No,No,No,No,No,No,No,No,Month-to-month,No,Mailed check,18.0,184.85,1,19.2,1,0,0.593,High Risk
Male,0,No,No,10,Yes,Yes,DSL,Yes,No,Yes,No,No,No,Two year,Yes,Electronic check,49.55,524.14,1,9.3,0,0,0.238,Watch
Male,0,Yes,No,36,Yes,Yes,Fiber optic,No,Yes,Yes,Yes,No,Yes,Month-to-month,Yes,Credit card (automatic),86.79,3135.91,1,16.3,1,1,0.565,High Risk
Female,0,No,No,5,No,No,Fiber optic,No,Yes,No,No,No,Yes,Month-to-month,Yes,Bank transfer (automatic),71.25,361.81,2,11.7,1,1,0.889,Critical Risk
Male,1,No,Yes,13,Yes,No,Fiber optic,Yes,Yes,No,Yes,Yes,No,One year,Yes,Mailed check,89.04,1191.88,0,15.4,0,0,0.419,High Risk
Male,0,Yes,No,37,Yes,No,Fiber optic,Yes,Yes,Yes,No,Yes,No,Month-to-month,No,Electronic check,86.02,3153.62,1,11.3,1,0,0.824,Critical Risk
Female,0,Yes,Yes,65,Yes,Yes,Fiber optic,No,Yes,No,Yes,No,No,Two year,No,Mailed check,79.47,5208.47,1,8.7,1,0,0.078,Healthy
Female,0,No,Yes,58,Yes,No,DSL,No,Yes,No,Yes,Yes,No,Month-to-month,No,Bank transfer (automatic),55.25,3185.95,2,20.8,1,1,0.347,Watch
Female,1,No,No,15,Yes,No,No,No,No,No,No,No,No,Month-to-month,Yes,Credit card (automatic),18.0,295.23,0,17.4,0,0,0.37,Watch
Female,0,Yes,Yes,4,Yes,Yes,Fiber optic,Yes,Yes,Yes,No,Yes,Yes,One year,Yes,Electronic check,95.8,354.36,1,18.7,1,0,0.775,Critical Risk
Female,0,No,No,53,Yes,No,Fiber optic,No,No,Yes,Yes,Yes,No,Month-to-month,Yes,Bank transfer (automatic),79.57,4221.8,3,19.2,0,1,0.615,High Risk
Female,0,Yes,No,56,Yes,No,DSL,No,Yes,No,No,Yes,No,Two year,No,Mailed check,46.96,2657.49,2,11.7,1,0,0.077,Healthy
Male,0,No,No,67,Yes,No,DSL,No,Yes,Yes,Yes,Yes,Yes,Month-to-month,Yes,Electronic check,80.13,5380.27,2,14.4,2,0,0.542,High Risk
Female,0,Yes,No,31,Yes,Yes,Fiber optic,No,No,Yes,No,Yes,No,One year,Yes,Credit card (automatic),74.83,2321.55,1,10.2,0,0,0.349,Watch
Male,0,No,No,4,Yes,Yes,DSL,No,No,Yes,No,No,No,Month-to-month,Yes,Bank transfer (automatic),46.11,223.52,0,18.6,0,0,0.626,High Risk
Male,0,No,No,68,Yes,No,DSL,Yes,No,No,Yes,Yes,No,Month-to-month,No,Electronic check,53.13,3588.82,4,23.7,0,0,0.376,Watch
Female,1,No,No,20,Yes,Yes,DSL,No,No,Yes,No,Yes,No,Month-to-month,No,Bank transfer (automatic),46.03,922.01,3,20.0,0,0,0.599,High Risk
Female,1,No,No,27,Yes,Yes,DSL,No,Yes,No,No,Yes,Yes,Month-to-month,No,Mailed check,53.23,1413.01,1,15.9,1,0,0.562,High Risk
Male,0,No,Yes,30,Yes,Yes,DSL,No,Yes,Yes,Yes,No,Yes,Two year,No,Mailed check,58.15,1742.13,4,8.0,0,0,0.121,Healthy
Female,0,Yes,No,71,Yes,No,Fiber optic,No,No,Yes,Yes,Yes,No,One year,No,Electronic check,85.23,6032.51,0,11.3,0,0,0.134,Healthy
Female,0,Yes,Yes,26,Yes,Yes,Fiber optic,Yes,Yes,Yes,Yes,No,Yes,One year,Yes,Credit card (automatic),90.37,2346.91,0,16.0,1,0,0.328,Watch
Female,0,No,Yes,40,Yes,No,Fiber optic,Yes,No,No,Yes,Yes,Yes,Two year,Yes,Credit card (automatic),88.5,3524.41,1,22.0,0,0,0.106,Healthy
Male,0,Yes,No,36,Yes,Yes,No,No,No,No,No,No,No,Month-to-month,Yes,Credit card (automatic),18.0,633.9,3,15.9,0,0,0.395,Watch
Female,0,No,No,72,Yes,No,Fiber optic,Yes,No,No,No,Yes,No,Month-to-month,Yes,Bank transfer (automatic),70.49,5070.46,2,14.2,0,0,0.465,High Risk
Male,0,Yes,Yes,69,Yes,No,No,No,No,No,No,No,No,One year,No,Electronic check,18.0,1253.43,2,9.3,0,0,0.085,Healthy
Female,0,No,No,46,Yes,No,DSL,Yes,No,Yes,Yes,Yes,No,Month-to-month,Yes,Bank transfer (automatic),63.28,2900.97,1,14.1,1,0,0.431,High Risk
Male,0,No,Yes,7,No,No,DSL,No,Yes,Yes,Yes,No,No,One year,Yes,Credit card (automatic),53.81,367.44,4,17.3,1,0,0.366,Watch
Female,0,No,No,25,Yes,Yes,DSL,Yes,No,No,Yes,Yes,No,Month-to-month,No,Credit card (automatic),49.03,1211.78,0,18.2,0,0,0.366,Watch
Male,0,Yes,No,48,Yes,No,No,No,No,No,No,No,No,Month-to-month,Yes,Mailed check,19.53,932.5,3,14.6,1,0,0.431,High Risk
Male,0,No,No,58,No,No,No,No,No,No,No,No,No,One year,Yes,Mailed check,20.49,1141.4,0,8.1,3,0,0.165,Healthy
Male,0,No,Yes,54,Yes,Yes,Fiber optic,Yes,Yes,Yes,Yes,Yes,No,Month-to-month,No,Mailed check,91.68,4939.38,0,21.9,1,0,0.489,High Risk
Female,0,No,No,35,Yes,No,No,No,No,No,No,No,No,Month-to-month,No,Bank transfer (automatic),18.0,639.35,0,18.4,2,0,0.477,High Risk
Male,0,No,No,48,Yes,No,DSL,Yes,No,No,No,No,Yes,Two year,No,Credit card (automatic),47.37,2241.38,0,10.9,0,0,0.032,Healthy
Female,0,Yes,No,22,Yes,No,Fiber optic,No,Yes,Yes,Yes,Yes,Yes,Month-to-month,Yes,Credit card (automatic),93.61,2064.62,1,22.6,0,0,0.601,High Risk
Male,1,Yes,Yes,46,No,No,DSL,Yes,No,No,Yes,Yes,No,Month-to-month,No,Electronic check,58.41,2715.03,1,21.6,0,0,0.334,Watch
Male,1,Yes,No,34,No,No,Fiber optic,No,Yes,No,No,Yes,Yes,One year,Yes,Electronic check,77.49,2637.55,1,15.8,0,0,0.369,Watch
Female,0,No,No,49,Yes,Yes,DSL,No,Yes,Yes,Yes,Yes,No,Month-to-month,Yes,Credit card (automatic),62.25,3047.37,1,11.6,0,0,0.278,Watch
Female,1,No,No,63,Yes,Yes,Fiber optic,Yes,No,No,No,No,No,Month-to-month,Yes,Mailed check,82.0,5187.12,1,11.6,0,1,0.545,High Risk
Male,0,Yes,No,59,Yes,No,Fiber optic,No,Yes,Yes,No,Yes,No,One year,Yes,Electronic check,88.7,5236.34,2,13.9,1,0,0.464,High Risk
Male,1,No,No,53,Yes,Yes,Fiber optic,No,No,Yes,No,No,No,One year,No,Electronic check,67.17,3583.67,4,1.8,0,0,0.474,High Risk
Male,1,Yes,No,56,Yes,No,DSL,No,No,Yes,No,No,Yes,Month-to-month,No,Electronic check,53.56,2989.23,2,16.8,2,0,0.605,High Risk
Female,0,No,No,12,Yes,Yes,Fiber optic,Yes,No,Yes,Yes,No,No,Two year,Yes,Electronic check,84.4,1045.23,1,14.4,1,0,0.42,High Risk
Female,1,No,Yes,13,No,No,DSL,No,No,Yes,No,Yes,Yes,Month-to-month,No,Electronic check,59.23,769.31,0,12.2,2,0,0.811,Critical Risk
Male,0,Yes,No,61,Yes,No,DSL,No,No,No,No,Yes,No,Month-to-month,Yes,Credit card (automatic),42.83,2626.69,0,10.4,0,0,0.21,Watch
Female,0,Yes,No,39,Yes,No,Fiber optic,Yes,Yes,No,Yes,No,No,Month-to-month,Yes,Mailed check,83.28,3250.9,1,18.9,1,0,0.656,High Risk
Male,1,No,No,31,Yes,No,DSL,Yes,No,Yes,No,No,Yes,Two year,Yes,Credit card (automatic),57.7,1810.83,2,8.2,2,0,0.193,Healthy
Male,0,No,No,48,No,No,Fiber optic,Yes,Yes,No,Yes,No,Yes,Month-to-month,Yes,Mailed check,91.93,4447.88,1,18.2,1,1,0.563,High Risk
Female,0,Yes,No,6,Yes,Yes,DSL,Yes,No,Yes,No,Yes,No,One year,Yes,Credit card (automatic),53.04,313.31,0,12.7,3,1,0.516,High Risk
Female,0,No,No,12,Yes,No,Fiber optic,No,No,Yes,Yes,Yes,Yes,Month-to-month,No,Mailed check,86.95,1026.74,3,18.7,1,1,0.86,Critical Risk
Male,0,No,No,10,Yes,No,Fiber optic,Yes,Yes,Yes,No,No,Yes,Two year,No,Mailed check,82.23,784.23,0,8.8,1,0,0.324,Watch
Female,1,Yes,No,41,Yes,No,DSL,Yes,No,Yes,Yes,No,Yes,Two year,No,Bank transfer (automatic),61.65,2528.86,2,21.2,0,0,0.05,Healthy
Male,1,No,No,4,Yes,Yes,DSL,No,No,Yes,No,No,No,Month-to-month,Yes,Mailed check,42.22,169.37,0,13.0,0,1,0.561,High Risk
Female,0,Yes,No,3,Yes,Yes,Fiber optic,Yes,Yes,Yes,Yes,No,Yes,Month-to-month,Yes,Electronic check,91.67,304.39,1,15.5,2,1,0.926,Critical Risk
Male,1,No,Yes,49,No,No,No,No,No,No,No,No,No,Month-to-month,No,Electronic check,19.45,961.67,1,6.4,0,0,0.389,Watch
Male,0,No,No,53,Yes,No,DSL,Yes,Yes,No,No,No,No,Two year,No,Electronic check,53.4,2791.02,0,19.2,0,0,0.066,Healthy
Male,1,Yes,Yes,18,Yes,Yes,DSL,No,Yes,No,Yes,Yes,Yes,One year,No,Electronic check,66.25,1181.53,0,13.1,0,0,0.238,Watch
Female,0,No,No,50,Yes,No,No,No,No,No,No,No,No,Two year,Yes,Electronic check,18.0,893.3,1,9.5,0,0,0.072,Healthy
Female,0,Yes,No,7,Yes,Yes,DSL,Yes,Yes,No,Yes,Yes,No,Month-to-month,Yes,Mailed check,67.39,470.54,2,30.0,1,0,0.727,Critical Risk
Male,0,No,Yes,29,Yes,No,DSL,Yes,No,No,No,Yes,Yes,Two year,No,Electronic check,57.41,1676.25,0,24.6,1,0,0.183,Healthy
Female,0,No,No,26,Yes,Yes,DSL,No,No,Yes,Yes,No,No,Two year,No,Bank transfer (automatic),46.69,1203.66,1,3.7,0,0,0.092,Healthy
Female,0,Yes,No,25,Yes,No,No,No,No,No,No,No,No,Month-to-month,No,Mailed check,20.24,522.84,1,12.8,1,1,0.596,High Risk
Male,0,No,Yes,63,Yes,Yes,Fiber optic,Yes,Yes,Yes,No,No,No,Month-to-month,No,Electronic check,78.68,4985.69,1,2.3,1,1,0.671,High Risk
Female,0,Yes,No,5,No,No,DSL,Yes,No,No,Yes,No,No,Month-to-month,Yes,Mailed check,52.11,242.62,0,9.3,0,0,0.616,High Risk
Female,0,No,Yes,45,No,No,Fiber optic,Yes,No,No,Yes,No,No,Month-to-month,Yes,Bank transfer (automatic),74.04,3381.95,1,5.0,1,0,0.646,High Risk
Male,0,No,Yes,19,Yes,No,DSL,Yes,No,Yes,Yes,No,Yes,One year,No,Mailed check,60.77,1170.79,0,13.8,0,0,0.191,Healthy
Male,0,No,No,35,No,No,DSL,Yes,No,No,Yes,No,Yes,Two year,No,Mailed check,54.14,1886.66,1,4.1,1,0,0.102,Healthy
Male,0,No,Yes,14,Yes,No,No,No,No,No,No,No,No,One year,Yes,Mailed check,18.04,237.82,1,20.7,0,0,0.226,Watch
Female,0,No,No,53,Yes,Yes,Fiber optic,Yes,Yes,Yes,Yes,Yes,Yes,Month-to-month,Yes,Bank transfer (automatic),93.01,4946.57,2,9.7,1,0,0.679,High Risk
Female,0,Yes,No,4,Yes,No,Fiber optic,No,No,No,Yes,No,No,Two year,Yes,Bank transfer (automatic),69.27,305.48,1,19.8,0,0,0.276,Watch
Male,0,Yes,No,5,Yes,No,No,No,No,No,No,No,No,Two year,Yes,Bank transfer (automatic),18.99,98.79,1,20.0,3,1,0.302,Watch
Male,0,No,No,24,Yes,Yes,DSL,No,Yes,No,No,Yes,No,Month-to-month,Yes,Mailed check,49.4,1211.49,1,28.9,0,0,0.446,High Risk
Male,0,Yes,No,64,Yes,Yes,DSL,No,No,Yes,Yes,No,No,Two year,No,Mailed check,56.51,3651.63,0,16.4,0,0,0.019,Healthy
Male,0,Yes,No,1,Yes,No,DSL,Yes,No,No,Yes,Yes,No,Month-to-month,Yes,Bank transfer (automatic),58.13,86.99,1,15.1,1,0,0.796,Critical Risk
Male,0,Yes,No,12,Yes,No,Fiber optic,No,Yes,Yes,No,Yes,No,Month-to-month,Yes,Credit card (automatic),83.99,1036.49,0,6.9,0,1,0.739,Critical Risk
Male,0,No,No,35,Yes,No,Fiber optic,No,No,Yes,No,No,No,One year,Yes,Electronic check,71.21,2489.99,0,14.6,0,0,0.382,Watch
Female,1,No,No,1,Yes,Yes,Fiber optic,Yes,No,No,No,Yes,Yes,Month-to-month,Yes,Credit card (automatic),79.4,71.89,1,10.5,1,1,0.88,Critical Risk
Male,0,Yes,No,39,Yes,Yes,DSL,Yes,No,Yes,Yes,No,No,One year,Yes,Electronic check,59.65,2318.68,1,15.6,1,0,0.249,Watch
Female,0,Yes,No,26,Yes,No,DSL,Yes,No,Yes,Yes,Yes,Yes,Month-to-month,Yes,Electronic check,68.07,1761.62,0,14.0,2,0,0.763,Critical Risk
Male,0,No,No,47,Yes,No,Fiber optic,Yes,No,No,Yes,Yes,Yes,Month-to-month,No,Bank transfer (automatic),91.23,4276.55,1,13.1,1,1,0.666,High Risk
Male,0,Yes,No,4,Yes,No,DSL,No,No,Yes,Yes,Yes,No,One year,Yes,Mailed check,58.06,204.69,0,4.9,1,0,0.39,Watch
Female,0,No,No,12,Yes,No,No,No,No,No,No,No,No,Month-to-month,No,Credit card (automatic),18.0,257.63,3,21.1,2,1,0.701,Critical Risk
Female,0,No,No,12,No,No,No,No,No,No,No,No,No,Month-to-month,Yes,Mailed check,19.3,218.1,0,19.2,1,1,0.522,High Risk
Female,1,No,Yes,53,No,No,No,No,No,No,No,No,No,Month-to-month,No,Bank transfer (automatic),20.9,1102.89,1,16.4,1,0,0.313,Watch
Female,1,Yes,No,53,No,No,Fiber optic,Yes,No,Yes,Yes,Yes,Yes,Month-to-month,No,Electronic check,91.48,4847.15,0,14.1,1,0,0.614,High Risk
Male,0,No,No,8,Yes,Yes,DSL,Yes,No,Yes,Yes,Yes,No,Month-to-month,No,Mailed check,61.65,491.12,2,18.9,0,0,0.65,High Risk
Male,0,No,No,29,Yes,Yes,Fiber optic,Yes,No,No,Yes,Yes,Yes,One year,No,Bank transfer (automatic),83.35,2411.69,2,13.8,1,0,0.534,High Risk
Female,0,Yes,No,51,Yes,No,DSL,No,No,Yes,Yes,No,Yes,Month-to-month,Yes,Electronic check,62.77,3209.3,1,24.3,1,0,0.493,High Risk
Female,0,No,No,0,Yes,Yes,No,No,No,No,No,No,No,One year,Yes,Bank transfer (automatic),19.28,7.53,2,14.7,0,0,0.369,Watch
Female,1,Yes,No,7,Yes,No,Fiber optic,No,No,Yes,No,No,Yes,Two year,Yes,Credit card (automatic),81.43,578.33,1,19.2,0,0,0.249,Watch
Female,0,No,Yes,46,Yes,No,DSL,Yes,Yes,No,Yes,No,No,Month-to-month,Yes,Electronic check,56.04,2567.67,2,13.8,1,0,0.53,High Risk
Male,0,No,No,41,Yes,Yes,Fiber optic,Yes,No,Yes,Yes,Yes,Yes,Month-to-month,Yes,Bank transfer (automatic),92.62,3786.37,2,12.7,1,1,0.74,Critical Risk
Male,0,Yes,No,51,Yes,No,DSL,Yes,Yes,Yes,Yes,Yes,Yes,Month-to-month,Yes,Bank transfer (automatic),71.87,3693.43,1,14.4,0,0,0.362,Watch
Male,0,Yes,No,34,Yes,Yes,Fiber optic,Yes,Yes,No,No,No,No,One year,Yes,Credit card (automatic),75.24,2570.25,2,14.8,0,0,0.357,Watch
Female,0,Yes,No,65,No,No,Fiber optic,Yes,No,No,No,Yes,No,Month-to-month,Yes,Electronic check,84.37,5497.48,3,4.8,0,0,0.783,Critical Risk
Female,0,Yes,No,9,Yes,No,No,No,No,No,No,No,No,Month-to-month,No,Bank transfer (automatic),19.22,175.21,1,20.6,0,0,0.548,High Risk
Male,0,No,No,11,Yes,No,No,No,No,No,No,No,No,Two year,No,Mailed check,18.0,191.11,1,9.2,1,0,0.151,Healthy
Female,0,Yes,No,46,Yes,No,DSL,No,Yes,No,No,Yes,Yes,Month-to-month,No,Mailed check,51.03,2376.2,3,9.0,0,1,0.443,High Risk
Female,1,No,No,62,Yes,Yes,Fiber optic,Yes,No,No,No,Yes,Yes,Month-to-month,Yes,Bank transfer (automatic),84.63,5262.68,0,11.3,2,0,0.661,High Risk
Male,0,Yes,No,1,No,No,DSL,No,Yes,Yes,No,No,Yes,One year,No,Credit card (automatic),53.79,84.87,2,14.9,1,1,0.378,Watch
Male,0,No,No,51,Yes,Yes,No,No,No,No,No,No,No,Month-to-month,Yes,Bank transfer (automatic),20.54,1035.4,1,13.3,1,0,0.408,High Risk
Female,0,No,No,70,Yes,Yes,Fiber optic,No,Yes,Yes,No,No,No,Two year,Yes,Electronic check,70.76,4959.3,1,16.1,0,0,0.06,Healthy
Female,0,No,No,41,Yes,No,No,No,No,No,No,No,No,Two year,Yes,Mailed check,20.67,852.9,1,11.4,0,0,0.05,Healthy
Male,1,No,Yes,60,Yes,No,No,No,No,No,No,No,No,Month-to-month,Yes,Bank transfer (automatic),18.0,1084.38,0,23.4,1,0,0.188,Healthy
Male,0,No,Yes,19,Yes,Yes,DSL,No,Yes,No,No,No,No,Two year,Yes,Electronic check,39.33,770.16,0,12.3,0,0,0.12,Healthy
Male,0,No,No,58,Yes,Yes,DSL,No,No,No,No,Yes,Yes,One year,No,Electronic check,48.12,2761.66,0,16.8,0,0,0.112,Healthy
Female,0,No,No,33,Yes,No,Fiber optic,No,No,Yes,Yes,No,Yes,Month-to-month,No,Electronic check,85.47,2769.57,1,2.3,2,1,0.874,Critical Risk
Male,0,Yes,No,21,Yes,Yes,DSL,No,Yes,Yes,No,No,Yes,Two year,Yes,Electronic check,57.15,1222.53,0,4.9,0,0,0.144,Healthy
Female,1,Yes,No,14,Yes,Yes,DSL,Yes,No,Yes,Yes,Yes,Yes,Month-to-month,Yes,Bank transfer (automatic),66.72,934.96,3,8.5,1,1,0.789,Critical Risk
Male,0,Yes,No,62,Yes,No,Fiber optic,No,No,No,No,Yes,Yes,Month-to-month,No,Bank transfer (automatic),73.67,4588.85,1,10.1,1,0,0.605,High Risk
Male,0,No,Yes,52,Yes,No,Fiber optic,Yes,No,Yes,No,No,Yes,One year,Yes,Bank transfer (automatic),84.74,4404.99,1,13.1,1,0,0.429,High Risk
Male,0,No,Yes,57,Yes,Yes,Fiber optic,Yes,No,No,Yes,No,No,Month-to-month,No,Electronic check,74.82,4243.69,1,20.2,0,1,0.544,High Risk
Female,0,No,No,51,Yes,Yes,DSL,No,Yes,No,Yes,Yes,No,Two year,Yes,Bank transfer (automatic),46.89,2390.77,0,1.9,0,0,0.036,Healthy
Male,0,No,Yes,18,Yes,No,DSL,Yes,No,No,No,Yes,No,Month-to-month,Yes,Bank transfer (automatic),51.12,915.97,2,17.1,0,0,0.729,Critical Risk
Female,0,Yes,Yes,13,No,No,DSL,No,Yes,Yes,No,No,Yes,One year,Yes,Electronic check,54.58,701.77,2,9.9,1,0,0.539,High Risk
Male,0,No,No,47,Yes,Yes,Fiber optic,Yes,Yes,No,No,No,Yes,One year,No,Mailed check,81.84,3880.73,0,10.6,1,0,0.273,Watch
Female,0,Yes,No,18,No,No,Fiber optic,Yes,No,No,Yes,No,No,Two year,Yes,Mailed check,78.47,1424.17,0,26.7,0,0,0.168,Healthy
Male,0,Yes,No,47,Yes,Yes,Fiber optic,No,Yes,No,No,Yes,Yes,Month-to-month,No,Bank transfer (automatic),78.46,3674.08,0,14.3,0,0,0.465,High Risk
Male,0,No,Yes,65,Yes,Yes,No,No,No,No,No,No,No,Month-to-month,Yes,Bank transfer (automatic),18.0,1162.76,0,11.2,0,0,0.158,Healthy
Female,0,Yes,No,54,Yes,Yes,No,No,No,No,No,No,No,Two year,Yes,Electronic check,18.0,994.9,2,7.4,0,1,0.074,Healthy
Female,0,No,No,34,Yes,Yes,DSL,Yes,No,Yes,No,No,No,Month-to-month,Yes,Electronic check,53.55,1814.93,1,17.7,1,1,0.686,High Risk
Female,0,No,No,66,Yes,No,No,No,No,No,No,No,No,One year,No,Credit card (automatic),18.0,1196.53,0,7.7,0,0,0.034,Healthy
Male,0,No,No,40,Yes,No,DSL,No,Yes,Yes,Yes,Yes,No,Month-to-month,Yes,Mailed check,59.24,2391.4,2,5.0,1,0,0.491,High Risk
Female,0,Yes,No,34,Yes,Yes,Fiber optic,No,Yes,Yes,Yes,No,No,One year,Yes,Credit card (automatic),80.44,2777.72,0,6.3,1,0,0.25,Watch
Male,0,Yes,Yes,69,Yes,No,DSL,No,Yes,No,Yes,Yes,No,Month-to-month,Yes,Electronic check,54.45,3745.92,1,10.1,1,0,0.303,Watch
Female,0,Yes,Yes,24,Yes,Yes,DSL,Yes,No,No,No,Yes,No,Two year,Yes,Credit card (automatic),56.34,1371.71,0,21.6,1,0,0.117,Healthy
Female,0,No,No,15,Yes,Yes,No,No,No,No,No,No,No,One year,Yes,Mailed check,18.0,272.11,3,18.3,0,0,0.308,Watch
Female,0,Yes,Yes,10,Yes,Yes,Fiber optic,No,No,Yes,No,Yes,Yes,One year,Yes,Mailed check,83.62,841.12,0,9.0,0,0,0.516,High Risk
Female,1,Yes,Yes,45,Yes,No,DSL,No,No,Yes,No,Yes,Yes,Month-to-month,Yes,Electronic check,46.7,2107.05,0,17.6,1,0,0.371,Watch
Female,0,No,Yes,37,Yes,Yes,No,No,No,No,No,No,No,Month-to-month,Yes,Credit card (automatic),18.0,676.65,2,5.9,0,0,0.378,Watch
Female,0,No,No,56,Yes,Yes,DSL,No,No,Yes,No,Yes,No,Month-to-month,Yes,Bank transfer (automatic),48.34,2747.72,3,3.2,1,1,0.588,High Risk
Male,1,No,No,10,Yes,No,DSL,Yes,Yes,No,Yes,No,Yes,Month-to-month,Yes,Credit card (automatic),58.13,586.03,3,23.3,1,0,0.611,High Risk
Male,0,Yes,No,23,Yes,Yes,Fiber optic,No,Yes,Yes,No,Yes,Yes,Month-to-month,Yes,Mailed check,89.51,2081.49,3,24.8,0,1,0.795,Critical Risk
Female,0,No,No,8,Yes,No,Fiber optic,No,Yes,No,No,Yes,No,Month-to-month,No,Credit card (automatic),76.6,605.78,2,9.5,0,1,0.833,Critical Risk
Female,0,Yes,No,22,Yes,No,Fiber optic,Yes,Yes,No,Yes,No,No,Two year,Yes,Mailed check,82.41,1818.82,0,6.6,0,0,0.19,Healthy
Female,0,Yes,Yes,70,Yes,No,Fiber optic,Yes,Yes,Yes,Yes,Yes,Yes,One year,Yes,Electronic check,95.97,6679.01,2,16.1,1,0,0.254,Watch
Female,0,Yes,No,65,No,No,Fiber optic,No,Yes,Yes,No,No,No,Month-to-month,Yes,Credit card (automatic),71.09,4572.97,1,16.0,1,0,0.364,Watch
Male,0,No,No,36,Yes,No,Fiber optic,No,Yes,Yes,No,No,No,Two year,Yes,Electronic check,72.82,2670.38,1,11.5,0,0,0.204,Watch
Male,0,No,No,7,Yes,Yes,Fiber optic,Yes,Yes,No,No,No,No,Month-to-month,Yes,Electronic check,71.66,523.84,1,9.0,0,1,0.884,Critical Risk
Female,0,Yes,Yes,72,Yes,Yes,DSL,Yes,Yes,No,No,No,No,Month-to-month,Yes,Bank transfer (automatic),48.63,3486.91,1,19.9,1,0,0.235,Watch
Female,0,No,No,11,Yes,Yes,DSL,No,Yes,No,Yes,No,No,Month-to-month,Yes,Bank transfer (automatic),49.03,549.76,0,16.1,0,0,0.456,High Risk
Male,0,No,No,7,No,No,Fiber optic,No,No,Yes,No,No,Yes,One year,No,Electronic check,81.37,586.75,1,11.6,0,0,0.667,High Risk
Male,0,Yes,Yes,29,Yes,Yes,No,No,No,No,No,No,No,Month-to-month,Yes,Credit card (automatic),19.71,585.23,0,8.2,0,0,0.357,Watch
Male,0,No,No,68,Yes,No,Fiber optic,No,No,Yes,Yes,Yes,Yes,Month-to-month,Yes,Credit card (automatic),90.83,6128.85,1,15.0,2,1,0.48,High Risk
Male,0,Yes,Yes,58,Yes,No,DSL,No,Yes,No,No,No,No,Month-to-month,No,Mailed check,39.49,2266.7,2,7.2,0,0,0.327,Watch
Female,1,Yes,Yes,26,Yes,Yes,Fiber optic,No,No,No,Yes,Yes,Yes,Two year,No,Credit card (automatic),78.8,2042.62,1,18.4,0,0,0.121,Healthy
Female,0,No,Yes,33,Yes,No,DSL,No,Yes,Yes,No,Yes,No,Two year,Yes,Electronic check,46.43,1515.38,1,20.7,0,0,0.087,Healthy
Female,0,Yes,No,4,Yes,Yes,Fiber optic,Yes,Yes,Yes,Yes,Yes,Yes,One year,Yes,Bank transfer (automatic),94.39,369.56,4,23.8,1,1,0.719,Critical Risk
Female,0,No,Yes,19,Yes,No,Fiber optic,Yes,No,Yes,Yes,No,Yes,Two year,No,Credit card (automatic),85.17,1595.49,2,8.9,0,0,0.233,Watch
Male,0,Yes,No,48,Yes,No,Fiber optic,No,Yes,Yes,Yes,Yes,Yes,Month-to-month,Yes,Mailed check,90.31,4351.51,3,9.9,0,0,0.573,High Risk
Male,0,No,No,30,No,No,DSL,No,No,Yes,Yes,Yes,No,One year,No,Credit card (automatic),53.11,1596.99,2,15.4,0,0,0.142,Healthy
Male,0,No,No,71,Yes,No,No,No,No,No,No,No,No,Two year,Yes,Bank transfer (automatic),18.0,1263.48,0,22.1,0,0,0.012,Healthy
Male,0,No,No,32,Yes,Yes,DSL,No,No,No,Yes,No,No,Month-to-month,Yes,Electronic check,45.0,1434.14,2,13.3,0,1,0.577,High Risk
Female,0,No,Yes,61,Yes,Yes,DSL,No,No,No,Yes,No,Yes,Month-to-month,Yes,Credit card (automatic),50.06,3056.15,0,12.0,0,0,0.15,Healthy
Male,1,No,No,53,Yes,No,Fiber optic,Yes,Yes,No,Yes,No,No,Month-to-month,Yes,Mailed check,87.39,4661.82,2,1.0,1,1,0.717,Critical Risk
Male,0,Yes,No,37,Yes,No,Fiber optic,Yes,No,Yes,Yes,No,Yes,Two year,Yes,Electronic check,83.73,3087.64,1,18.1,3,0,0.378,Watch
Female,0,Yes,No,63,Yes,Yes,Fiber optic,Yes,Yes,Yes,No,No,Yes,Month-to-month,Yes,Electronic check,85.46,5391.32,1,6.3,0,1,0.599,High Risk
Female,0,No,Yes,63,Yes,No,Fiber optic,Yes,No,No,Yes,Yes,No,Month-to-month,No,Credit card (automatic),82.12,5156.38,1,14.1,1,0,0.476,High Risk
Male,0,No,No,23,Yes,Yes,Fiber optic,Yes,Yes,No,Yes,Yes,No,Two year,Yes,Bank transfer (automatic),88.15,1999.11,2,10.4,0,0,0.272,Watch
Male,0,Yes,No,20,Yes,Yes,Fiber optic,Yes,Yes,Yes,Yes,Yes,No,Month-to-month,No,Bank transfer (automatic),94.34,1924.48,1,20.9,0,0,0.717,Critical Risk
Female,1,No,No,51,Yes,Yes,DSL,No,Yes,Yes,Yes,Yes,Yes,One year,No,Electronic check,71.17,3614.06,0,11.6,1,0,0.149,Healthy
Female,0,Yes,No,1,Yes,Yes,DSL,No,Yes,No,No,No,No,Two year,No,Bank transfer (automatic),47.47,21.21,2,14.4,1,0,0.289,Watch
Female,1,Yes,No,51,Yes,No,Fiber optic,Yes,No,No,Yes,Yes,No,Two year,No,Bank transfer (automatic),82.11,4193.02,5,13.9,1,0,0.325,Watch
Male,0,No,No,31,No,No,Fiber optic,No,Yes,Yes,Yes,No,No,Month-to-month,Yes,Electronic check,82.76,2547.34,2,10.8,0,0,0.758,Critical Risk
Male,0,No,Yes,55,Yes,No,Fiber optic,Yes,No,Yes,Yes,No,No,Month-to-month,Yes,Mailed check,82.15,4525.77,0,23.6,0,0,0.413,High Risk
Male,0,No,No,9,Yes,Yes,No,No,No,No,No,No,No,Two year,Yes,Electronic check,18.0,138.21,2,30.0,0,0,0.148,Healthy
Female,1,Yes,Yes,41,No,No,Fiber optic,Yes,Yes,Yes,Yes,No,No,Month-to-month,No,Bank transfer (automatic),87.3,3606.55,0,8.1,2,0,0.627,High Risk
Female,0,Yes,Yes,39,Yes,No,Fiber optic,No,Yes,No,No,No,Yes,One year,Yes,Mailed check,73.88,2872.62,0,12.1,1,0,0.318,Watch
Female,0,No,Yes,1,No,No,No,No,No,No,No,No,No,Month-to-month,Yes,Bank transfer (automatic),18.0,13.62,2,9.7,1,1,0.763,Critical Risk
Female,0,Yes,Yes,38,Yes,No,DSL,No,No,No,Yes,Yes,Yes,Two year,Yes,Credit card (automatic),58.19,2232.22,1,15.7,0,0,0.049,Healthy
Female,0,No,No,47,Yes,No,Fiber optic,No,No,No,No,No,Yes,Month-to-month,Yes,Mailed check,63.89,3020.14,0,15.3,0,0,0.442,High Risk
Male,0,Yes,No,29,Yes,No,Fiber optic,Yes,Yes,No,No,Yes,No,Two year,Yes,Credit card (automatic),82.98,2414.04,1,19.4,0,0,0.202,Watch
Male,0,Yes,No,44,Yes,Yes,Fiber optic,No,No,No,Yes,Yes,Yes,Month-to-month,Yes,Mailed check,80.41,3573.68,0,5.9,0,0,0.496,High Risk
Female,0,Yes,No,23,Yes,No,No,No,No,No,No,No,No,Month-to-month,Yes,Electronic check,18.55,434.84,1,19.7,0,0,0.539,High Risk
Male,0,Yes,No,44,Yes,Yes,Fiber optic,No,Yes,Yes,Yes,No,No,Month-to-month,Yes,Electronic check,85.14,3713.12,2,2.3,1,0,0.758,Critical Risk
Male,0,Yes,No,17,Yes,No,No,No,No,No,No,No,No,Month-to-month,Yes,Bank transfer (automatic),18.0,306.36,1,17.8,0,0,0.528,High Risk
Male,0,No,No,20,Yes,No,DSL,No,No,No,Yes,No,No,Month-to-month,Yes,Bank transfer (automatic),45.43,907.15,1,9.6,0,1,0.546,High Risk
Male,0,No,No,5,Yes,No,No,No,No,No,No,No,No,Month-to-month,No,Electronic check,18.0,64.22,4,5.9,0,0,0.836,Critical Risk
Female,0,Yes,No,7,Yes,No,DSL,No,Yes,Yes,Yes,No,Yes,Two year,No,Credit card (automatic),62.89,453.68,0,15.6,0,0,0.074,Healthy
Female,0,No,No,9,Yes,Yes,DSL,Yes,Yes,Yes,No,Yes,No,One year,Yes,Mailed check,59.03,503.52,1,10.2,0,0,0.342,Watch
Female,1,Yes,No,13,Yes,Yes,DSL,No,Yes,Yes,Yes,No,No,One year,No,Bank transfer (automatic),52.47,677.01,1,22.8,4,0,0.439,High Risk
Male,0,Yes,No,52,Yes,No,Fiber optic,No,No,No,No,Yes,Yes,Month-to-month,Yes,Credit card (automatic),73.31,3793.64,0,17.6,0,0,0.471,High Risk
Male,0,No,No,15,Yes,No,DSL,No,Yes,No,No,No,No,Month-to-month,Yes,Mailed check,44.0,677.4,1,12.0,1,1,0.701,Critical Risk
Male,0,No,No,25,Yes,Yes,DSL,Yes,Yes,No,Yes,Yes,Yes,Month-to-month,No,Credit card (automatic),64.77,1586.25,0,11.2,1,0,0.501,High Risk
Male,0,No,Yes,12,Yes,No,Fiber optic,No,No,Yes,Yes,No,No,Month-to-month,Yes,Bank transfer (automatic),74.39,899.06,1,13.4,0,0,0.737,Critical Risk
Female,0,Yes,No,30,Yes,No,Fiber optic,No,Yes,Yes,Yes,Yes,No,Two year,Yes,Mailed check,92.05,2787.17,1,25.8,1,0,0.201,Watch
Female,0,Yes,No,17,No,No,Fiber optic,Yes,No,No,No,No,No,Month-to-month,No,Mailed check,67.55,1126.77,1,3.5,0,0,0.825,Critical Risk
Female,0,No,No,24,Yes,Yes,Fiber optic,No,No,No,No,No,Yes,Month-to-month,No,Bank transfer (automatic),70.84,1704.2,1,6.2,2,1,0.871,Critical Risk
Male,0,No,Yes,5,Yes,No,No,No,No,No,No,No,No,Two year,Yes,Credit card (automatic),18.0,57.21,1,22.7,1,0,0.125,Healthy
Female,0,No,No,36,Yes,No,Fiber optic,No,Yes,Yes,Yes,Yes,Yes,One year,Yes,Credit card (automatic),87.45,3129.87,1,7.0,0,0,0.223,Watch
Male,0,No,Yes,19,Yes,No,Fiber optic,No,Yes,No,No,No,No,Month-to-month,No,Electronic check,63.45,1185.84,0,15.8,0,1,0.747,Critical Risk
Male,0,Yes,No,47,Yes,No,No,No,No,No,No,No,No,Month-to-month,No,Bank transfer (automatic),18.0,887.78,1,18.5,0,0,0.239,Watch
Female,0,No,No,72,Yes,No,No,No,No,No,No,No,No,Month-to-month,No,Credit card (automatic),18.0,1277.98,2,11.8,1,0,0.179,Healthy
Male,0,No,No,35,Yes,No,Fiber optic,No,Yes,Yes,No,No,Yes,Month-to-month,No,Electronic check,81.15,2825.8,1,18.6,1,0,0.779,Critical Risk
Male,0,Yes,No,37,Yes,Yes,DSL,No,No,Yes,No,Yes,Yes,Two year,No,Mailed check,47.57,1763.76,1,1.9,0,0,0.073,Healthy
Female,1,Yes,Yes,60,Yes,No,DSL,No,Yes,Yes,No,Yes,No,One year,Yes,Bank transfer (automatic),55.37,3308.9,1,16.3,1,0,0.106,Healthy
Male,0,No,No,25,Yes,No,Fiber optic,Yes,No,Yes,Yes,Yes,Yes,One year,Yes,Mailed check,91.7,2313.49,3,24.9,0,0,0.513,High Risk
Female,1,Yes,Yes,10,Yes,No,No,No,No,No,No,No,No,Month-to-month,No,Electronic check,18.0,181.25,2,14.9,0,0,0.649,High Risk
Male,0,No,No,52,Yes,No,DSL,No,No,No,Yes,No,No,One year,Yes,Electronic check,44.55,2312.75,2,18.4,0,0,0.162,Healthy
Female,0,No,No,47,Yes,No,Fiber optic,No,No,Yes,No,No,Yes,Month-to-month,Yes,Bank transfer (automatic),68.96,3234.36,2,29.1,2,1,0.662,High Risk
Male,0,Yes,Yes,34,Yes,No,DSL,Yes,No,No,No,Yes,Yes,One year,Yes,Credit card (automatic),57.98,1949.61,0,13.1,1,0,0.231,Watch
Male,0,No,No,28,Yes,Yes,Fiber optic,Yes,No,Yes,Yes,Yes,No,One year,No,Electronic check,88.86,2512.15,1,6.3,0,0,0.54,High Risk
Female,0,No,No,2,Yes,No,No,No,No,No,No,No,No,Month-to-month,Yes,Mailed check,18.03,48.58,2,0.4,0,0,0.738,Critical Risk
Male,0,Yes,Yes,40,Yes,Yes,Fiber optic,Yes,Yes,No,Yes,No,No,Month-to-month,Yes,Electronic check,77.26,3126.98,1,14.8,1,1,0.704,Critical Risk
Female,1,No,No,39,Yes,No,No,No,No,No,No,No,No,Two year,Yes,Bank transfer (automatic),18.65,747.27,0,6.8,1,0,0.055,Healthy
Male,0,Yes,Yes,37,Yes,Yes,Fiber optic,No,Yes,Yes,Yes,No,Yes,One year,Yes,Credit card (automatic),78.28,2886.31,0,19.0,0,0,0.115,Healthy
Female,0,No,Yes,22,Yes,No,Fiber optic,No,No,No,Yes,No,No,One year,Yes,Bank transfer (automatic),68.6,1497.99,3,20.5,2,0,0.627,High Risk
Female,0,Yes,No,11,Yes,Yes,No,No,No,No,No,No,No,Two year,No,Bank transfer (automatic),19.17,243.74,1,11.3,0,0,0.113,Healthy
Male,0,Yes,No,41,No,No,Fiber optic,No,Yes,Yes,Yes,Yes,No,Month-to-month,No,Credit card (automatic),88.79,3637.05,1,4.3,0,0,0.488,High Risk
Male,0,No,No,45,Yes,Yes,No,No,No,No,No,No,No,Month-to-month,Yes,Bank transfer (automatic),18.0,810.56,2,19.0,0,0,0.303,Watch
Female,0,Yes,No,12,No,No,DSL,No,Yes,Yes,No,No,Yes,Month-to-month,Yes,Bank transfer (automatic),52.56,626.1,1,11.9,0,1,0.572,High Risk
Female,0,Yes,No,8,Yes,Yes,DSL,Yes,Yes,Yes,No,Yes,No,Month-to-month,Yes,Bank transfer (automatic),62.88,502.56,1,18.8,0,1,0.684,High Risk
Male,0,Yes,No,35,Yes,Yes,DSL,Yes,No,Yes,No,Yes,No,One year,No,Electronic check,55.92,1962.6,1,14.3,1,0,0.352,Watch
Male,0,No,Yes,3,Yes,Yes,No,No,No,No,No,No,No,Month-to-month,Yes,Mailed check,18.0,80.33,1,16.2,0,1,0.606,High Risk
Female,1,No,Yes,14,Yes,No,DSL,No,Yes,Yes,Yes,No,Yes,Month-to-month,Yes,Bank transfer (automatic),59.54,888.63,3,17.0,1,1,0.686,High Risk
Female,0,Yes,No,46,Yes,Yes,No,No,No,No,No,No,No,Month-to-month,Yes,Credit card (automatic),18.0,825.21,2,13.0,0,0,0.253,Watch
Male,0,Yes,No,21,Yes,No,Fiber optic,Yes,No,No,Yes,No,Yes,Month-to-month,Yes,Electronic check,79.69,1670.01,0,17.8,0,0,0.754,Critical Risk
Male,1,Yes,No,33,Yes,Yes,Fiber optic,Yes,No,No,No,No,Yes,Two year,No,Electronic check,72.76,2401.68,3,23.7,2,0,0.448,High Risk
Female,0,No,Yes,50,Yes,No,Fiber optic,No,Yes,Yes,No,Yes,No,One year,Yes,Mailed check,86.15,4320.53,2,6.2,1,0,0.492,High Risk
Male,0,Yes,No,12,Yes,Yes,Fiber optic,Yes,Yes,No,Yes,No,No,One year,Yes,Credit card (automatic),77.97,930.67,0,6.9,0,0,0.322,Watch
Male,0,No,Yes,16,Yes,No,DSL,Yes,No,Yes,No,No,No,Month-to-month,Yes,Mailed check,50.12,771.02,0,13.1,1,0,0.687,High Risk
Female,0,No,No,21,Yes,Yes,Fiber optic,No,No,Yes,No,Yes,Yes,Month-to-month,No,Electronic check,76.24,1570.58,0,7.4,1,0,0.843,Critical Risk
Male,1,No,No,30,Yes,No,No,No,No,No,No,No,No,Two year,Yes,Credit card (automatic),19.92,629.78,1,3.8,1,0,0.083,Healthy
Female,0,No,Yes,40,Yes,Yes,DSL,No,No,Yes,Yes,Yes,Yes,Month-to-month,Yes,Mailed check,66.14,2634.36,1,19.9,0,0,0.348,Watch
Male,0,Yes,No,5,Yes,No,DSL,No,No,Yes,No,No,No,One year,Yes,Credit card (automatic),41.23,186.21,1,17.1,0,0,0.255,Watch
Female,1,No,No,34,Yes,No,No,No,No,No,No,No,No,Month-to-month,No,Electronic check,20.92,758.57,1,9.4,1,0,0.563,High Risk
Male,0,Yes,No,50,Yes,No,DSL,No,Yes,No,Yes,Yes,No,Month-to-month,No,Credit card (automatic),60.07,3015.58,1,22.5,0,0,0.256,Watch
Female,1,No,No,62,Yes,No,DSL,Yes,No,Yes,No,Yes,Yes,Month-to-month,No,Credit card (automatic),60.33,3731.08,2,28.2,1,0,0.28,Watch
Male,0,Yes,Yes,39,Yes,No,No,No,No,No,No,No,No,Month-to-month,Yes,Electronic check,19.85,749.91,0,18.0,0,0,0.368,Watch
Male,0,Yes,Yes,45,Yes,No,Fiber optic,No,Yes,No,No,Yes,No,One year,No,Electronic check,72.61,3294.44,0,22.4,1,1,0.298,Watch
Female,0,Yes,Yes,59,Yes,No,DSL,No,Yes,No,Yes,No,No,Month-to-month,Yes,Mailed check,55.38,3239.89,0,14.6,0,0,0.205,Watch
Female,0,Yes,Yes,53,Yes,No,No,No,No,No,No,No,No,Month-to-month,Yes,Electronic check,18.0,925.6,1,15.3,1,0,0.457,High Risk
Female,0,No,No,39,Yes,Yes,Fiber optic,Yes,Yes,No,Yes,No,Yes,Month-to-month,No,Bank transfer (automatic),90.6,3541.6,1,7.9,0,1,0.637,High Risk
Male,0,No,No,41,Yes,No,DSL,No,No,Yes,No,No,Yes,Two year,No,Electronic check,48.72,1973.72,0,13.4,1,0,0.091,Healthy
Male,0,Yes,No,72,Yes,No,Fiber optic,Yes,No,Yes,Yes,No,No,Month-to-month,Yes,Electronic check,74.26,5323.61,2,17.8,0,0,0.4,High Risk
Female,0,No,No,55,Yes,No,No,No,No,No,No,No,No,Two year,Yes,Bank transfer (automatic),19.0,1053.79,1,13.9,1,0,0.054,Healthy
Female,0,No,No,17,Yes,Yes,Fiber optic,Yes,Yes,No,Yes,Yes,No,Month-to-month,Yes,Credit card (automatic),84.95,1451.15,1,16.3,2,1,0.824,Critical Risk
Male,0,Yes,Yes,33,Yes,Yes,Fiber optic,Yes,No,No,Yes,No,No,Month-to-month,No,Electronic check,72.45,2358.74,3,22.0,1,0,0.833,Critical Risk
Female,0,Yes,Yes,54,Yes,No,Fiber optic,Yes,No,Yes,No,Yes,Yes,Two year,No,Electronic check,86.74,4696.01,2,19.1,0,0,0.228,Watch
Female,1,No,No,38,Yes,Yes,DSL,Yes,No,Yes,Yes,No,Yes,Month-to-month,No,Bank transfer (automatic),68.16,2555.0,4,20.6,1,1,0.614,High Risk
Female,0,Yes,No,31,Yes,Yes,Fiber optic,No,Yes,Yes,Yes,Yes,No,Month-to-month,Yes,Electronic check,87.6,2719.11,4,16.9,0,0,0.837,Critical Risk
Female,1,No,Yes,44,Yes,Yes,DSL,Yes,Yes,Yes,No,Yes,Yes,One year,Yes,Bank transfer (automatic),71.62,3125.86,2,9.9,1,0,0.243,Watch
Female,1,Yes,No,27,Yes,No,No,No,No,No,No,No,No,Month-to-month,Yes,Bank transfer (automatic),18.0,494.85,1,4.8,0,0,0.487,High Risk
Female,0,Yes,Yes,49,Yes,No,DSL,No,No,Yes,No,Yes,No,One year,No,Mailed check,54.96,2693.95,3,9.6,1,0,0.34,Watch
Female,0,No,No,53,Yes,Yes,DSL,No,No,Yes,Yes,Yes,Yes,Month-to-month,No,Bank transfer (automatic),66.88,3533.09,0,11.5,0,0,0.301,Watch
Female,0,No,No,65,Yes,Yes,DSL,Yes,No,No,No,No,Yes,Two year,Yes,Electronic check,44.97,2907.95,2,11.3,0,0,0.062,Healthy
Female,0,No,Yes,69,Yes,No,No,No,No,No,No,No,No,One year,Yes,Electronic check,19.5,1346.56,2,16.3,1,0,0.113,Healthy
Male,0,Yes,No,51,Yes,No,Fiber optic,No,Yes,No,Yes,Yes,No,Month-to-month,Yes,Electronic check,79.69,4051.52,0,27.8,1,1,0.584,High Risk
Female,1,No,No,55,Yes,No,Fiber optic,Yes,Yes,No,No,No,No,Month-to-month,Yes,Credit card (automatic),73.84,4044.72,2,20.6,0,1,0.482,High Risk
Female,1,No,No,56,Yes,No,Fiber optic,No,No,No,No,Yes,Yes,Month-to-month,Yes,Electronic check,75.14,4202.28,1,14.3,0,1,0.631,High Risk
Female,0,No,No,24,Yes,Yes,Fiber optic,No,Yes,No,No,No,No,Month-to-month,No,Mailed check,69.36,1679.12,1,9.1,0,0,0.715,Critical Risk
Female,0,No,No,66,Yes,No,No,No,No,No,No,No,No,Two year,Yes,Electronic check,19.57,1263.3,2,15.7,0,0,0.04,Healthy
Male,0,No,Yes,37,Yes,Yes,DSL,No,Yes,No,Yes,Yes,No,Month-to-month,Yes,Bank transfer (automatic),49.87,1832.1,1,22.0,1,0,0.379,Watch
Female,0,No,Yes,63,Yes,No,DSL,Yes,Yes,No,Yes,Yes,No,Month-to-month,No,Electronic check,57.12,3622.42,0,26.5,2,1,0.335,Watch
Male,0,No,No,15,Yes,No,No,No,No,No,No,No,No,Month-to-month,Yes,Mailed check,18.0,260.52,1,8.0,1,0,0.665,High Risk
Male,0,No,No,22,No,No,Fiber optic,Yes,No,No,No,No,No,Month-to-month,No,Electronic check,68.12,1546.85,0,23.1,0,0,0.752,Critical Risk
Male,0,No,Yes,45,Yes,Yes,Fiber optic,Yes,No,No,Yes,No,No,Month-to-month,No,Credit card (automatic),74.6,3380.75,0,12.6,0,1,0.386,Watch
Female,0,No,No,42,Yes,Yes,DSL,Yes,Yes,No,Yes,No,Yes,Month-to-month,Yes,Credit card (automatic),53.29,2226.33,2,12.5,0,1,0.279,Watch
Female,1,No,No,29,Yes,No,No,No,No,No,No,No,No,Month-to-month,Yes,Mailed check,19.46,545.74,1,13.3,2,0,0.59,High Risk
Female,0,Yes,Yes,16,Yes,No,No,No,No,No,No,No,No,Two year,Yes,Electronic check,20.01,333.84,2,18.8,0,0,0.183,Healthy
Male,1,Yes,Yes,16,Yes,No,Fiber optic,Yes,No,Yes,No,No,Yes,Month-to-month,No,Mailed check,82.93,1370.16,2,13.0,0,0,0.837,Critical Risk
Male,0,Yes,No,53,Yes,Yes,DSL,Yes,No,Yes,Yes,Yes,No,Month-to-month,No,Electronic check,60.79,3202.35,2,19.5,1,0,0.535,High Risk
Female,0,No,Yes,1,Yes,No,DSL,Yes,No,No,No,Yes,Yes,One year,No,Credit card (automatic),54.41,86.32,1,17.1,0,0,0.376,Watch
Male,1,Yes,No,8,Yes,No,DSL,Yes,Yes,No,Yes,No,Yes,Month-to-month,No,Credit card (automatic),55.2,461.89,1,16.4,0,1,0.434,High Risk
Female,0,Yes,No,67,Yes,Yes,Fiber optic,No,Yes,Yes,No,No,No,Month-to-month,Yes,Electronic check,75.04,5008.91,2,15.6,0,1,0.517,High Risk
Female,0,No,Yes,71,No,No,Fiber optic,No,No,Yes,Yes,Yes,No,Month-to-month,Yes,Bank transfer (automatic),78.57,5608.49,3,13.8,2,0,0.574,High Risk
Female,0,Yes,No,5,Yes,No,Fiber optic,Yes,No,No,Yes,Yes,No,One year,Yes,Bank transfer (automatic),77.51,387.75,4,11.0,0,1,0.724,Critical Risk
Male,0,No,Yes,10,No,No,DSL,Yes,No,Yes,Yes,No,Yes,Month-to-month,No,Bank transfer (automatic),61.91,630.3,0,24.3,0,1,0.481,High Risk
Male,0,No,No,24,Yes,No,DSL,No,No,Yes,Yes,Yes,Yes,Two year,Yes,Electronic check,63.0,1511.48,4,11.5,0,0,0.237,Watch
Male,0,Yes,Yes,42,Yes,No,No,No,No,No,No,No,No,Two year,Yes,Credit card (automatic),18.62,747.45,0,19.8,0,0,0.024,Healthy
Female,0,Yes,No,13,Yes,Yes,DSL,No,Yes,No,Yes,Yes,Yes,Month-to-month,No,Mailed check,58.68,746.24,1,24.0,1,1,0.596,High Risk
Male,0,No,No,71,Yes,No,No,No,No,No,No,No,No,Month-to-month,No,Credit card (automatic),18.82,1346.97,2,15.3,0,0,0.133,Healthy
Female,0,No,No,36,Yes,No,Fiber optic,Yes,No,No,Yes,No,No,Month-to-month,Yes,Electronic check,75.54,2742.52,0,16.3,0,0,0.668,High Risk
Male,0,Yes,Yes,39,Yes,No,DSL,No,Yes,Yes,Yes,Yes,No,Month-to-month,Yes,Credit card (automatic),62.42,2425.24,0,7.4,0,0,0.264,Watch
Male,0,Yes,No,14,Yes,Yes,Fiber optic,No,No,Yes,No,No,Yes,Month-to-month,No,Electronic check,75.65,1047.9,0,5.8,1,1,0.889,Critical Risk
Male,1,No,No,22,Yes,No,No,No,No,No,No,No,No,Month-to-month,Yes,Electronic check,18.0,422.27,0,4.7,1,0,0.597,High Risk
Female,0,No,No,53,No,No,No,No,No,No,No,No,No,Month-to-month,No,Electronic check,23.24,1273.59,3,15.3,1,0,0.578,High Risk
Female,0,No,No,46,Yes,Yes,DSL,Yes,Yes,No,Yes,Yes,Yes,Month-to-month,No,Electronic check,72.12,3334.2,0,9.1,0,0,0.394,Watch
Male,0,Yes,No,16,Yes,Yes,DSL,No,No,No,No,Yes,No,Month-to-month,Yes,Mailed check,44.91,715.15,3,10.5,0,1,0.755,Critical Risk
Female,1,No,No,32,Yes,Yes,Fiber optic,No,Yes,No,No,Yes,Yes,One year,No,Bank transfer (automatic),82.73,2660.65,1,15.5,0,0,0.347,Watch
Female,0,No,No,13,Yes,Yes,DSL,Yes,Yes,No,Yes,No,No,One year,No,Electronic check,54.69,720.98,1,16.5,0,0,0.335,Watch
Female,0,Yes,No,29,Yes,Yes,DSL,No,No,Yes,Yes,Yes,Yes,Two year,Yes,Electronic check,58.43,1707.83,2,11.0,0,0,0.143,Healthy
Female,1,No,No,15,Yes,Yes,No,No,No,No,No,No,No,Month-to-month,Yes,Bank transfer (automatic),21.13,337.65,1,16.5,0,1,0.522,High Risk
Male,0,No,No,71,Yes,No,Fiber optic,Yes,No,Yes,Yes,Yes,Yes,Month-to-month,Yes,Bank transfer (automatic),95.44,6787.74,0,7.5,1,0,0.453,High Risk
Male,1,No,No,21,Yes,No,Fiber optic,Yes,No,Yes,Yes,No,Yes,Month-to-month,No,Bank transfer (automatic),88.93,1906.94,2,5.7,0,1,0.785,Critical Risk
Female,0,No,Yes,34,Yes,Yes,Fiber optic,Yes,Yes,Yes,Yes,Yes,Yes,Month-to-month,No,Bank transfer (automatic),100.78,3432.81,3,12.5,0,0,0.773,Critical Risk
Male,0,Yes,No,46,Yes,No,DSL,Yes,Yes,No,No,No,Yes,Month-to-month,Yes,Bank transfer (automatic),52.75,2412.57,0,23.8,2,0,0.424,High Risk
Male,1,No,No,2,Yes,Yes,DSL,Yes,Yes,Yes,No,Yes,Yes,Month-to-month,Yes,Electronic check,69.49,159.02,2,8.6,0,0,0.836,Critical Risk
Male,1,Yes,No,15,Yes,Yes,Fiber optic,Yes,No,Yes,Yes,No,No,Month-to-month,No,Electronic check,80.87,1215.06,0,20.6,0,0,0.733,Critical Risk
Female,0,No,No,72,Yes,No,Fiber optic,Yes,No,No,Yes,No,No,Month-to-month,Yes,Credit card (automatic),73.63,5311.74,0,12.3,0,0,0.224,Watch
Male,0,Yes,No,50,Yes,Yes,Fiber optic,Yes,Yes,Yes,Yes,No,No,Month-to-month,Yes,Bank transfer (automatic),83.94,4213.98,1,18.3,0,0,0.51,High Risk
Male,0,Yes,Yes,17,Yes,Yes,DSL,Yes,No,No,No,No,Yes,One year,Yes,Credit card (automatic),54.66,950.81,1,24.5,1,0,0.329,Watch
Female,0,No,No,31,Yes,No,Fiber optic,Yes,Yes,No,No,Yes,No,One year,Yes,Credit card (automatic),80.73,2469.04,1,5.4,2,0,0.592,High Risk
Male,0,Yes,No,62,Yes,Yes,DSL,Yes,Yes,No,No,No,No,Month-to-month,No,Electronic check,51.1,3179.28,1,11.6,0,0,0.372,Watch
Male,0,No,Yes,14,Yes,Yes,DSL,Yes,No,Yes,Yes,No,Yes,One year,No,Bank transfer (automatic),55.14,759.93,2,16.3,0,0,0.284,Watch
Male,0,Yes,Yes,21,Yes,No,No,No,No,No,No,No,No,Month-to-month,No,Credit card (automatic),18.0,377.36,1,20.0,1,0,0.465,High Risk
Male,0,Yes,No,17,Yes,No,Fiber optic,No,No,No,No,Yes,Yes,One year,Yes,Bank transfer (automatic),70.89,1160.58,0,14.1,1,0,0.544,High Risk
Female,0,Yes,No,48,Yes,No,No,No,No,No,No,No,No,One year,Yes,Electronic check,18.77,917.17,1,18.0,0,0,0.105,Healthy
Female,0,Yes,No,38,Yes,No,No,No,No,No,No,No,No,Month-to-month,Yes,Bank transfer (automatic),18.0,700.68,0,14.9,0,0,0.304,Watch
Male,0,Yes,No,36,Yes,Yes,Fiber optic,Yes,No,No,No,No,Yes,Month-to-month,Yes,Mailed check,73.54,2668.49,1,19.0,0,0,0.669,High Risk
Female,0,Yes,No,27,Yes,No,DSL,Yes,No,No,No,Yes,Yes,Month-to-month,Yes,Bank transfer (automatic),47.13,1277.28,2,15.6,0,0,0.646,High Risk
Female,0,No,Yes,23,Yes,Yes,Fiber optic,No,No,No,No,No,Yes,One year,No,Credit card (automatic),72.82,1655.26,4,5.2,0,0,0.588,High Risk
Female,0,No,No,37,No,No,DSL,Yes,Yes,Yes,No,Yes,Yes,Month-to-month,Yes,Electronic check,67.61,2468.14,2,18.1,0,0,0.61,High Risk
Female,0,Yes,No,58,Yes,No,No,No,No,No,No,No,No,Two year,Yes,Mailed check,18.0,1064.12,2,23.1,0,0,0.032,Healthy
Female,0,Yes,No,59,Yes,No,No,No,No,No,No,No,No,One year,Yes,Electronic check,19.41,1161.84,0,14.5,1,0,0.117,Healthy
Male,0,Yes,No,57,Yes,No,Fiber optic,Yes,Yes,No,Yes,No,Yes,Month-to-month,Yes,Bank transfer (automatic),91.33,5206.96,1,17.7,0,0,0.517,High Risk
Male,0,Yes,Yes,3,Yes,Yes,Fiber optic,Yes,Yes,No,No,No,No,Month-to-month,Yes,Electronic check,77.54,230.99,3,27.0,0,1,0.92,Critical Risk
Female,0,Yes,No,35,Yes,Yes,DSL,No,No,No,No,Yes,No,Month-to-month,Yes,Electronic check,46.51,1647.97,0,13.3,0,0,0.542,High Risk
Female,0,No,No,28,Yes,Yes,DSL,No,No,Yes,Yes,Yes,Yes,One year,No,Bank transfer (automatic),65.88,1820.5,0,15.7,1,0,0.229,Watch
Female,0,No,No,68,Yes,No,DSL,Yes,No,No,Yes,No,No,Two year,Yes,Electronic check,43.92,2978.67,1,17.2,0,0,0.028,Healthy
Male,0,No,Yes,30,Yes,Yes,No,No,No,No,No,No,No,One year,No,Mailed check,20.47,641.66,0,4.8,1,0,0.206,Watch
Male,0,No,Yes,18,Yes,Yes,DSL,Yes,No,Yes,Yes,Yes,Yes,Month-to-month,No,Bank transfer (automatic),65.09,1141.48,1,10.8,1,0,0.671,High Risk
Female,0,No,No,18,Yes,Yes,No,No,No,No,No,No,No,Month-to-month,No,Bank transfer (automatic),18.0,340.27,2,18.4,0,0,0.55,High Risk
Male,0,Yes,No,14,Yes,Yes,Fiber optic,Yes,Yes,No,No,Yes,No,Two year,No,Bank transfer (automatic),80.29,1104.85,2,4.5,0,0,0.443,High Risk
Female,0,Yes,No,32,Yes,No,Fiber optic,Yes,Yes,Yes,Yes,No,Yes,Month-to-month,No,Bank transfer (automatic),93.08,2967.62,1,13.6,0,0,0.667,High Risk
Female,0,No,No,19,Yes,Yes,DSL,No,Yes,Yes,Yes,Yes,No,One year,Yes,Bank transfer (automatic),58.87,1115.07,1,20.8,0,0,0.178,Healthy
Female,0,Yes,Yes,41,Yes,No,DSL,No,No,No,Yes,No,No,Month-to-month,No,Bank transfer (automatic),35.64,1467.55,1,11.4,1,0,0.36,Watch
Male,0,Yes,No,16,Yes,Yes,Fiber optic,No,No,No,No,Yes,Yes,Month-to-month,Yes,Mailed check,73.2,1172.7,2,6.2,0,1,0.86,Critical Risk
Female,0,No,No,42,Yes,No,Fiber optic,No,Yes,No,Yes,Yes,Yes,Month-to-month,Yes,Mailed check,82.84,3489.32,0,10.4,0,0,0.467,High Risk
Female,0,Yes,Yes,44,Yes,Yes,Fiber optic,No,No,No,No,Yes,Yes,Month-to-month,Yes,Electronic check,73.01,3226.37,1,14.4,2,1,0.811,Critical Risk
Female,0,Yes,No,48,Yes,No,DSL,Yes,No,Yes,No,Yes,No,Month-to-month,No,Credit card (automatic),54.36,2591.73,0,21.7,0,0,0.219,Watch
Female,0,No,Yes,64,Yes,No,DSL,No,Yes,No,Yes,Yes,Yes,Month-to-month,Yes,Mailed check,67.12,4290.21,2,14.3,0,0,0.279,Watch
Male,0,Yes,No,5,Yes,Yes,DSL,No,No,Yes,No,No,Yes,Month-to-month,Yes,Bank transfer (automatic),54.46,267.08,1,5.8,0,0,0.741,Critical Risk
Female,0,Yes,No,3,Yes,Yes,Fiber optic,No,Yes,Yes,Yes,Yes,Yes,Month-to-month,Yes,Mailed check,94.62,304.02,4,9.6,2,1,0.947,Critical Risk
Female,0,Yes,Yes,33,Yes,No,Fiber optic,Yes,No,No,Yes,Yes,No,Month-to-month,Yes,Bank transfer (automatic),80.24,2641.27,3,11.6,1,1,0.851,Critical Risk
Female,0,Yes,No,37,Yes,Yes,DSL,Yes,No,No,No,No,Yes,Two year,No,Credit card (automatic),45.03,1640.41,1,19.4,1,0,0.071,Healthy
Female,1,No,No,55,Yes,No,No,No,No,No,No,No,No,Month-to-month,No,Electronic check,21.35,1165.13,0,12.5,2,1,0.437,High Risk
Male,0,No,Yes,16,Yes,Yes,DSL,Yes,No,Yes,No,Yes,No,Two year,Yes,Electronic check,54.68,895.66,2,9.2,2,1,0.459,High Risk
Female,0,Yes,No,33,No,No,No,No,No,No,No,No,No,Month-to-month,Yes,Electronic check,19.36,646.47,1,14.6,1,0,0.577,High Risk
Male,0,Yes,No,44,Yes,No,Fiber optic,No,Yes,Yes,No,No,Yes,Month-to-month,No,Credit card (automatic),80.36,3545.47,1,17.3,1,1,0.538,High Risk
Male,0,Yes,No,47,Yes,Yes,Fiber optic,No,Yes,No,No,Yes,No,One year,Yes,Electronic check,75.85,3542.85,2,10.0,0,1,0.377,Watch
Female,0,No,Yes,39,Yes,Yes,DSL,Yes,No,Yes,Yes,No,No,One year,Yes,Credit card (automatic),57.01,2251.25,3,18.3,0,0,0.146,Healthy
Male,0,Yes,No,43,Yes,No,Fiber optic,No,No,No,Yes,Yes,Yes,One year,Yes,Electronic check,75.55,3259.42,2,22.3,1,0,0.376,Watch
Male,0,Yes,Yes,11,Yes,Yes,Fiber optic,No,Yes,Yes,No,Yes,No,Month-to-month,Yes,Credit card (automatic),75.58,839.56,0,10.4,2,1,0.808,Critical Risk
Female,0,No,Yes,33,Yes,Yes,DSL,Yes,No,Yes,Yes,No,No,Month-to-month,No,Electronic check,51.25,1684.41,0,19.4,1,0,0.493,High Risk
Female,0,No,Yes,39,No,No,DSL,No,No,Yes,Yes,No,No,Month-to-month,No,Electronic check,42.28,1678.66,3,13.5,0,0,0.461,High Risk
Male,0,No,Yes,5,Yes,Yes,Fiber optic,No,No,Yes,Yes,Yes,No,Month-to-month,Yes,Credit card (automatic),78.75,364.75,2,12.8,1,1,0.835,Critical Risk
Male,1,No,No,70,Yes,No,Fiber optic,No,Yes,No,Yes,Yes,Yes,One year,No,Credit card (automatic),91.91,6402.32,0,14.5,0,0,0.061,Healthy
Male,0,No,No,46,Yes,No,Fiber optic,No,No,No,Yes,Yes,Yes,One year,No,Mailed check,82.78,3795.68,0,19.3,1,1,0.211,Watch
Female,0,No,No,52,Yes,Yes,DSL,Yes,Yes,Yes,No,No,No,Month-to-month,Yes,Bank transfer (automatic),51.3,2661.0,0,8.4,1,0,0.41,High Risk
Male,0,No,No,39,No,No,DSL,No,Yes,No,No,No,Yes,Two year,Yes,Electronic check,50.41,1966.05,1,11.3,0,0,0.091,Healthy
Female,0,Yes,Yes,67,Yes,Yes,Fiber optic,Yes,No,No,Yes,Yes,Yes,Two year,Yes,Credit card (automatic),84.61,5676.08,1,16.0,1,0,0.064,Healthy
Female,1,Yes,No,0,Yes,Yes,DSL,Yes,Yes,Yes,Yes,No,Yes,Month-to-month,No,Credit card (automatic),62.64,20.64,1,16.2,0,0,0.495,High Risk
Female,0,Yes,No,69,Yes,Yes,DSL,Yes,Yes,No,Yes,No,No,Two year,No,Credit card (automatic),51.69,3567.61,0,25.3,0,0,0.008,Healthy
Male,0,No,Yes,15,Yes,No,DSL,No,No,No,No,No,Yes,Month-to-month,No,Credit card (automatic),42.91,634.44,0,20.2,0,0,0.475,High Risk
Female,0,No,No,64,Yes,No,No,No,No,No,No,No,No,Month-to-month,No,Mailed check,18.0,1147.35,2,18.2,0,0,0.206,Watch
Male,1,No,Yes,4,Yes,Yes,DSL,Yes,Yes,No,Yes,Yes,Yes,Month-to-month,Yes,Electronic check,67.49,285.58,1,30.0,0,0,0.647,High Risk
Male,0,Yes,No,22,Yes,No,Fiber optic,Yes,No,Yes,No,No,No,Month-to-month,Yes,Credit card (automatic),70.72,1545.32,2,2.6,1,1,0.839,Critical Risk
Male,1,No,No,41,Yes,Yes,Fiber optic,No,No,Yes,No,Yes,No,Two year,No,Mailed check,76.91,3151.53,2,14.8,0,0,0.14,Healthy
Male,1,Yes,Yes,48,Yes,No,Fiber optic,Yes,No,Yes,Yes,Yes,No,One year,No,Credit card (automatic),90.42,4329.88,1,12.1,1,0,0.208,Watch
Female,0,Yes,No,1,Yes,No,DSL,Yes,No,No,Yes,No,No,Month-to-month,No,Electronic check,46.92,58.51,1,3.2,0,1,0.782,Critical Risk
Male,1,No,No,26,Yes,No,DSL,Yes,Yes,No,Yes,No,Yes,One year,Yes,Bank transfer (automatic),60.98,1597.89,2,18.2,0,1,0.221,Watch
Female,1,No,Yes,61,Yes,No,DSL,No,No,No,Yes,Yes,No,Month-to-month,Yes,Mailed check,48.09,2953.32,3,7.9,0,0,0.308,Watch
Male,0,No,No,13,Yes,Yes,No,No,No,No,No,No,No,Month-to-month,No,Electronic check,22.68,292.66,2,6.3,0,0,0.76,Critical Risk
Male,0,Yes,No,69,Yes,No,Fiber optic,No,No,No,No,No,Yes,Two year,Yes,Electronic check,72.23,4983.21,2,17.8,0,0,0.113,Healthy
Male,0,Yes,Yes,51,Yes,No,No,No,No,No,No,No,No,Month-to-month,Yes,Bank transfer (automatic),20.71,1034.4,2,10.2,3,1,0.666,High Risk
Male,0,Yes,Yes,71,Yes,No,No,No,No,No,No,No,No,One year,Yes,Electronic check,19.18,1329.92,0,21.0,1,0,0.06,Healthy
Male,0,Yes,No,65,Yes,No,DSL,No,No,No,No,Yes,Yes,Month-to-month,Yes,Bank transfer (automatic),53.57,3474.68,3,11.7,2,1,0.595,High Risk
Female,0,No,No,16,Yes,Yes,Fiber optic,No,Yes,Yes,Yes,No,No,Month-to-month,No,Mailed check,84.35,1345.16,1,15.9,0,1,0.712,Critical Risk
Female,0,Yes,No,68,Yes,No,Fiber optic,No,No,No,Yes,Yes,No,Month-to-month,No,Electronic check,77.55,5270.09,1,24.1,1,0,0.495,High Risk
Male,0,Yes,No,36,Yes,Yes,Fiber optic,No,Yes,No,No,No,Yes,Two year,No,Electronic check,75.5,2738.44,0,23.1,1,0,0.197,Healthy
Female,0,Yes,No,18,No,No,No,No,No,No,No,No,No,Month-to-month,Yes,Electronic check,18.0,298.65,1,12.8,0,0,0.606,High Risk
Female,0,No,No,65,Yes,Yes,Fiber optic,No,No,Yes,No,No,No,Month-to-month,Yes,Electronic check,65.61,4233.02,0,9.7,1,0,0.534,High Risk
Male,0,No,No,34,Yes,Yes,Fiber optic,No,Yes,Yes,No,Yes,Yes,Month-to-month,Yes,Electronic check,87.12,2927.89,1,15.0,1,0,0.817,Critical Risk
Male,0,Yes,Yes,50,Yes,No,DSL,No,No,Yes,No,No,Yes,Month-to-month,Yes,Electronic check,49.68,2475.95,3,15.4,0,1,0.602,High Risk
Male,0,Yes,Yes,44,Yes,Yes,No,No,No,No,No,No,No,Month-to-month,No,Credit card (automatic),21.57,980.73,1,11.1,0,0,0.244,Watch
Female,0,No,Yes,21,Yes,Yes,DSL,Yes,No,No,No,Yes,Yes,Month-to-month,Yes,Electronic check,54.73,1173.64,4,22.3,0,1,0.817,Critical Risk
Female,0,No,No,71,Yes,No,Fiber optic,No,Yes,No,No,No,No,Month-to-month,Yes,Credit card (automatic),70.32,5013.72,1,7.8,0,0,0.319,Watch
Male,1,Yes,No,60,Yes,No,No,No,No,No,No,No,No,Month-to-month,Yes,Electronic check,18.0,1068.98,1,13.0,1,0,0.336,Watch
Female,0,Yes,No,38,Yes,No,DSL,No,Yes,No,No,Yes,Yes,Month-to-month,No,Bank transfer (automatic),55.71,2093.54,1,12.9,0,0,0.452,High Risk
Female,0,No,No,41,Yes,No,Fiber optic,Yes,Yes,Yes,No,Yes,Yes,Two year,No,Electronic check,88.51,3638.15,1,9.3,1,1,0.279,Watch
Female,0,No,No,5,Yes,No,Fiber optic,Yes,Yes,Yes,No,No,Yes,Month-to-month,No,Bank transfer (automatic),80.88,438.69,1,9.8,1,1,0.883,Critical Risk
Male,0,Yes,Yes,53,Yes,Yes,Fiber optic,No,Yes,Yes,No,No,Yes,One year,No,Bank transfer (automatic),84.72,4486.54,1,9.6,0,1,0.271,Watch
Female,0,Yes,No,66,Yes,No,DSL,No,Yes,Yes,No,Yes,No,Month-to-month,No,Electronic check,51.15,3359.26,0,17.5,3,0,0.44,High Risk
Female,0,Yes,No,70,Yes,No,DSL,Yes,Yes,Yes,No,No,No,Month-to-month,Yes,Electronic check,61.79,4315.55,0,16.4,0,1,0.26,Watch
Female,0,Yes,No,40,Yes,Yes,Fiber optic,Yes,Yes,No,Yes,Yes,No,One year,Yes,Credit card (automatic),86.32,3445.13,2,7.7,2,0,0.441,High Risk
Female,0,Yes,No,72,Yes,No,Fiber optic,Yes,No,No,Yes,No,Yes,Month-to-month,Yes,Electronic check,81.58,5909.28,1,2.3,1,0,0.58,High Risk
Female,0,Yes,Yes,58,Yes,Yes,No,No,No,No,No,No,No,Two year,No,Electronic check,18.0,1042.21,0,15.1,0,0,0.033,Healthy
Female,0,Yes,No,36,No,No,Fiber optic,Yes,No,No,No,No,No,Two year,Yes,Bank transfer (automatic),69.47,2523.91,1,18.2,0,0,0.179,Healthy
Male,0,Yes,No,58,Yes,Yes,Fiber optic,No,No,Yes,No,Yes,Yes,One year,Yes,Electronic check,80.55,4685.34,0,16.5,0,0,0.243,Watch
Male,1,No,No,11,Yes,No,DSL,No,Yes,Yes,Yes,No,No,Two year,No,Bank transfer (automatic),62.38,698.01,1,6.2,0,0,0.111,Healthy
Male,0,Yes,No,49,Yes,No,No,No,No,No,No,No,No,Two year,No,Mailed check,24.13,1206.63,1,23.0,1,0,0.062,Healthy
Male,1,No,No,45,Yes,Yes,DSL,Yes,Yes,Yes,No,Yes,Yes,Month-to-month,No,Mailed check,61.02,2771.74,4,13.1,0,1,0.454,High Risk
Female,0,Yes,Yes,36,Yes,Yes,No,No,No,No,No,No,No,Two year,No,Electronic check,22.78,815.2,2,15.3,1,0,0.141,Healthy
Female,0,No,No,47,Yes,No,No,No,No,No,No,No,No,Two year,Yes,Electronic check,18.0,823.8,0,12.1,1,0,0.057,Healthy
Female,0,No,Yes,62,Yes,No,No,No,No,No,No,No,No,Month-to-month,No,Electronic check,18.0,1111.51,0,14.6,0,0,0.226,Watch
Female,0,No,Yes,41,Yes,Yes,DSL,Yes,Yes,No,No,Yes,No,Month-to-month,Yes,Bank transfer (automatic),56.3,2300.18,3,9.3,1,1,0.674,High Risk
Male,0,Yes,Yes,27,Yes,Yes,DSL,Yes,Yes,No,Yes,Yes,Yes,One year,Yes,Mailed check,62.19,1706.7,1,7.0,1,0,0.288,Watch
Male,1,Yes,No,30,Yes,No,Fiber optic,Yes,No,No,Yes,No,Yes,Month-to-month,Yes,Credit card (automatic),83.12,2502.56,0,24.7,1,0,0.596,High Risk
Female,0,No,No,41,Yes,Yes,Fiber optic,No,No,No,No,No,Yes,Month-to-month,No,Electronic check,70.35,2851.47,2,9.0,0,0,0.761,Critical Risk
Male,0,Yes,No,42,Yes,No,Fiber optic,No,No,No,Yes,Yes,Yes,One year,Yes,Mailed check,80.65,3371.7,3,21.7,0,0,0.304,Watch
Female,0,Yes,No,22,Yes,No,Fiber optic,No,Yes,Yes,No,No,Yes,Two year,Yes,Electronic check,77.59,1696.7,2,11.6,2,0,0.505,High Risk
Male,0,Yes,Yes,38,Yes,No,Fiber optic,Yes,No,Yes,Yes,Yes,No,Two year,No,Mailed check,83.63,3194.41,1,29.2,2,0,0.183,Healthy
Male,0,No,No,20,Yes,Yes,DSL,No,No,No,Yes,No,Yes,One year,Yes,Electronic check,53.19,1053.41,2,20.6,0,0,0.317,Watch
Female,0,No,No,68,Yes,Yes,DSL,No,Yes,Yes,No,No,Yes,Two year,Yes,Electronic check,57.41,3925.56,1,14.9,0,0,0.036,Healthy
Female,0,Yes,Yes,39,Yes,Yes,Fiber optic,No,No,No,Yes,Yes,No,Two year,Yes,Bank transfer (automatic),79.5,3077.61,1,10.5,0,0,0.15,Healthy
Female,0,No,No,61,Yes,Yes,DSL,No,Yes,Yes,Yes,Yes,Yes,One year,Yes,Credit card (automatic),74.97,4534.3,3,11.4,0,0,0.101,Healthy
Male,0,No,No,27,Yes,No,Fiber optic,No,Yes,No,No,Yes,No,Month-to-month,Yes,Mailed check,67.63,1829.67,1,20.6,0,0,0.688,High Risk
Female,0,Yes,No,28,Yes,No,No,No,No,No,No,No,No,Month-to-month,Yes,Electronic check,18.0,467.66,1,9.3,0,1,0.588,High Risk
Female,0,Yes,No,21,Yes,No,No,No,No,No,No,No,No,Two year,No,Mailed check,18.0,373.07,3,26.3,1,0,0.139,Healthy
Female,0,Yes,No,41,No,No,Fiber optic,No,No,No,No,No,Yes,Month-to-month,No,Mailed check,64.4,2644.32,0,11.3,0,0,0.504,High Risk
Male,1,No,No,44,Yes,Yes,Fiber optic,Yes,No,No,Yes,No,No,One year,Yes,Mailed check,72.76,3222.58,1,25.8,1,0,0.197,Healthy
Male,1,No,No,41,Yes,No,No,No,No,No,No,No,No,Two year,No,Credit card (automatic),18.0,753.46,0,13.6,0,0,0.021,Healthy
Female,0,No,Yes,61,No,No,Fiber optic,No,No,Yes,Yes,No,Yes,One year,No,Credit card (automatic),89.0,5405.31,1,15.2,1,0,0.169,Healthy
Male,0,No,No,37,Yes,No,Fiber optic,No,Yes,No,Yes,No,Yes,Two year,Yes,Electronic check,88.99,3271.74,2,19.0,0,0,0.224,Watch
Female,0,Yes,No,59,Yes,No,DSL,No,Yes,No,No,Yes,No,One year,No,Credit card (automatic),45.4,2653.29,1,16.1,1,0,0.088,Healthy
Male,0,No,No,4,Yes,Yes,Fiber optic,No,No,Yes,Yes,Yes,Yes,Two year,Yes,Bank transfer (automatic),79.08,304.6,1,10.6,2,1,0.436,High Risk
Male,0,No,No,26,Yes,Yes,DSL,Yes,No,No,No,No,No,Two year,Yes,Mailed check,43.46,1156.64,0,9.3,1,0,0.155,Healthy
Female,0,No,Yes,52,Yes,No,DSL,No,No,No,No,No,No,One year,No,Electronic check,34.15,1834.69,0,11.4,0,0,0.138,Healthy
Male,0,Yes,No,27,Yes,No,Fiber optic,Yes,Yes,No,Yes,No,Yes,One year,Yes,Bank transfer (automatic),88.42,2392.55,2,6.5,0,0,0.516,High Risk
Male,1,Yes,No,53,Yes,Yes,DSL,No,Yes,No,Yes,Yes,Yes,Two year,Yes,Bank transfer (automatic),63.4,3357.24,1,10.7,0,0,0.04,Healthy
Female,0,Yes,No,43,Yes,No,DSL,No,No,Yes,Yes,Yes,Yes,One year,Yes,Credit card (automatic),57.51,2466.5,0,15.2,2,0,0.114,Healthy
Male,1,Yes,Yes,35,Yes,No,Fiber optic,No,No,Yes,No,No,No,One year,Yes,Electronic check,66.76,2321.89,2,5.2,0,0,0.465,High Risk
Female,0,No,Yes,40,Yes,Yes,Fiber optic,Yes,Yes,No,Yes,Yes,No,One year,Yes,Mailed check,84.23,3330.18,1,7.9,1,0,0.349,Watch
Male,0,No,No,65,Yes,Yes,Fiber optic,No,No,Yes,No,No,No,Month-to-month,No,Bank transfer (automatic),68.46,4475.87,1,13.2,0,0,0.409,High Risk
Female,0,No,No,49,Yes,Yes,Fiber optic,Yes,Yes,Yes,No,Yes,Yes,Two year,Yes,Bank transfer (automatic),95.78,4702.64,2,6.2,0,0,0.254,Watch
Male,0,Yes,No,71,Yes,Yes,Fiber optic,No,Yes,No,No,No,Yes,Month-to-month,No,Credit card (automatic),73.22,5192.61,3,1.3,2,0,0.599,High Risk
Male,0,Yes,No,6,Yes,Yes,No,No,No,No,No,No,No,Month-to-month,No,Bank transfer (automatic),18.3,118.76,0,6.7,0,0,0.567,High Risk
Female,0,Yes,No,59,Yes,Yes,DSL,No,No,Yes,No,No,No,Month-to-month,No,Electronic check,39.84,2358.02,2,7.9,3,1,0.666,High Risk
Female,0,No,Yes,65,Yes,Yes,DSL,Yes,No,No,Yes,Yes,Yes,Month-to-month,Yes,Mailed check,57.46,3755.88,0,26.2,3,0,0.33,Watch
Male,0,No,No,67,Yes,No,DSL,Yes,Yes,No,No,Yes,No,Two year,No,Mailed check,62.62,4202.34,3,17.0,2,0,0.112,Healthy
Female,0,No,No,39,Yes,Yes,Fiber optic,Yes,No,No,Yes,Yes,Yes,One year,No,Credit card (automatic),90.12,3511.96,2,13.6,1,1,0.386,Watch
Male,0,No,Yes,35,Yes,No,DSL,No,Yes,Yes,Yes,No,Yes,Month-to-month,Yes,Mailed check,63.34,2218.41,0,12.5,0,0,0.327,Watch
Male,0,No,No,42,Yes,Yes,Fiber optic,Yes,Yes,Yes,No,No,Yes,Month-to-month,No,Electronic check,84.03,3513.61,1,8.3,1,1,0.764,Critical Risk
Female,0,Yes,Yes,66,Yes,No,Fiber optic,No,No,Yes,No,No,No,Month-to-month,Yes,Bank transfer (automatic),71.6,4705.68,0,11.8,2,0,0.569,High Risk
Female,0,Yes,No,63,Yes,Yes,No,No,No,No,No,No,No,Two year,No,Mailed check,18.0,1150.33,2,15.2,1,0,0.038,Healthy
Male,0,Yes,Yes,68,Yes,No,No,No,No,No,No,No,No,Month-to-month,Yes,Mailed check,18.0,1262.28,0,18.7,1,0,0.163,Healthy
Female,0,Yes,No,70,Yes,Yes,DSL,Yes,No,No,No,No,No,Two year,Yes,Bank transfer (automatic),42.85,2981.45,0,9.3,0,0,0.025,Healthy
Male,1,No,No,45,No,No,DSL,Yes,No,Yes,No,No,Yes,Month-to-month,No,Credit card (automatic),56.12,2493.41,0,13.6,1,0,0.283,Watch
Male,0,Yes,Yes,18,Yes,No,Fiber optic,Yes,Yes,Yes,No,Yes,Yes,Month-to-month,Yes,Credit card (automatic),102.06,1807.19,1,19.0,0,1,0.804,Critical Risk
Male,0,No,No,11,Yes,No,No,No,No,No,No,No,No,Two year,No,Electronic check,18.0,187.05,0,11.4,0,0,0.125,Healthy
Male,0,No,No,65,Yes,Yes,DSL,No,No,Yes,Yes,No,Yes,Month-to-month,No,Electronic check,53.88,3487.77,3,8.4,0,0,0.346,Watch
Female,1,No,No,11,Yes,Yes,Fiber optic,No,Yes,Yes,Yes,No,No,Month-to-month,Yes,Credit card (automatic),76.82,862.81,3,17.2,1,0,0.744,Critical Risk
Male,0,No,No,5,Yes,Yes,DSL,No,Yes,No,No,Yes,No,Month-to-month,No,Electronic check,53.01,288.29,1,17.4,1,1,0.814,Critical Risk
Male,0,Yes,No,34,Yes,No,DSL,Yes,Yes,Yes,Yes,No,No,Two year,No,Electronic check,63.58,2196.03,4,10.8,0,0,0.188,Healthy
Female,0,No,No,54,Yes,Yes,DSL,No,Yes,No,No,No,No,Two year,Yes,Credit card (automatic),43.9,2398.09,0,7.0,0,0,0.032,Healthy
Female,0,Yes,No,53,Yes,Yes,No,No,No,No,No,No,No,Month-to-month,No,Mailed check,20.5,1098.28,1,5.1,0,0,0.317,Watch
Male,1,No,No,18,Yes,Yes,Fiber optic,No,No,No,No,Yes,No,Two year,No,Electronic check,71.17,1259.76,3,12.6,1,1,0.533,High Risk
Female,0,No,No,36,Yes,No,Fiber optic,No,Yes,No,Yes,No,No,Month-to-month,Yes,Bank transfer (automatic),76.22,2749.46,2,10.9,1,0,0.737,Critical Risk
Male,0,Yes,No,65,Yes,Yes,Fiber optic,No,No,No,No,Yes,No,One year,No,Mailed check,64.67,4189.92,1,20.2,2,0,0.234,Watch
Female,0,Yes,No,58,Yes,No,Fiber optic,Yes,No,Yes,No,Yes,No,Month-to-month,Yes,Mailed check,81.7,4694.27,3,12.6,0,0,0.7,Critical Risk
Female,0,No,No,66,Yes,No,DSL,Yes,Yes,Yes,Yes,No,Yes,Month-to-month,No,Bank transfer (automatic),65.36,4313.19,0,26.8,0,0,0.125,Healthy
Male,0,No,No,56,Yes,Yes,No,No,No,No,No,No,No,One year,Yes,Credit card (automatic),20.42,1133.07,1,18.1,0,0,0.059,Healthy
Male,1,No,No,6,No,No,DSL,Yes,Yes,No,No,No,Yes,Month-to-month,Yes,Electronic check,58.84,329.08,3,10.2,1,1,0.875,Critical Risk
Female,1,Yes,No,14,Yes,No,No,No,No,No,No,No,No,One year,Yes,Electronic check,18.0,241.9,0,14.6,1,0,0.316,Watch
Male,0,No,No,12,Yes,No,Fiber optic,No,Yes,No,Yes,Yes,No,One year,No,Credit card (automatic),83.75,1043.47,0,22.8,0,0,0.277,Watch
Male,0,No,No,9,Yes,Yes,Fiber optic,Yes,No,No,No,No,No,Month-to-month,No,Electronic check,68.23,634.37,3,20.5,0,1,0.907,Critical Risk
Female,1,Yes,Yes,62,Yes,Yes,Fiber optic,Yes,Yes,No,No,No,Yes,Month-to-month,No,Credit card (automatic),83.39,5207.46,2,11.5,1,0,0.545,High Risk
Male,0,No,No,51,Yes,No,No,No,No,No,No,No,No,One year,No,Electronic check,26.33,1345.57,1,6.0,0,0,0.193,Healthy
Female,0,No,Yes,66,No,No,DSL,Yes,No,No,No,Yes,Yes,One year,No,Bank transfer (automatic),54.07,3535.56,0,13.6,0,0,0.071,Healthy
Female,0,No,No,23,Yes,No,Fiber optic,No,No,No,No,Yes,Yes,Month-to-month,Yes,Electronic check,76.16,1715.74,1,30.0,2,1,0.885,Critical Risk
Male,0,Yes,Yes,71,Yes,No,DSL,No,No,Yes,No,Yes,Yes,One year,No,Electronic check,49.35,3477.56,0,15.3,1,0,0.08,Healthy
Male,0,Yes,Yes,67,Yes,Yes,Fiber optic,No,Yes,No,No,No,Yes,Month-to-month,Yes,Mailed check,74.34,5026.34,3,21.1,1,0,0.55,High Risk
Female,1,No,Yes,7,Yes,Yes,Fiber optic,No,No,Yes,Yes,Yes,No,One year,No,Credit card (automatic),80.32,566.05,3,12.0,0,0,0.473,High Risk
Male,0,No,Yes,63,Yes,Yes,DSL,Yes,No,Yes,No,No,No,Month-to-month,No,Mailed check,50.39,3180.51,1,14.0,0,0,0.267,Watch
Male,0,Yes,No,8,Yes,Yes,DSL,Yes,Yes,No,No,No,No,Two year,No,Credit card (automatic),50.48,403.77,0,16.2,0,0,0.103,Healthy
Male,0,No,Yes,32,No,No,Fiber optic,No,Yes,Yes,No,No,Yes,One year,No,Electronic check,81.62,2620.48,0,9.7,0,0,0.39,Watch
Female,0,Yes,Yes,13,Yes,Yes,No,No,No,No,No,No,No,One year,Yes,Electronic check,18.48,217.14,1,17.6,0,0,0.324,Watch
Male,0,No,No,42,Yes,Yes,Fiber optic,Yes,No,No,No,No,No,Two year,Yes,Credit card (automatic),62.28,2608.25,3,10.4,2,0,0.271,Watch
Female,0,Yes,No,1,Yes,Yes,Fiber optic,Yes,No,Yes,No,No,Yes,Month-to-month,Yes,Bank transfer (automatic),86.72,48.69,2,20.6,0,0,0.897,Critical Risk
Male,1,Yes,No,61,Yes,Yes,No,No,No,No,No,No,No,Two year,No,Electronic check,18.0,1105.29,1,20.5,1,0,0.037,Healthy
Female,0,No,No,34,Yes,No,No,No,No,No,No,No,No,Month-to-month,Yes,Electronic check,18.0,622.27,0,22.8,2,1,0.566,High Risk
Female,0,Yes,Yes,63,Yes,No,Fiber optic,Yes,No,No,No,Yes,No,Two year,No,Credit card (automatic),69.76,4379.57,1,12.3,0,0,0.07,Healthy
Male,0,No,No,31,Yes,No,Fiber optic,No,Yes,Yes,No,No,Yes,One year,No,Electronic check,80.07,2441.09,2,21.0,0,0,0.473,High Risk
Female,0,No,No,40,Yes,Yes,Fiber optic,Yes,No,No,Yes,Yes,Yes,One year,No,Mailed check,89.44,3570.79,2,10.8,0,1,0.361,Watch
Male,0,Yes,No,53,Yes,Yes,DSL,No,Yes,Yes,Yes,Yes,No,Two year,Yes,Credit card (automatic),67.3,3585.36,0,20.7,0,0,0.024,Healthy
Male,1,No,No,70,Yes,Yes,No,No,No,No,No,No,No,Two year,Yes,Mailed check,18.0,1233.57,0,16.7,0,0,0.01,Healthy
Female,0,No,No,27,Yes,No,DSL,No,Yes,Yes,No,Yes,No,Month-to-month,No,Credit card (automatic),54.43,1449.93,1,14.8,0,0,0.463,High Risk
Female,0,No,No,38,Yes,No,Fiber optic,No,No,Yes,Yes,Yes,No,Month-to-month,Yes,Electronic check,82.25,3123.74,3,21.0,0,0,0.756,Critical Risk
Female,0,No,No,23,Yes,Yes,No,No,No,No,No,No,No,One year,No,Mailed check,18.0,415.39,0,8.8,0,0,0.146,Healthy
Male,0,Yes,No,3,No,No,Fiber optic,No,Yes,Yes,Yes,Yes,Yes,Month-to-month,Yes,Electronic check,82.77,259.07,2,14.6,0,1,0.843,Critical Risk
Male,0,Yes,Yes,63,Yes,Yes,DSL,Yes,No,Yes,Yes,No,Yes,Month-to-month,No,Mailed check,59.62,3785.31,0,18.9,0,0,0.157,Healthy
Male,0,Yes,No,41,Yes,No,DSL,No,No,Yes,Yes,Yes,No,Month-to-month,No,Bank transfer (automatic),59.52,2423.09,1,4.4,0,0,0.405,High Risk
Male,0,No,No,27,No,No,Fiber optic,Yes,Yes,No,No,Yes,No,Month-to-month,No,Credit card (automatic),74.98,2001.41,0,10.5,0,1,0.643,High Risk
Male,0,Yes,No,56,Yes,Yes,DSL,Yes,No,Yes,Yes,No,No,One year,Yes,Electronic check,53.1,2963.62,0,11.7,2,0,0.186,Healthy
Female,0,Yes,No,59,Yes,Yes,DSL,No,No,Yes,Yes,Yes,Yes,Month-to-month,No,Mailed check,60.86,3568.77,5,7.1,0,0,0.476,High Risk
Male,0,No,No,71,Yes,No,DSL,No,No,No,No,Yes,No,Month-to-month,Yes,Mailed check,46.06,3252.33,2,12.2,0,0,0.266,Watch
Female,0,Yes,No,31,Yes,Yes,Fiber optic,Yes,Yes,Yes,Yes,Yes,Yes,Month-to-month,Yes,Electronic check,97.77,3027.91,0,24.3,0,0,0.674,High Risk
Male,0,No,No,7,Yes,Yes,Fiber optic,No,Yes,Yes,Yes,Yes,Yes,One year,Yes,Electronic check,96.75,663.72,1,18.3,0,0,0.574,High Risk
Male,0,Yes,Yes,35,Yes,Yes,DSL,Yes,No,No,No,No,Yes,Two year,Yes,Credit card (automatic),49.94,1769.72,1,10.8,0,0,0.078,Healthy
Male,0,Yes,No,32,No,No,Fiber optic,Yes,No,No,Yes,No,Yes,Month-to-month,Yes,Credit card (automatic),82.55,2616.44,1,19.0,1,1,0.675,High Risk
Male,0,Yes,Yes,15,Yes,Yes,Fiber optic,No,Yes,Yes,Yes,Yes,No,Two year,Yes,Electronic check,79.2,1185.54,0,21.0,0,0,0.196,Healthy
Male,0,Yes,No,42,Yes,Yes,Fiber optic,Yes,No,No,Yes,No,Yes,Two year,No,Credit card (automatic),84.57,3521.28,0,8.2,0,0,0.085,Healthy
Male,0,No,No,30,Yes,Yes,No,No,No,No,No,No,No,Month-to-month,No,Bank transfer (automatic),18.81,569.96,1,15.7,0,0,0.426,High Risk
Female,1,Yes,No,64,Yes,No,DSL,Yes,Yes,Yes,No,No,No,Month-to-month,Yes,Electronic check,58.82,3769.83,2,14.7,1,1,0.457,High Risk
Female,0,No,No,3,Yes,Yes,Fiber optic,Yes,Yes,Yes,Yes,No,Yes,Month-to-month,No,Bank transfer (automatic),89.53,307.67,1,13.6,0,1,0.803,Critical Risk
Male,0,No,No,52,No,No,DSL,No,Yes,No,Yes,Yes,Yes,Two year,Yes,Mailed check,66.37,3471.36,0,14.8,0,0,0.037,Healthy
Male,1,Yes,No,43,Yes,No,DSL,Yes,Yes,Yes,Yes,No,No,Month-to-month,No,Electronic check,55.6,2357.92,1,17.9,0,0,0.291,Watch
Male,0,No,No,16,Yes,Yes,Fiber optic,No,Yes,No,No,No,No,Month-to-month,No,Electronic check,68.28,1102.95,1,11.0,0,0,0.838,Critical Risk
Male,0,No,No,25,Yes,No,Fiber optic,Yes,Yes,Yes,Yes,No,Yes,Month-to-month,No,Bank transfer (automatic),95.83,2391.87,0,15.0,0,0,0.699,High Risk
Male,1,Yes,No,62,Yes,No,Fiber optic,No,No,Yes,No,Yes,No,Month-to-month,Yes,Electronic check,71.84,4465.07,0,1.8,2,1,0.682,High Risk
Male,0,No,Yes,26,Yes,No,No,No,No,No,No,No,No,Two year,No,Credit card (automatic),18.34,461.33,1,11.2,0,0,0.07,Healthy
Female,0,Yes,Yes,48,Yes,No,No,No,No,No,No,No,No,Two year,No,Bank transfer (automatic),18.0,880.75,0,2.7,0,0,0.032,Healthy
Male,0,No,No,37,Yes,Yes,DSL,No,No,Yes,No,No,No,Month-to-month,Yes,Bank transfer (automatic),38.21,1412.81,0,12.0,0,0,0.34,Watch
Male,1,Yes,No,65,Yes,Yes,Fiber optic,Yes,Yes,Yes,Yes,Yes,No,One year,No,Mailed check,93.92,6093.22,1,6.8,0,0,0.13,Healthy
Male,1,No,No,48,Yes,Yes,Fiber optic,Yes,No,No,No,Yes,Yes,One year,Yes,Bank transfer (automatic),79.01,3771.11,0,14.0,3,0,0.412,High Risk
Female,1,No,No,60,Yes,No,Fiber optic,Yes,No,No,No,No,Yes,Month-to-month,Yes,Credit card (automatic),82.09,4899.27,3,9.0,0,0,0.627,High Risk
Male,0,No,Yes,65,Yes,Yes,Fiber optic,Yes,No,No,No,Yes,Yes,One year,Yes,Mailed check,76.89,4980.47,1,9.7,0,0,0.201,Watch
Male,0,No,No,9,No,No,No,No,No,No,No,No,No,Two year,Yes,Electronic check,18.0,153.56,0,14.6,2,0,0.223,Watch
Male,1,Yes,No,60,No,No,Fiber optic,No,Yes,No,No,No,No,One year,Yes,Bank transfer (automatic),68.57,4132.09,0,11.7,0,0,0.127,Healthy
Male,0,No,No,70,Yes,Yes,Fiber optic,No,Yes,No,No,No,Yes,One year,Yes,Electronic check,73.84,5193.87,2,15.0,1,0,0.261,Watch
Male,0,Yes,No,2,Yes,No,Fiber optic,No,Yes,Yes,Yes,Yes,No,One year,No,Credit card (automatic),88.39,153.96,0,7.2,0,0,0.429,High Risk
Female,0,Yes,Yes,33,Yes,Yes,Fiber optic,Yes,Yes,Yes,No,Yes,Yes,Two year,Yes,Mailed check,97.82,3218.25,1,11.4,0,0,0.25,Watch
Male,1,Yes,No,18,Yes,No,Fiber optic,No,No,Yes,Yes,Yes,Yes,One year,No,Electronic check,96.48,1717.8,2,17.9,1,0,0.662,High Risk
Male,0,No,No,71,Yes,No,DSL,No,No,Yes,No,Yes,Yes,Two year,No,Electronic check,54.83,3864.17,0,15.2,1,0,0.039,Healthy
Female,0,No,No,25,Yes,No,Fiber optic,No,Yes,Yes,Yes,Yes,Yes,Two year,No,Electronic check,91.26,2284.2,1,13.0,0,0,0.265,Watch
Male,1,Yes,Yes,13,Yes,No,Fiber optic,Yes,No,No,No,No,No,Month-to-month,Yes,Mailed check,72.26,960.99,1,7.1,1,1,0.89,Critical Risk
Male,1,No,No,6,Yes,Yes,DSL,No,No,Yes,Yes,Yes,No,One year,No,Electronic check,51.13,323.11,2,6.9,1,0,0.451,High Risk
Male,1,No,No,57,Yes,Yes,Fiber optic,No,No,No,Yes,Yes,Yes,Month-to-month,No,Credit card (automatic),79.27,4520.76,4,10.3,2,0,0.699,High Risk
Female,0,Yes,No,4,Yes,No,No,No,No,No,No,No,No,Two year,No,Bank transfer (automatic),19.73,83.46,2,8.2,0,0,0.196,Healthy
Female,0,Yes,No,22,Yes,Yes,No,No,No,No,No,No,No,Month-to-month,Yes,Bank transfer (automatic),19.29,413.67,0,9.7,0,0,0.447,High Risk
Female,0,No,Yes,40,Yes,Yes,Fiber optic,Yes,No,No,No,No,Yes,Month-to-month,No,Electronic check,72.43,2898.27,2,10.5,0,0,0.78,Critical Risk
Female,0,No,Yes,3,Yes,Yes,Fiber optic,No,Yes,No,Yes,No,Yes,Month-to-month,No,Mailed check,77.61,212.47,0,11.5,1,0,0.796,Critical Risk
Female,1,Yes,Yes,12,Yes,Yes,No,No,No,No,No,No,No,Two year,No,Mailed check,20.64,281.01,1,15.0,0,0,0.083,Healthy
Female,0,No,Yes,72,Yes,No,No,No,No,No,No,No,No,Two year,Yes,Bank transfer (automatic),18.0,1327.17,1,8.0,0,0,0.019,Healthy
Female,0,Yes,Yes,33,Yes,Yes,DSL,Yes,No,Yes,No,No,Yes,Month-to-month,No,Mailed check,58.15,1905.65,0,9.5,0,0,0.488,High Risk
Female,0,No,Yes,22,Yes,No,DSL,Yes,No,No,No,No,Yes,Month-to-month,Yes,Electronic check,50.46,1122.51,1,5.9,1,0,0.801,Critical Risk
Female,0,Yes,No,63,Yes,No,DSL,No,Yes,No,No,No,Yes,Month-to-month,No,Bank transfer (automatic),52.47,3311.7,1,13.9,0,1,0.266,Watch
Male,1,Yes,No,5,Yes,Yes,Fiber optic,No,Yes,Yes,No,Yes,No,One year,Yes,Bank transfer (automatic),79.39,407.25,4,19.6,0,0,0.642,High Risk
Male,0,Yes,No,19,No,No,Fiber optic,Yes,No,Yes,Yes,Yes,No,Month-to-month,Yes,Mailed check,91.41,1724.72,0,15.6,0,0,0.722,Critical Risk
Female,0,No,No,62,Yes,No,DSL,No,Yes,Yes,No,Yes,No,Month-to-month,No,Credit card (automatic),57.0,3503.54,2,4.9,0,0,0.292,Watch
Male,0,Yes,Yes,54,Yes,No,Fiber optic,Yes,Yes,Yes,No,No,No,One year,No,Electronic check,72.74,3951.42,2,2.5,0,0,0.386,Watch
Male,0,Yes,No,31,Yes,Yes,DSL,No,Yes,Yes,No,Yes,No,Month-to-month,No,Mailed check,54.53,1712.7,1,28.4,0,1,0.401,High Risk
Female,0,Yes,No,71,Yes,Yes,DSL,No,Yes,Yes,No,No,No,One year,No,Credit card (automatic),52.68,3735.12,0,18.2,2,0,0.055,Healthy
Female,1,No,Yes,42,No,No,Fiber optic,Yes,No,Yes,No,No,No,Two year,No,Bank transfer (automatic),75.97,3153.57,0,14.2,1,0,0.131,Healthy
Female,0,Yes,No,54,Yes,No,Fiber optic,No,No,Yes,No,Yes,No,One year,Yes,Mailed check,80.09,4300.96,1,19.1,0,0,0.27,Watch
Male,0,Yes,No,71,Yes,Yes,DSL,No,Yes,No,No,No,Yes,Month-to-month,Yes,Electronic check,49.73,3542.22,2,13.0,1,0,0.368,Watch
Male,0,Yes,No,36,Yes,No,DSL,No,No,No,No,Yes,No,Month-to-month,Yes,Electronic check,39.25,1411.79,2,13.8,2,0,0.754,Critical Risk
Male,0,No,No,35,Yes,Yes,Fiber optic,Yes,No,No,No,Yes,No,Month-to-month,No,Bank transfer (automatic),70.42,2450.53,2,8.9,1,1,0.824,Critical Risk
Male,0,Yes,Yes,48,Yes,No,No,No,No,No,No,No,No,Month-to-month,Yes,Mailed check,18.05,861.67,1,12.5,1,0,0.321,Watch
Female,0,Yes,Yes,4,Yes,No,No,No,No,No,No,No,No,Month-to-month,Yes,Mailed check,18.0,61.13,2,14.8,2,0,0.801,Critical Risk
Male,0,No,Yes,31,Yes,Yes,Fiber optic,Yes,Yes,Yes,Yes,No,Yes,Two year,No,Mailed check,96.93,3036.58,0,12.5,0,0,0.146,Healthy
Male,0,No,No,50,Yes,Yes,No,No,No,No,No,No,No,Two year,Yes,Electronic check,19.65,943.58,2,12.9,0,0,0.083,Healthy
Male,1,No,No,27,Yes,No,Fiber optic,No,No,Yes,Yes,No,No,One year,Yes,Mailed check,73.5,1998.8,0,3.8,0,0,0.288,Watch
Female,1,Yes,No,51,Yes,No,DSL,Yes,Yes,No,Yes,No,Yes,One year,No,Mailed check,64.17,3266.96,0,19.3,0,0,0.074,Healthy
Male,0,No,No,29,Yes,Yes,Fiber optic,Yes,No,No,No,Yes,Yes,Month-to-month,Yes,Electronic check,87.84,2556.22,4,17.2,2,1,0.963,Critical Risk
Male,0,No,No,14,Yes,Yes,No,No,No,No,No,No,No,Month-to-month,No,Credit card (automatic),20.48,285.28,2,4.4,1,0,0.68,High Risk
Female,0,No,Yes,10,Yes,Yes,Fiber optic,No,No,Yes,Yes,Yes,No,Month-to-month,Yes,Mailed check,81.84,831.36,0,10.0,0,0,0.734,Critical Risk
Female,0,No,No,39,Yes,Yes,No,No,No,No,No,No,No,Two year,Yes,Electronic check,18.0,716.45,1,4.5,1,0,0.111,Healthy
Male,0,No,Yes,14,No,No,Fiber optic,Yes,No,No,Yes,No,No,Two year,No,Bank transfer (automatic),75.12,1024.64,0,21.8,0,0,0.199,Healthy
Female,0,No,No,26,Yes,Yes,No,No,No,No,No,No,No,Month-to-month,Yes,Credit card (automatic),24.14,631.61,1,22.6,1,1,0.499,High Risk
Female,0,Yes,No,37,No,No,Fiber optic,No,No,Yes,Yes,No,Yes,Month-to-month,No,Electronic check,85.17,3135.51,0,15.0,2,0,0.761,Critical Risk
Male,1,No,No,3,Yes,Yes,No,No,No,No,No,No,No,Month-to-month,No,Credit card (automatic),18.0,17.64,2,13.7,0,0,0.544,High Risk
Male,1,No,No,30,No,No,No,No,No,No,No,No,No,Month-to-month,Yes,Bank transfer (automatic),18.0,559.88,2,18.3,0,0,0.42,High Risk
Female,0,No,No,22,Yes,Yes,DSL,No,No,No,Yes,Yes,Yes,Month-to-month,Yes,Electronic check,55.69,1261.2,0,18.9,1,0,0.61,High Risk
Male,0,Yes,Yes,22,Yes,Yes,Fiber optic,No,Yes,Yes,Yes,No,Yes,Month-to-month,No,Bank transfer (automatic),87.4,1919.19,2,23.0,1,1,0.749,Critical Risk
Female,0,Yes,No,66,Yes,Yes,DSL,No,Yes,Yes,No,No,No,Two year,No,Bank transfer (automatic),50.73,3325.83,3,21.6,0,0,0.035,Healthy
Female,0,No,No,67,Yes,No,No,No,No,No,No,No,No,Month-to-month,Yes,Credit card (automatic),18.0,1226.18,2,17.3,1,0,0.208,Watch
Female,0,No,Yes,21,Yes,No,Fiber optic,Yes,No,No,No,Yes,No,One year,No,Credit card (automatic),75.05,1555.97,4,13.9,0,0,0.62,High Risk
Female,0,Yes,Yes,64,Yes,Yes,DSL,Yes,No,No,Yes,No,Yes,Month-to-month,No,Bank transfer (automatic),52.77,3343.0,1,11.1,2,0,0.367,Watch
Male,0,No,No,16,Yes,No,Fiber optic,No,Yes,Yes,Yes,No,Yes,Month-to-month,Yes,Bank transfer (automatic),84.94,1335.01,0,18.8,2,0,0.796,Critical Risk
Female,0,Yes,No,25,Yes,Yes,DSL,Yes,Yes,No,Yes,No,Yes,Month-to-month,Yes,Electronic check,68.04,1743.6,2,10.6,0,1,0.734,Critical Risk
Female,0,No,No,68,Yes,Yes,Fiber optic,No,No,Yes,Yes,Yes,No,Two year,No,Bank transfer (automatic),77.04,5263.28,0,15.2,1,0,0.047,Healthy
Male,0,No,No,7,Yes,No,DSL,Yes,Yes,Yes,No,Yes,No,Month-to-month,Yes,Credit card (automatic),55.22,403.83,4,10.2,0,1,0.764,Critical Risk
Female,0,No,Yes,27,Yes,No,No,No,No,No,No,No,No,One year,Yes,Credit card (automatic),18.24,483.85,2,5.2,0,0,0.212,Watch
Male,0,Yes,Yes,58,Yes,No,Fiber optic,Yes,No,Yes,No,Yes,No,Month-to-month,Yes,Electronic check,81.93,4724.36,2,15.5,1,0,0.79,Critical Risk
Male,0,Yes,No,68,Yes,Yes,No,No,No,No,No,No,No,Two year,Yes,Mailed check,18.0,1212.63,1,19.5,0,0,0.016,Healthy
Male,0,Yes,Yes,69,No,No,DSL,Yes,Yes,Yes,No,No,Yes,Month-to-month,Yes,Credit card (automatic),62.54,4319.02,2,8.0,0,0,0.227,Watch
Male,0,No,No,64,Yes,No,Fiber optic,No,No,No,No,Yes,No,Two year,No,Bank transfer (automatic),70.22,4526.29,1,9.4,3,0,0.229,Watch
Female,0,No,No,70,Yes,Yes,No,No,No,No,No,No,No,One year,No,Electronic check,18.0,1256.79,4,16.3,0,0,0.106,Healthy
Male,0,No,No,34,Yes,No,Fiber optic,No,Yes,Yes,No,Yes,Yes,Two year,No,Electronic check,89.41,3041.9,2,11.6,0,0,0.315,Watch
Male,0,No,Yes,23,Yes,Yes,DSL,Yes,No,Yes,No,Yes,Yes,Two year,Yes,Credit card (automatic),65.7,1488.82,2,15.1,2,0,0.249,Watch
Female,0,Yes,No,28,Yes,Yes,No,No,No,No,No,No,No,One year,No,Bank transfer (automatic),21.59,579.99,3,15.8,0,0,0.267,Watch
Female,0,Yes,No,8,Yes,No,DSL,Yes,No,No,Yes,No,Yes,One year,No,Credit card (automatic),57.5,426.1,2,23.5,0,0,0.265,Watch
Male,0,No,Yes,10,Yes,No,DSL,No,No,Yes,Yes,No,Yes,One year,Yes,Electronic check,53.02,476.91,2,20.7,1,0,0.413,High Risk
Male,0,No,No,71,Yes,Yes,Fiber optic,Yes,No,No,Yes,No,No,Two year,Yes,Bank transfer (automatic),85.0,6041.19,1,20.6,0,0,0.057,Healthy
Female,0,Yes,No,13,Yes,Yes,Fiber optic,Yes,No,No,No,No,No,One year,Yes,Credit card (automatic),70.24,964.55,1,20.3,1,0,0.574,High Risk
Female,0,No,No,44,No,No,Fiber optic,Yes,No,No,Yes,Yes,Yes,Two year,Yes,Bank transfer (automatic),84.37,3739.38,0,16.5,1,0,0.12,Healthy
Female,0,No,Yes,16,Yes,Yes,DSL,Yes,No,No,Yes,Yes,Yes,Month-to-month,No,Mailed check,63.58,1027.87,4,19.6,1,0,0.811,Critical Risk
Female,0,Yes,No,48,Yes,No,DSL,No,No,No,Yes,Yes,No,Month-to-month,Yes,Electronic check,51.73,2501.13,3,19.4,1,0,0.551,High Risk
Male,0,Yes,No,34,Yes,No,DSL,No,Yes,No,No,No,No,Month-to-month,No,Electronic check,45.42,1546.75,0,2.1,1,1,0.634,High Risk
Female,0,No,Yes,7,Yes,No,Fiber optic,No,No,Yes,Yes,Yes,Yes,One year,Yes,Electronic check,89.08,635.22,3,17.0,0,1,0.708,Critical Risk
Male,0,Yes,No,27,Yes,No,DSL,No,No,Yes,Yes,No,No,Two year,Yes,Mailed check,49.46,1352.26,1,23.1,0,0,0.068,Healthy
Male,0,Yes,Yes,53,Yes,Yes,Fiber optic,No,No,Yes,No,No,No,Month-to-month,No,Mailed check,63.65,3374.42,1,16.4,0,0,0.488,High Risk
Female,0,No,No,58,Yes,Yes,No,No,No,No,No,No,No,One year,No,Credit card (automatic),18.0,1005.45,0,9.4,0,0,0.046,Healthy
Female,0,No,Yes,21,Yes,No,No,No,No,No,No,No,No,Month-to-month,Yes,Credit card (automatic),18.0,398.04,1,19.4,0,0,0.395,Watch
Male,0,Yes,Yes,21,Yes,Yes,No,No,No,No,No,No,No,One year,Yes,Electronic check,18.0,362.71,1,7.1,0,0,0.281,Watch
Male,0,Yes,No,53,No,No,DSL,Yes,Yes,No,Yes,Yes,Yes,Month-to-month,No,Electronic check,67.65,3569.64,1,15.0,0,0,0.409,High Risk
Female,0,No,Yes,30,Yes,Yes,Fiber optic,Yes,No,Yes,No,Yes,Yes,Month-to-month,Yes,Electronic check,82.26,2462.09,1,17.3,1,0,0.857,Critical Risk
Male,0,Yes,Yes,5,Yes,No,No,No,No,No,No,No,No,One year,No,Mailed check,20.52,103.49,0,26.5,0,0,0.2,Watch
Female,0,No,Yes,8,Yes,Yes,DSL,Yes,No,No,Yes,No,No,Month-to-month,No,Bank transfer (automatic),50.65,423.27,0,20.9,0,0,0.539,High Risk
Male,0,No,No,27,Yes,Yes,DSL,No,No,No,No,Yes,No,One year,No,Mailed check,40.3,1114.62,0,14.5,0,0,0.185,Healthy
Female,0,Yes,Yes,19,Yes,Yes,DSL,Yes,No,Yes,Yes,No,No,Month-to-month,Yes,Credit card (automatic),47.06,901.85,0,16.9,2,0,0.513,High Risk
Male,1,No,No,8,Yes,Yes,Fiber optic,No,Yes,Yes,No,No,Yes,Month-to-month,Yes,Electronic check,75.42,620.44,1,5.2,0,0,0.833,Critical Risk
Male,0,Yes,No,57,Yes,Yes,No,No,No,No,No,No,No,Month-to-month,Yes,Bank transfer (automatic),18.67,1065.04,2,13.2,2,0,0.468,High Risk
Male,0,No,No,33,Yes,Yes,Fiber optic,No,Yes,No,No,No,Yes,Month-to-month,Yes,Credit card (automatic),71.48,2338.77,1,7.1,1,0,0.699,High Risk
Female,0,No,No,51,Yes,No,Fiber optic,Yes,No,No,Yes,Yes,No,Two year,No,Electronic check,81.93,4208.01,1,27.3,0,0,0.147,Healthy
Female,0,Yes,Yes,0,Yes,Yes,Fiber optic,No,No,Yes,Yes,No,No,Month-to-month,Yes,Credit card (automatic),76.5,0.0,2,11.0,4,1,0.943,Critical Risk
Female,0,Yes,No,29,Yes,No,No,No,No,No,No,No,No,Month-to-month,Yes,Bank transfer (automatic),19.12,529.54,0,9.0,0,0,0.44,High Risk
Female,0,No,No,34,Yes,No,DSL,No,Yes,Yes,No,Yes,No,One year,Yes,Electronic check,55.86,1897.71,1,12.8,0,0,0.258,Watch
Male,0,Yes,No,42,No,No,Fiber optic,No,No,No,Yes,Yes,No,Month-to-month,Yes,Mailed check,77.92,3269.56,1,20.5,1,0,0.599,High Risk
Female,0,Yes,No,70,Yes,No,No,No,No,No,No,No,No,One year,No,Electronic check,18.0,1262.57,1,13.0,0,0,0.061,Healthy
Female,0,Yes,No,33,Yes,Yes,No,No,No,No,No,No,No,One year,Yes,Bank transfer (automatic),18.32,639.06,0,11.6,0,0,0.127,Healthy
Female,0,Yes,No,35,Yes,Yes,Fiber optic,No,Yes,No,Yes,No,No,Two year,No,Mailed check,73.42,2564.56,0,13.8,0,1,0.088,Healthy
Female,0,No,No,65,Yes,Yes,DSL,No,Yes,No,No,Yes,Yes,Month-to-month,No,Electronic check,54.92,3549.89,0,17.1,1,0,0.323,Watch
Female,0,Yes,No,29,Yes,Yes,No,No,No,No,No,No,No,One year,No,Mailed check,20.38,599.57,0,7.7,1,0,0.204,Watch
Female,0,Yes,Yes,28,Yes,No,No,No,No,No,No,No,No,Month-to-month,No,Credit card (automatic),19.85,590.87,1,19.3,1,1,0.463,High Risk
Female,1,Yes,Yes,11,Yes,No,DSL,No,No,No,No,Yes,Yes,Month-to-month,No,Credit card (automatic),46.61,531.54,2,18.5,0,0,0.553,High Risk
Male,0,No,No,52,Yes,No,DSL,No,No,Yes,No,No,Yes,Month-to-month,Yes,Credit card (automatic),44.01,2291.12,0,20.5,2,0,0.346,Watch
Female,0,No,No,1,Yes,Yes,DSL,Yes,No,No,No,Yes,No,Two year,No,Electronic check,52.16,49.91,1,10.7,0,0,0.345,Watch
Male,1,No,No,15,Yes,No,Fiber optic,No,Yes,Yes,No,Yes,No,One year,Yes,Mailed check,79.18,1206.2,2,13.8,0,1,0.508,High Risk
Female,0,No,No,30,Yes,Yes,DSL,No,No,No,No,No,No,One year,No,Bank transfer (automatic),34.86,1019.98,0,18.8,2,1,0.261,Watch
Male,0,No,No,31,Yes,Yes,DSL,Yes,No,No,No,Yes,Yes,Month-to-month,Yes,Electronic check,59.62,1839.23,2,21.8,0,0,0.718,Critical Risk
Female,1,Yes,No,2,Yes,No,No,No,No,No,No,No,No,Month-to-month,Yes,Credit card (automatic),20.82,22.37,2,23.0,0,0,0.552,High Risk
Male,0,Yes,No,38,Yes,No,DSL,No,Yes,Yes,No,No,Yes,Month-to-month,No,Bank transfer (automatic),57.24,2209.03,1,9.9,1,0,0.523,High Risk
Female,0,Yes,No,70,Yes,No,No,No,No,No,No,No,No,Month-to-month,No,Electronic check,18.0,1303.53,1,13.8,2,0,0.338,Watch
Male,0,Yes,No,7,Yes,Yes,Fiber optic,Yes,No,Yes,No,No,No,Month-to-month,No,Credit card (automatic),75.09,554.31,0,12.5,0,1,0.759,Critical Risk
Male,0,No,No,36,Yes,Yes,Fiber optic,Yes,Yes,No,No,No,No,Month-to-month,No,Bank transfer (automatic),74.9,2691.69,2,20.7,0,1,0.698,High Risk
Female,0,Yes,No,42,Yes,Yes,No,No,No,No,No,No,No,Month-to-month,No,Credit card (automatic),18.0,723.8,0,13.4,1,0,0.256,Watch
Female,0,No,No,23,Yes,No,DSL,No,Yes,No,No,Yes,Yes,Two year,No,Bank transfer (automatic),52.71,1215.7,0,19.1,0,0,0.079,Healthy
Male,1,Yes,Yes,41,Yes,No,DSL,Yes,Yes,No,No,No,Yes,One year,Yes,Credit card (automatic),61.85,2523.07,0,10.7,0,0,0.106,Healthy
Male,0,Yes,No,24,Yes,No,Fiber optic,No,No,No,Yes,No,Yes,Two year,Yes,Credit card (automatic),71.71,1720.72,3,4.4,2,0,0.363,Watch
Female,0,Yes,Yes,11,No,No,Fiber optic,Yes,Yes,Yes,No,No,No,Two year,No,Credit card (automatic),74.79,825.33,2,12.4,2,0,0.388,Watch
Female,1,Yes,No,61,Yes,Yes,Fiber optic,Yes,No,No,No,No,Yes,Month-to-month,Yes,Credit card (automatic),77.49,4755.09,1,11.2,1,1,0.53,High Risk
Male,0,Yes,No,72,Yes,Yes,No,No,No,No,No,No,No,Two year,Yes,Bank transfer (automatic),18.0,1298.51,0,9.3,2,0,0.027,Healthy
Female,0,No,No,28,Yes,Yes,No,No,No,No,No,No,No,One year,No,Credit card (automatic),20.42,579.11,0,9.2,0,1,0.124,Healthy
Male,0,No,No,6,Yes,No,DSL,No,No,Yes,Yes,No,Yes,Two year,No,Mailed check,57.84,374.94,3,5.4,1,0,0.286,Watch
Female,0,No,No,11,Yes,Yes,DSL,No,Yes,No,Yes,Yes,Yes,Two year,Yes,Electronic check,59.36,659.65,1,10.2,0,0,0.16,Healthy
Male,1,No,Yes,65,Yes,No,Fiber optic,Yes,Yes,No,Yes,No,No,Two year,Yes,Mailed check,78.61,5098.86,2,9.3,0,0,0.062,Healthy
Male,0,No,No,64,Yes,Yes,No,No,No,No,No,No,No,One year,Yes,Electronic check,19.98,1256.11,0,19.6,0,0,0.059,Healthy
Male,0,No,Yes,35,No,No,DSL,No,No,Yes,No,Yes,No,Month-to-month,No,Electronic check,45.92,1616.0,2,10.4,0,0,0.594,High Risk
Female,0,Yes,Yes,63,Yes,No,Fiber optic,No,No,No,Yes,Yes,Yes,Month-to-month,Yes,Bank transfer (automatic),77.72,4912.22,3,15.0,0,0,0.527,High Risk
Female,0,Yes,No,16,Yes,Yes,DSL,Yes,No,No,No,Yes,No,Two year,No,Electronic check,53.72,868.01,1,15.6,0,1,0.253,Watch
Male,0,Yes,No,29,Yes,Yes,No,No,No,No,No,No,No,Month-to-month,Yes,Electronic check,18.77,553.94,1,9.8,1,0,0.648,High Risk
Female,1,No,No,8,No,No,DSL,Yes,Yes,Yes,Yes,No,Yes,Month-to-month,No,Electronic check,67.31,575.54,1,27.6,0,1,0.561,High Risk
Female,0,No,No,39,Yes,No,Fiber optic,No,No,No,Yes,Yes,No,Month-to-month,Yes,Mailed check,73.29,2862.76,2,17.5,1,0,0.691,High Risk
Female,0,No,No,51,No,No,DSL,Yes,No,No,Yes,Yes,Yes,Month-to-month,No,Mailed check,67.81,3455.88,4,15.6,0,0,0.571,High Risk
Female,0,No,No,70,Yes,Yes,Fiber optic,Yes,Yes,Yes,No,No,No,One year,No,Electronic check,87.78,6170.89,1,16.1,0,0,0.205,Watch
Male,0,Yes,No,55,Yes,No,Fiber optic,No,No,No,Yes,No,No,One year,Yes,Bank transfer (automatic),71.03,3907.36,1,13.2,3,0,0.428,High Risk
Male,0,No,Yes,48,Yes,Yes,Fiber optic,Yes,No,No,No,Yes,Yes,Month-to-month,Yes,Electronic check,78.65,3771.63,0,9.7,0,0,0.642,High Risk
Female,0,No,No,49,Yes,No,DSL,No,Yes,Yes,No,No,Yes,Month-to-month,Yes,Bank transfer (automatic),54.51,2687.45,1,11.4,3,0,0.66,High Risk
Male,0,No,No,45,Yes,No,DSL,Yes,Yes,No,Yes,No,No,Month-to-month,Yes,Electronic check,56.97,2547.08,0,10.3,1,0,0.444,High Risk
Male,0,Yes,No,30,Yes,No,DSL,No,No,No,Yes,No,No,One year,Yes,Electronic check,46.58,1364.73,1,10.6,0,0,0.259,Watch
Male,0,Yes,No,36,Yes,No,No,No,No,No,No,No,No,Month-to-month,Yes,Mailed check,20.17,743.83,3,15.1,0,0,0.491,High Risk
Female,0,Yes,No,12,Yes,Yes,Fiber optic,No,Yes,No,No,No,Yes,Month-to-month,Yes,Credit card (automatic),70.09,879.06,0,2.5,1,0,0.765,Critical Risk
Female,0,No,No,1,Yes,Yes,DSL,No,Yes,No,No,Yes,Yes,Month-to-month,No,Bank transfer (automatic),61.46,101.82,2,14.4,0,0,0.784,Critical Risk
Female,0,Yes,No,57,Yes,No,DSL,No,Yes,Yes,Yes,No,No,Month-to-month,Yes,Bank transfer (automatic),56.27,3194.6,0,12.5,2,0,0.346,Watch
Male,0,Yes,No,36,Yes,Yes,Fiber optic,Yes,No,Yes,Yes,No,No,Month-to-month,No,Electronic check,88.07,3167.91,0,15.8,0,0,0.679,High Risk
Male,0,No,No,63,Yes,Yes,DSL,Yes,Yes,Yes,Yes,Yes,Yes,One year,No,Electronic check,73.22,4575.72,1,27.5,1,0,0.106,Healthy
Female,0,No,No,8,Yes,No,No,No,No,No,No,No,No,Two year,Yes,Bank transfer (automatic),18.0,140.28,2,5.8,0,0,0.18,Healthy
Male,1,No,No,28,Yes,No,Fiber optic,No,Yes,Yes,Yes,Yes,No,Month-to-month,Yes,Bank transfer (automatic),84.36,2422.98,2,6.6,0,0,0.713,Critical Risk
Female,1,No,No,18,Yes,Yes,Fiber optic,Yes,No,No,Yes,No,No,Month-to-month,No,Mailed check,73.7,1315.8,1,13.3,1,1,0.769,Critical Risk
Male,0,No,Yes,61,Yes,No,Fiber optic,Yes,Yes,No,Yes,No,Yes,Two year,Yes,Credit card (automatic),84.71,5207.16,0,25.9,0,0,0.035,Healthy
Male,0,Yes,Yes,27,Yes,No,No,No,No,No,No,No,No,Two year,Yes,Credit card (automatic),23.3,601.59,2,4.2,1,0,0.151,Healthy
Male,0,No,No,46,Yes,Yes,Fiber optic,Yes,Yes,No,No,No,Yes,One year,Yes,Electronic check,81.45,3751.4,0,13.4,0,0,0.291,Watch
Female,0,Yes,Yes,6,Yes,Yes,DSL,No,Yes,Yes,No,No,No,Month-to-month,Yes,Electronic check,48.44,293.88,0,9.9,0,0,0.681,High Risk
Female,1,Yes,No,38,Yes,Yes,DSL,Yes,No,Yes,Yes,No,Yes,Month-to-month,Yes,Credit card (automatic),58.8,2255.1,1,13.5,1,0,0.341,Watch
Male,0,No,Yes,32,Yes,Yes,Fiber optic,No,Yes,No,No,No,Yes,Two year,Yes,Credit card (automatic),74.48,2375.19,1,6.4,1,0,0.215,Watch
Female,0,No,Yes,44,Yes,Yes,DSL,No,No,Yes,No,Yes,Yes,Month-to-month,Yes,Electronic check,54.36,2354.14,1,12.1,0,0,0.471,High Risk
Female,0,No,No,42,Yes,Yes,Fiber optic,No,No,No,No,No,No,Month-to-month,No,Credit card (automatic),67.27,2856.43,1,16.8,0,0,0.521,High Risk
Female,0,No,No,7,Yes,Yes,No,No,No,No,No,No,No,Month-to-month,No,Bank transfer (automatic),20.48,124.71,0,10.5,0,0,0.56,High Risk
Female,0,No,No,3,Yes,No,DSL,Yes,Yes,No,Yes,No,No,Month-to-month,No,Mailed check,50.06,130.08,0,18.2,0,0,0.531,High Risk
Male,0,Yes,Yes,9,Yes,Yes,Fiber optic,Yes,Yes,No,No,No,Yes,Month-to-month,Yes,Bank transfer (automatic),75.48,667.35,1,25.3,1,0,0.833,Critical Risk
Female,0,Yes,Yes,15,Yes,Yes,DSL,No,No,No,No,No,No,One year,Yes,Electronic check,40.33,581.08,2,18.2,1,0,0.53,High Risk
Female,0,Yes,Yes,53,Yes,Yes,DSL,Yes,Yes,Yes,No,No,Yes,Month-to-month,No,Mailed check,66.39,3499.14,1,20.8,0,0,0.362,Watch
Male,0,Yes,No,19,Yes,No,DSL,Yes,Yes,No,No,No,Yes,Month-to-month,No,Mailed check,52.31,992.14,0,18.7,0,0,0.506,High Risk
Male,0,Yes,Yes,70,Yes,No,DSL,Yes,Yes,Yes,Yes,Yes,No,Month-to-month,Yes,Mailed check,64.71,4548.72,1,11.9,1,0,0.227,Watch
Female,0,No,No,6,Yes,No,DSL,No,Yes,Yes,Yes,Yes,No,Two year,Yes,Electronic check,62.25,368.49,2,2.0,2,1,0.424,High Risk
Female,0,Yes,Yes,37,Yes,Yes,No,No,No,No,No,No,No,Two year,No,Mailed check,19.82,708.16,4,8.8,0,0,0.108,Healthy
Male,0,No,No,52,Yes,Yes,Fiber optic,No,Yes,No,Yes,No,Yes,Month-to-month,No,Electronic check,78.22,4037.49,2,19.9,2,1,0.743,Critical Risk
Male,0,No,No,3,Yes,No,DSL,No,No,No,No,No,Yes,Month-to-month,No,Bank transfer (automatic),45.17,156.66,2,6.8,0,0,0.785,Critical Risk
Female,0,Yes,No,37,Yes,No,DSL,No,Yes,Yes,No,No,No,Two year,No,Credit card (automatic),48.62,1779.9,2,13.2,0,0,0.059,Healthy
Male,0,No,Yes,4,Yes,Yes,No,No,No,No,No,No,No,Month-to-month,Yes,Bank transfer (automatic),18.0,82.3,1,14.2,0,0,0.62,High Risk
Male,0,Yes,Yes,57,Yes,No,DSL,No,No,Yes,Yes,Yes,No,Month-to-month,No,Mailed check,57.49,3269.5,1,7.7,1,0,0.369,Watch
Female,0,No,No,34,Yes,Yes,DSL,No,No,No,No,No,Yes,Month-to-month,Yes,Mailed check,41.64,1425.26,2,23.4,0,0,0.466,High Risk
Female,0,No,No,63,Yes,No,No,No,No,No,No,No,No,Month-to-month,Yes,Bank transfer (automatic),18.0,1147.91,1,17.2,0,0,0.197,Healthy
Male,0,Yes,No,48,No,No,Fiber optic,No,Yes,Yes,No,Yes,Yes,One year,Yes,Credit card (automatic),92.16,4431.06,0,23.2,1,0,0.18,Healthy
Male,0,Yes,No,23,Yes,No,DSL,No,No,No,Yes,No,No,Month-to-month,No,Credit card (automatic),40.89,929.85,2,21.4,0,0,0.387,Watch
Male,1,No,Yes,11,Yes,No,Fiber optic,No,Yes,No,Yes,Yes,Yes,Month-to-month,Yes,Bank transfer (automatic),89.32,983.05,0,19.1,0,1,0.678,High Risk
Male,0,Yes,No,11,Yes,Yes,Fiber optic,Yes,No,Yes,No,No,Yes,One year,Yes,Mailed check,80.36,875.8,1,3.2,1,0,0.663,High Risk
Female,0,No,Yes,2,Yes,Yes,Fiber optic,No,No,No,No,Yes,Yes,Month-to-month,No,Electronic check,73.47,169.59,1,7.5,0,1,0.911,Critical Risk
Male,0,Yes,Yes,21,Yes,Yes,DSL,No,Yes,No,No,No,No,Two year,Yes,Electronic check,44.33,941.52,2,14.1,0,0,0.181,Healthy
Male,0,No,No,53,No,No,No,No,No,No,No,No,No,Month-to-month,Yes,Electronic check,20.45,1051.42,3,12.9,0,0,0.492,High Risk
Male,0,Yes,No,25,Yes,No,Fiber optic,Yes,Yes,Yes,No,Yes,No,Month-to-month,Yes,Mailed check,92.46,2329.14,4,11.0,0,0,0.909,Critical Risk
Female,0,Yes,No,10,Yes,Yes,DSL,No,No,No,Yes,No,No,Two year,Yes,Electronic check,44.02,447.71,1,13.7,0,0,0.157,Healthy
Female,0,Yes,No,5,Yes,Yes,Fiber optic,No,Yes,No,No,No,Yes,Month-to-month,No,Bank transfer (automatic),74.49,328.09,1,30.0,1,1,0.829,Critical Risk
Female,0,Yes,No,31,Yes,Yes,Fiber optic,Yes,No,No,Yes,No,Yes,Month-to-month,Yes,Electronic check,77.33,2382.56,2,13.6,0,1,0.793,Critical Risk
Male,1,No,No,15,Yes,Yes,No,No,No,No,No,No,No,One year,Yes,Credit card (automatic),18.0,292.21,2,12.5,0,0,0.199,Healthy
Female,0,No,Yes,53,Yes,No,DSL,No,Yes,Yes,Yes,Yes,Yes,Month-to-month,No,Electronic check,65.83,3493.86,0,14.0,0,0,0.316,Watch
Male,0,Yes,Yes,24,No,No,DSL,No,No,No,No,Yes,No,Month-to-month,Yes,Credit card (automatic),45.25,1112.06,1,16.9,0,1,0.466,High Risk
Female,0,Yes,No,9,Yes,No,Fiber optic,No,No,Yes,No,Yes,Yes,Month-to-month,No,Electronic check,78.38,716.9,1,16.8,1,1,0.898,Critical Risk
Female,0,Yes,Yes,19,Yes,Yes,DSL,Yes,Yes,Yes,No,No,No,One year,Yes,Electronic check,51.54,985.94,2,14.7,0,0,0.382,Watch
Female,0,No,No,32,Yes,Yes,DSL,Yes,No,Yes,Yes,No,No,One year,Yes,Bank transfer (automatic),52.43,1689.29,1,10.1,1,0,0.231,Watch
Male,0,No,No,2,Yes,Yes,Fiber optic,Yes,Yes,Yes,Yes,Yes,Yes,Month-to-month,No,Bank transfer (automatic),98.95,190.28,2,9.6,1,0,0.907,Critical Risk
Female,0,No,No,8,No,No,Fiber optic,No,Yes,No,Yes,Yes,Yes,One year,Yes,Electronic check,87.17,718.3,2,13.3,0,1,0.622,High Risk
Female,0,No,Yes,70,Yes,Yes,Fiber optic,No,No,No,No,No,No,Two year,No,Credit card (automatic),60.4,4230.59,0,11.3,1,0,0.044,Healthy
Female,1,Yes,No,25,Yes,Yes,Fiber optic,Yes,No,No,No,No,Yes,Two year,No,Bank transfer (automatic),78.01,1954.98,2,7.6,0,0,0.346,Watch
Male,1,Yes,No,54,Yes,No,Fiber optic,Yes,No,No,Yes,No,Yes,One year,Yes,Mailed check,83.48,4535.27,0,6.1,1,0,0.259,Watch
Female,0,No,No,66,Yes,No,No,No,No,No,No,No,No,Month-to-month,Yes,Bank transfer (automatic),18.0,1206.18,2,17.9,1,0,0.274,Watch
Female,0,Yes,Yes,8,Yes,No,Fiber optic,Yes,No,No,No,Yes,No,One year,No,Bank transfer (automatic),77.92,632.76,1,6.6,0,0,0.67,High Risk
Male,0,Yes,No,50,Yes,Yes,Fiber optic,No,No,Yes,No,Yes,Yes,Two year,No,Electronic check,83.27,4150.6,1,15.6,0,0,0.201,Watch
Female,1,Yes,No,60,Yes,No,No,No,No,No,No,No,No,Month-to-month,No,Credit card (automatic),18.0,1071.6,0,24.9,0,0,0.098,Healthy
Male,0,No,No,1,Yes,No,DSL,No,No,Yes,No,No,Yes,Month-to-month,Yes,Credit card (automatic),50.16,50.42,2,2.7,0,1,0.737,Critical Risk
Female,0,No,No,22,Yes,Yes,Fiber optic,Yes,No,No,No,Yes,Yes,Month-to-month,Yes,Bank transfer (automatic),78.32,1688.65,2,13.6,0,0,0.836,Critical Risk
Female,0,No,No,9,Yes,Yes,Fiber optic,No,Yes,Yes,No,Yes,No,Two year,Yes,Mailed check,77.32,709.4,1,10.0,0,0,0.287,Watch
Male,0,Yes,No,2,Yes,No,Fiber optic,No,Yes,No,No,Yes,No,Two year,Yes,Credit card (automatic),75.21,143.0,0,12.7,1,0,0.355,Watch
Male,0,Yes,No,21,Yes,Yes,Fiber optic,No,Yes,No,Yes,No,No,Month-to-month,No,Electronic check,72.09,1520.68,1,6.5,0,0,0.754,Critical Risk
Female,0,Yes,Yes,13,Yes,Yes,DSL,Yes,Yes,No,No,Yes,Yes,Two year,No,Credit card (automatic),64.08,820.59,0,9.2,1,0,0.19,Healthy
Male,0,No,Yes,65,Yes,No,Fiber optic,Yes,No,Yes,Yes,Yes,Yes,One year,No,Credit card (automatic),91.12,5953.76,2,19.9,0,0,0.133,Healthy
Male,0,Yes,No,17,Yes,No,Fiber optic,Yes,Yes,Yes,No,No,No,Two year,No,Mailed check,81.4,1356.96,1,20.2,0,0,0.256,Watch
Male,0,No,No,54,Yes,No,No,No,No,No,No,No,No,Two year,Yes,Bank transfer (automatic),19.04,977.73,0,14.7,1,0,0.044,Healthy
Female,0,No,Yes,3,No,No,DSL,No,No,Yes,No,Yes,No,Month-to-month,Yes,Bank transfer (automatic),50.39,171.63,1,7.4,2,0,0.852,Critical Risk
Female,1,No,Yes,45,Yes,Yes,No,No,No,No,No,No,No,Month-to-month,No,Bank transfer (automatic),18.0,778.91,0,12.4,1,0,0.258,Watch
Female,0,No,Yes,50,Yes,Yes,DSL,No,Yes,No,No,Yes,No,Month-to-month,Yes,Credit card (automatic),53.06,2633.29,1,25.2,0,0,0.303,Watch
Male,0,Yes,Yes,11,Yes,No,Fiber optic,No,Yes,Yes,No,No,Yes,One year,Yes,Bank transfer (automatic),75.35,788.64,1,11.0,1,0,0.557,High Risk
Male,0,No,Yes,31,Yes,Yes,Fiber optic,Yes,Yes,No,Yes,Yes,Yes,One year,Yes,Credit card (automatic),95.86,2993.69,2,29.4,1,0,0.393,Watch
Female,0,Yes,No,67,Yes,No,Fiber optic,Yes,No,Yes,Yes,No,Yes,Month-to-month,Yes,Electronic check,84.35,5667.34,3,15.9,0,0,0.572,High Risk
Female,1,No,Yes,44,Yes,No,No,No,No,No,No,No,No,Month-to-month,Yes,Mailed check,20.04,900.0,1,13.5,2,0,0.413,High Risk
Female,0,No,No,58,Yes,No,Fiber optic,Yes,Yes,Yes,No,No,Yes,Month-to-month,No,Credit card (automatic),84.06,4900.09,0,13.5,0,0,0.39,Watch
Female,1,No,No,31,Yes,No,DSL,Yes,Yes,Yes,Yes,No,No,Month-to-month,Yes,Bank transfer (automatic),61.23,1914.08,3,11.1,1,1,0.628,High Risk
Female,0,Yes,Yes,17,Yes,Yes,Fiber optic,No,No,No,No,Yes,Yes,Two year,Yes,Bank transfer (automatic),75.08,1269.08,2,12.0,0,0,0.378,Watch
Male,0,No,No,34,Yes,Yes,Fiber optic,No,Yes,No,No,Yes,No,One year,No,Mailed check,76.44,2602.63,0,20.1,1,0,0.346,Watch
Male,0,No,No,29,Yes,No,Fiber optic,Yes,No,Yes,Yes,No,Yes,One year,Yes,Mailed check,88.82,2591.87,2,23.5,1,1,0.492,High Risk
Female,0,No,Yes,71,Yes,No,Fiber optic,Yes,No,No,Yes,No,No,Month-to-month,No,Electronic check,71.66,5095.87,0,8.2,0,0,0.369,Watch
Female,0,No,No,31,Yes,No,DSL,No,No,No,No,Yes,Yes,Month-to-month,No,Bank transfer (automatic),53.79,1653.0,1,15.3,0,0,0.574,High Risk
Female,1,No,No,45,Yes,No,DSL,Yes,Yes,No,No,No,Yes,Month-to-month,No,Bank transfer (automatic),54.92,2472.39,1,2.0,1,0,0.471,High Risk
Female,1,Yes,Yes,42,Yes,No,Fiber optic,No,No,Yes,Yes,No,No,Month-to-month,Yes,Credit card (automatic),70.02,2943.67,1,7.8,0,0,0.39,Watch
Male,0,Yes,No,27,Yes,Yes,Fiber optic,No,No,Yes,No,Yes,No,One year,No,Mailed check,76.55,2085.58,4,16.1,1,1,0.683,High Risk
Male,1,Yes,No,27,Yes,No,No,No,No,No,No,No,No,One year,No,Mailed check,18.0,491.01,1,14.9,0,0,0.149,Healthy
Female,1,No,Yes,61,Yes,Yes,DSL,No,No,No,No,No,Yes,Month-to-month,No,Mailed check,43.61,2665.55,0,18.9,0,0,0.173,Healthy
Female,0,No,No,15,Yes,Yes,Fiber optic,Yes,No,Yes,Yes,No,Yes,Month-to-month,Yes,Credit card (automatic),86.19,1277.72,4,14.6,0,1,0.842,Critical Risk
Male,0,Yes,Yes,30,Yes,No,No,No,No,No,No,No,No,One year,Yes,Mailed check,18.0,548.48,1,13.2,0,0,0.167,Healthy
Male,0,Yes,Yes,48,Yes,No,DSL,Yes,Yes,No,Yes,Yes,Yes,Two year,Yes,Mailed check,69.21,3314.36,1,1.8,1,0,0.076,Healthy
Female,0,No,Yes,4,Yes,No,Fiber optic,Yes,Yes,Yes,Yes,No,Yes,Month-to-month,Yes,Electronic check,90.5,373.23,3,14.5,0,0,0.906,Critical Risk
Female,0,No,No,49,No,No,No,No,No,No,No,No,No,One year,Yes,Credit card (automatic),18.0,879.1,2,14.2,0,0,0.099,Healthy
Female,1,No,No,60,Yes,Yes,DSL,Yes,Yes,Yes,Yes,No,No,Month-to-month,Yes,Bank transfer (automatic),58.69,3505.25,0,5.9,1,0,0.238,Watch
Male,0,Yes,No,32,Yes,No,Fiber optic,Yes,No,No,Yes,No,Yes,One year,Yes,Electronic check,74.7,2385.87,1,13.1,0,1,0.416,High Risk
Female,0,No,No,42,Yes,Yes,Fiber optic,No,No,Yes,No,Yes,Yes,One year,Yes,Electronic check,75.53,3161.36,1,15.0,0,0,0.335,Watch
Female,0,Yes,No,35,Yes,Yes,DSL,Yes,Yes,No,Yes,No,No,One year,No,Mailed check,58.87,2052.18,2,19.5,0,0,0.166,Healthy
Female,0,Yes,Yes,48,Yes,Yes,Fiber optic,No,Yes,Yes,Yes,Yes,Yes,Month-to-month,No,Bank transfer (automatic),87.19,4183.23,1,25.0,0,0,0.358,Watch
Female,0,No,No,3,Yes,No,DSL,Yes,No,No,No,No,Yes,Month-to-month,Yes,Electronic check,49.91,148.94,0,5.1,0,0,0.81,Critical Risk
Male,0,Yes,No,45,Yes,Yes,No,No,No,No,No,No,No,Two year,No,Electronic check,18.0,779.57,1,5.5,0,1,0.057,Healthy
Male,0,No,No,33,Yes,Yes,Fiber optic,No,Yes,No,Yes,Yes,No,Month-to-month,Yes,Bank transfer (automatic),82.41,2744.53,3,5.7,0,0,0.774,Critical Risk
Male,0,Yes,No,2,Yes,No,DSL,No,Yes,No,Yes,Yes,Yes,Month-to-month,Yes,Electronic check,62.74,115.49,2,15.6,0,0,0.778,Critical Risk
Female,0,Yes,No,58,Yes,No,DSL,Yes,Yes,No,Yes,No,Yes,Month-to-month,Yes,Mailed check,55.29,3238.76,1,6.5,1,0,0.339,Watch
Male,0,No,No,11,Yes,Yes,No,No,No,No,No,No,No,Two year,Yes,Credit card (automatic),19.74,227.04,1,13.7,1,0,0.116,Healthy
Male,0,Yes,No,43,Yes,No,Fiber optic,Yes,No,No,Yes,Yes,Yes,Month-to-month,No,Mailed check,88.3,3774.28,1,16.7,0,0,0.577,High Risk
Male,0,Yes,No,62,Yes,No,DSL,Yes,No,Yes,Yes,No,Yes,Month-to-month,Yes,Electronic check,59.3,3658.91,0,5.5,0,0,0.294,Watch
Female,0,Yes,No,67,Yes,No,DSL,Yes,No,No,No,No,No,Month-to-month,Yes,Mailed check,45.73,3070.35,0,14.6,0,0,0.218,Watch
Female,0,Yes,No,45,Yes,Yes,Fiber optic,Yes,Yes,No,Yes,Yes,No,Month-to-month,No,Electronic check,84.24,3771.21,1,16.3,0,0,0.586,High Risk
Female,0,No,Yes,52,Yes,No,DSL,Yes,Yes,No,No,No,Yes,One year,Yes,Credit card (automatic),55.21,2892.61,1,4.4,0,0,0.138,Healthy
Female,0,Yes,Yes,42,Yes,Yes,No,No,No,No,No,No,No,Month-to-month,No,Mailed check,18.0,767.43,1,10.0,0,0,0.3,Watch
Male,1,No,Yes,56,Yes,No,DSL,No,No,No,Yes,No,Yes,Month-to-month,No,Mailed check,52.77,3000.5,2,7.2,1,1,0.394,Watch
Male,1,No,No,71,No,No,DSL,Yes,No,No,Yes,No,Yes,Month-to-month,No,Mailed check,52.63,3746.48,3,13.6,1,0,0.245,Watch
Male,0,No,Yes,33,Yes,Yes,Fiber optic,Yes,No,Yes,Yes,Yes,Yes,Two year,No,Electronic check,88.83,2912.77,1,7.7,0,0,0.24,Watch
Female,0,No,No,30,Yes,Yes,DSL,Yes,Yes,Yes,Yes,Yes,No,One year,No,Electronic check,71.52,2160.26,1,30.0,1,0,0.279,Watch
Female,0,No,No,12,Yes,Yes,Fiber optic,No,Yes,No,No,Yes,Yes,Two year,Yes,Mailed check,81.89,984.64,0,16.8,0,0,0.231,Watch
Male,1,No,No,71,Yes,No,No,No,No,No,No,No,No,Month-to-month,Yes,Bank transfer (automatic),18.0,1278.69,2,12.3,0,0,0.159,Healthy
Male,0,Yes,No,66,Yes,No,Fiber optic,No,No,Yes,Yes,No,No,Month-to-month,Yes,Bank transfer (automatic),70.39,4655.76,1,14.6,0,0,0.317,Watch
Male,0,No,Yes,51,Yes,Yes,No,No,No,No,No,No,No,Month-to-month,Yes,Electronic check,18.0,901.09,2,11.7,0,0,0.456,High Risk
Female,0,Yes,No,48,Yes,Yes,No,No,No,No,No,No,No,Month-to-month,Yes,Credit card (automatic),23.83,1153.93,0,11.4,1,0,0.249,Watch
Male,0,No,No,14,Yes,Yes,DSL,No,Yes,No,Yes,Yes,No,Month-to-month,Yes,Electronic check,56.81,807.45,2,10.9,0,0,0.732,Critical Risk
Female,0,No,No,66,Yes,No,DSL,No,Yes,No,No,No,Yes,Month-to-month,Yes,Credit card (automatic),49.99,3305.91,2,12.4,1,0,0.291,Watch
Male,0,Yes,No,4,Yes,Yes,Fiber optic,No,No,No,Yes,Yes,No,Two year,Yes,Mailed check,80.09,281.7,0,15.6,1,0,0.348,Watch
Female,0,Yes,No,45,Yes,No,No,No,No,No,No,No,No,Month-to-month,No,Mailed check,26.17,1179.68,4,7.5,0,0,0.512,High Risk
Female,0,Yes,No,18,No,No,No,No,No,No,No,No,No,Month-to-month,Yes,Mailed check,18.0,295.66,0,5.3,0,0,0.481,High Risk
Male,0,Yes,No,33,Yes,No,Fiber optic,No,No,Yes,Yes,Yes,No,Month-to-month,Yes,Bank transfer (automatic),79.45,2595.86,1,18.8,0,0,0.623,High Risk
Female,0,No,No,6,Yes,No,DSL,No,Yes,Yes,No,No,No,Two year,Yes,Electronic check,44.74,246.04,2,23.0,2,0,0.334,Watch
Female,0,Yes,No,9,Yes,No,Fiber optic,No,No,No,No,Yes,No,Two year,Yes,Bank transfer (automatic),69.34,619.79,1,12.8,1,0,0.436,High Risk
Female,1,No,No,27,Yes,Yes,Fiber optic,Yes,No,No,No,No,No,Month-to-month,No,Mailed check,61.56,1656.52,1,14.2,1,0,0.756,Critical Risk
Female,0,No,No,29,Yes,Yes,No,No,No,No,No,No,No,Two year,Yes,Bank transfer (automatic),21.9,665.81,0,13.4,1,0,0.096,Healthy
Male,1,Yes,No,64,Yes,No,Fiber optic,Yes,No,No,Yes,No,No,Month-to-month,Yes,Mailed check,73.76,4738.15,1,13.0,0,0,0.361,Watch
Male,0,Yes,No,43,No,No,DSL,No,Yes,No,Yes,Yes,No,One year,Yes,Bank transfer (automatic),51.45,2237.04,1,19.9,1,0,0.108,Healthy
Female,1,Yes,Yes,2,Yes,Yes,Fiber optic,Yes,No,No,No,Yes,No,One year,Yes,Credit card (automatic),69.34,156.31,0,10.8,0,0,0.473,High Risk
Male,0,No,Yes,67,Yes,No,Fiber optic,No,Yes,Yes,No,No,No,Two year,Yes,Mailed check,76.88,5127.28,2,19.2,0,0,0.068,Healthy
Male,0,Yes,No,44,Yes,No,Fiber optic,Yes,No,Yes,No,Yes,No,Month-to-month,No,Electronic check,81.82,3585.61,0,10.9,1,0,0.751,Critical Risk
Male,0,Yes,No,60,Yes,No,Fiber optic,No,No,No,Yes,Yes,No,One year,Yes,Electronic check,76.83,4556.89,2,12.0,0,0,0.297,Watch
Male,1,No,No,67,Yes,No,No,No,No,No,No,No,No,One year,No,Mailed check,18.0,1205.81,1,10.6,2,0,0.079,Healthy
Male,1,No,Yes,37,Yes,Yes,Fiber optic,Yes,No,Yes,No,Yes,Yes,Month-to-month,No,Bank transfer (automatic),86.35,3224.59,3,5.9,2,1,0.883,Critical Risk
Male,0,Yes,No,13,Yes,Yes,DSL,Yes,Yes,No,No,No,Yes,Two year,Yes,Bank transfer (automatic),52.16,679.27,2,15.6,0,0,0.199,Healthy
Female,0,No,No,32,Yes,Yes,DSL,No,No,No,Yes,Yes,No,Two year,Yes,Bank transfer (automatic),52.94,1671.48,4,17.1,0,0,0.149,Healthy
Female,0,No,No,50,Yes,Yes,Fiber optic,No,Yes,Yes,No,No,Yes,One year,Yes,Electronic check,76.93,3830.16,1,7.6,0,0,0.347,Watch
Male,0,No,No,2,Yes,No,Fiber optic,Yes,Yes,Yes,No,No,Yes,Two year,Yes,Mailed check,89.89,189.34,3,15.4,0,0,0.508,High Risk
Male,0,Yes,Yes,69,Yes,No,Fiber optic,Yes,Yes,No,Yes,No,Yes,One year,Yes,Bank transfer (automatic),91.79,6323.84,1,12.1,1,0,0.198,Healthy
Female,0,No,No,25,Yes,Yes,Fiber optic,Yes,No,Yes,No,Yes,No,One year,No,Bank transfer (automatic),77.16,1948.11,3,12.8,0,1,0.612,High Risk
Male,0,Yes,No,48,Yes,No,Fiber optic,Yes,No,Yes,No,No,No,One year,No,Bank transfer (automatic),78.5,3784.35,0,11.8,1,0,0.296,Watch
Male,0,Yes,No,71,Yes,No,Fiber optic,Yes,No,Yes,Yes,No,Yes,One year,No,Electronic check,88.26,6261.53,1,14.8,1,0,0.211,Watch
Male,1,Yes,Yes,63,No,No,DSL,No,Yes,No,No,No,No,Month-to-month,Yes,Mailed check,43.52,2719.33,2,13.3,0,0,0.231,Watch
Male,0,No,No,54,Yes,Yes,Fiber optic,No,No,Yes,Yes,No,No,Month-to-month,Yes,Electronic check,76.68,4152.01,2,13.7,1,0,0.711,Critical Risk
Male,0,No,Yes,21,Yes,Yes,No,No,No,No,No,No,No,Month-to-month,Yes,Bank transfer (automatic),19.15,388.89,0,17.0,0,1,0.422,High Risk
Male,0,No,No,38,Yes,No,DSL,Yes,No,No,No,Yes,Yes,One year,Yes,Mailed check,56.16,2144.27,3,17.0,0,0,0.287,Watch
Female,0,No,No,36,Yes,Yes,DSL,No,Yes,Yes,Yes,No,No,Month-to-month,Yes,Electronic check,56.46,2044.99,1,8.1,0,1,0.463,High Risk
Female,0,Yes,No,62,Yes,No,Fiber optic,No,No,No,No,No,No,Month-to-month,No,Electronic check,62.84,3885.54,0,19.2,2,0,0.642,High Risk
Male,0,Yes,No,2,Yes,No,DSL,Yes,No,No,Yes,Yes,Yes,Month-to-month,Yes,Electronic check,60.64,153.25,0,20.1,0,0,0.727,Critical Risk
Female,0,No,No,1,Yes,No,Fiber optic,No,Yes,Yes,No,No,No,Two year,Yes,Credit card (automatic),80.54,75.26,3,10.7,1,0,0.503,High Risk
Female,0,Yes,Yes,8,Yes,No,No,No,No,No,No,No,No,Two year,No,Electronic check,18.0,163.43,1,3.4,1,0,0.261,Watch
Male,0,Yes,No,69,Yes,No,DSL,Yes,No,No,No,No,No,Month-to-month,No,Mailed check,45.17,3132.88,3,7.0,2,1,0.531,High Risk
Male,0,No,Yes,39,No,No,No,No,No,No,No,No,No,One year,Yes,Bank transfer (automatic),18.57,718.51,2,16.2,1,0,0.179,Healthy
Female,0,Yes,No,51,Yes,No,DSL,No,No,Yes,No,Yes,No,One year,No,Credit card (automatic),50.67,2560.77,0,11.4,0,0,0.095,Healthy
Male,0,Yes,No,6,No,No,Fiber optic,No,Yes,Yes,No,No,Yes,Month-to-month,No,Credit card (automatic),76.02,456.78,1,16.5,2,0,0.833,Critical Risk
Male,0,No,Yes,0,Yes,No,DSL,Yes,Yes,No,Yes,No,Yes,Month-to-month,Yes,Electronic check,63.67,16.02,2,24.6,0,0,0.768,Critical Risk
Male,0,No,No,47,Yes,Yes,Fiber optic,No,No,No,No,No,Yes,Month-to-month,Yes,Electronic check,69.49,3262.22,2,7.9,1,1,0.778,Critical Risk
Male,0,No,Yes,51,Yes,No,No,No,No,No,No,No,No,Month-to-month,No,Bank transfer (automatic),20.2,1023.29,0,13.0,1,1,0.353,Watch
Male,0,Yes,Yes,31,Yes,No,DSL,No,No,Yes,No,No,Yes,Month-to-month,No,Mailed check,48.39,1509.34,3,22.0,0,0,0.563,High Risk
Male,0,No,No,6,Yes,Yes,No,No,No,No,No,No,No,Month-to-month,No,Mailed check,18.0,113.47,1,10.9,2,1,0.74,Critical Risk
Male,0,No,Yes,35,Yes,Yes,Fiber optic,No,Yes,No,Yes,Yes,Yes,Two year,No,Bank transfer (automatic),90.8,3162.88,1,4.9,1,0,0.233,Watch
Female,0,Yes,Yes,46,Yes,No,No,No,No,No,No,No,No,Month-to-month,No,Credit card (automatic),23.97,1073.86,1,14.2,1,0,0.307,Watch
Male,0,No,No,15,Yes,Yes,Fiber optic,Yes,Yes,Yes,No,Yes,Yes,Month-to-month,Yes,Electronic check,92.35,1397.26,2,23.5,1,0,0.916,Critical Risk
Female,0,No,No,21,Yes,No,Fiber optic,Yes,No,No,Yes,No,No,Month-to-month,No,Bank transfer (automatic),70.05,1455.9,0,18.8,0,0,0.638,High Risk
Female,0,No,No,54,Yes,Yes,No,No,No,No,No,No,No,Month-to-month,No,Bank transfer (automatic),18.0,962.42,1,7.3,0,0,0.296,Watch
Female,0,Yes,No,15,Yes,Yes,Fiber optic,Yes,No,Yes,Yes,No,Yes,Month-to-month,Yes,Bank transfer (automatic),86.23,1314.85,2,9.2,0,1,0.837,Critical Risk
Female,0,No,Yes,7,No,No,No,No,No,No,No,No,No,Month-to-month,No,Mailed check,23.95,220.53,2,2.9,1,0,0.77,Critical Risk
Male,0,Yes,No,45,Yes,No,DSL,No,Yes,Yes,Yes,No,No,Month-to-month,Yes,Credit card (automatic),55.75,2549.95,0,16.7,2,0,0.28,Watch
Male,0,Yes,No,1,Yes,Yes,DSL,No,No,No,No,No,No,Month-to-month,No,Electronic check,37.44,37.95,1,18.7,4,1,0.925,Critical Risk
Male,0,Yes,Yes,31,Yes,Yes,Fiber optic,No,Yes,No,No,Yes,Yes,One year,No,Credit card (automatic),80.71,2531.9,1,14.8,0,0,0.319,Watch
Female,0,Yes,No,41,Yes,Yes,DSL,Yes,Yes,Yes,No,Yes,Yes,Two year,Yes,Bank transfer (automatic),76.7,3116.76,0,10.4,0,0,0.082,Healthy
Female,0,Yes,No,4,Yes,No,Fiber optic,Yes,Yes,Yes,No,No,Yes,Month-to-month,Yes,Credit card (automatic),86.09,339.3,4,15.0,0,1,0.895,Critical Risk
Female,0,No,Yes,47,Yes,No,No,No,No,No,No,No,No,Month-to-month,No,Credit card (automatic),18.63,867.33,2,5.1,1,0,0.355,Watch
Male,0,No,Yes,60,Yes,No,Fiber optic,Yes,No,Yes,No,Yes,Yes,Month-to-month,No,Bank transfer (automatic),86.09,5153.65,1,11.7,0,0,0.578,High Risk
Male,0,Yes,No,71,Yes,Yes,No,No,No,No,No,No,No,Month-to-month,Yes,Electronic check,18.34,1306.21,0,17.3,1,0,0.2,Watch
Female,0,No,No,19,Yes,Yes,Fiber optic,No,Yes,No,No,No,Yes,Month-to-month,Yes,Bank transfer (automatic),78.96,1508.06,1,17.7,0,0,0.778,Critical Risk
Female,0,No,Yes,23,Yes,Yes,DSL,No,Yes,No,No,Yes,Yes,Month-to-month,Yes,Electronic check,52.36,1197.14,2,15.8,0,1,0.671,High Risk
Female,1,Yes,No,45,Yes,Yes,DSL,No,No,Yes,Yes,No,Yes,Two year,No,Electronic check,56.18,2531.64,1,3.1,0,0,0.052,Healthy
Male,0,No,Yes,43,Yes,No,No,No,No,No,No,No,No,One year,Yes,Mailed check,21.03,885.89,2,6.4,0,0,0.144,Healthy
Male,0,No,No,44,No,No,Fiber optic,Yes,No,Yes,No,No,No,Two year,Yes,Credit card (automatic),71.23,3078.39,0,10.5,0,0,0.076,Healthy
Male,0,No,Yes,22,Yes,Yes,No,No,No,No,No,No,No,Month-to-month,Yes,Credit card (automatic),20.42,451.87,2,20.1,1,0,0.528,High Risk
Female,0,No,No,4,Yes,Yes,DSL,Yes,Yes,No,Yes,Yes,No,Two year,Yes,Bank transfer (automatic),70.9,292.16,2,11.7,2,0,0.419,High Risk
Male,0,No,No,1,Yes,No,DSL,No,Yes,Yes,No,Yes,No,Month-to-month,No,Electronic check,55.75,74.35,0,12.7,0,1,0.751,Critical Risk
Female,0,No,No,72,Yes,No,Fiber optic,Yes,Yes,Yes,Yes,Yes,No,Month-to-month,Yes,Mailed check,90.34,6478.82,2,16.0,1,0,0.435,High Risk
Male,1,Yes,Yes,29,Yes,No,Fiber optic,Yes,Yes,Yes,Yes,No,No,Month-to-month,No,Electronic check,85.33,2446.23,0,13.4,0,0,0.659,High Risk
Male,0,Yes,No,32,Yes,Yes,Fiber optic,Yes,No,No,No,No,No,Two year,No,Credit card (automatic),71.5,2246.13,1,13.7,1,0,0.235,Watch
Male,0,No,No,45,Yes,Yes,Fiber optic,No,No,Yes,Yes,Yes,No,Two year,No,Electronic check,78.79,3552.88,0,8.5,3,0,0.246,Watch
Female,0,Yes,Yes,14,Yes,No,Fiber optic,No,Yes,Yes,No,Yes,No,Month-to-month,No,Bank transfer (automatic),78.23,1080.27,3,9.7,0,0,0.877,Critical Risk
Female,0,Yes,No,27,Yes,Yes,No,No,No,No,No,No,No,Two year,No,Mailed check,18.0,472.85,0,14.8,0,0,0.06,Healthy
Female,0,Yes,No,31,No,No,DSL,No,Yes,No,No,Yes,Yes,Month-to-month,No,Electronic check,60.33,1882.08,0,23.1,1,0,0.612,High Risk
Female,0,No,No,6,Yes,No,DSL,Yes,No,No,Yes,No,Yes,Month-to-month,No,Bank transfer (automatic),57.04,370.85,1,8.7,0,0,0.688,High Risk
Male,0,No,No,44,Yes,Yes,DSL,No,Yes,No,No,No,No,Month-to-month,No,Electronic check,47.45,2077.44,0,12.0,1,0,0.469,High Risk
Male,0,Yes,No,14,Yes,No,Fiber optic,Yes,No,No,Yes,No,No,One year,No,Electronic check,75.85,1079.06,1,15.6,1,1,0.666,High Risk
Female,0,Yes,No,0,Yes,No,No,No,No,No,No,No,No,One year,No,Electronic check,18.0,9.83,1,23.6,1,0,0.446,High Risk
Male,0,Yes,No,45,No,No,Fiber optic,Yes,No,No,Yes,Yes,No,Two year,Yes,Mailed check,83.97,3809.0,1,19.1,2,0,0.188,Healthy
Male,0,Yes,Yes,21,Yes,Yes,No,No,No,No,No,No,No,Two year,Yes,Credit card (automatic),18.32,392.15,0,6.2,2,0,0.115,Healthy
Female,0,No,No,52,Yes,No,Fiber optic,Yes,No,Yes,No,Yes,Yes,One year,No,Mailed check,98.54,5110.58,2,11.3,0,0,0.468,High Risk
Female,1,Yes,Yes,39,Yes,No,Fiber optic,Yes,Yes,No,Yes,No,Yes,Month-to-month,Yes,Bank transfer (automatic),85.94,3338.82,2,10.7,0,0,0.627,High Risk
Male,0,No,No,2,Yes,Yes,Fiber optic,No,Yes,Yes,Yes,Yes,No,Month-to-month,No,Mailed check,87.53,205.17,0,6.9,1,0,0.837,Critical Risk
Female,0,Yes,Yes,50,Yes,No,No,No,No,No,No,No,No,Month-to-month,Yes,Electronic check,24.0,1238.98,0,13.6,0,0,0.4,High Risk
Female,1,Yes,No,2,Yes,Yes,DSL,No,No,Yes,Yes,No,No,Month-to-month,No,Mailed check,43.72,69.4,0,23.0,0,0,0.418,High Risk
Female,0,No,No,22,Yes,No,Fiber optic,No,Yes,Yes,No,No,No,One year,No,Electronic check,76.35,1643.32,2,14.8,0,0,0.554,High Risk
Female,1,Yes,No,50,Yes,Yes,Fiber optic,Yes,Yes,No,No,Yes,Yes,Month-to-month,Yes,Bank transfer (automatic),82.76,4146.17,1,15.2,0,0,0.598,High Risk
Male,0,Yes,Yes,29,Yes,Yes,No,No,No,No,No,No,No,Month-to-month,Yes,Credit card (automatic),18.0,497.69,0,7.3,1,0,0.433,High Risk
Male,0,Yes,No,28,Yes,No,DSL,No,Yes,No,No,Yes,Yes,Month-to-month,No,Mailed check,58.56,1614.42,1,19.7,2,0,0.705,Critical Risk
Female,0,No,No,16,Yes,Yes,DSL,Yes,Yes,No,Yes,Yes,No,Two year,Yes,Bank transfer (automatic),62.97,990.96,1,16.1,2,0,0.239,Watch
Male,0,Yes,No,32,No,No,Fiber optic,Yes,Yes,Yes,No,No,No,One year,No,Electronic check,83.2,2650.83,1,15.9,0,1,0.463,High Risk
Male,0,No,No,21,Yes,Yes,Fiber optic,Yes,Yes,No,No,Yes,No,Month-to-month,Yes,Mailed check,85.36,1759.73,0,19.2,1,0,0.809,Critical Risk
Female,0,No,Yes,69,Yes,No,DSL,Yes,No,Yes,Yes,Yes,No,Month-to-month,Yes,Bank transfer (automatic),59.28,4105.78,1,10.3,0,0,0.21,Watch
Male,0,No,No,50,Yes,No,Fiber optic,No,No,No,No,No,No,Month-to-month,Yes,Credit card (automatic),68.3,3410.16,4,5.3,1,0,0.826,Critical Risk
Female,0,No,No,66,Yes,Yes,Fiber optic,No,Yes,Yes,No,Yes,Yes,Two year,No,Bank transfer (automatic),92.18,6092.97,4,15.4,1,0,0.195,Healthy
Male,0,No,No,24,Yes,Yes,Fiber optic,Yes,No,Yes,Yes,Yes,No,Month-to-month,No,Electronic check,85.24,2032.21,4,12.6,0,0,0.875,Critical Risk
Male,0,No,Yes,69,Yes,Yes,Fiber optic,No,Yes,Yes,Yes,Yes,No,Month-to-month,No,Bank transfer (automatic),90.95,6278.11,3,11.6,0,0,0.456,High Risk
Female,0,Yes,Yes,20,Yes,No,DSL,Yes,No,No,No,No,No,Month-to-month,No,Credit card (automatic),47.11,939.76,1,23.3,0,0,0.526,High Risk
Female,1,No,Yes,22,Yes,Yes,Fiber optic,No,No,No,Yes,Yes,Yes,Month-to-month,Yes,Mailed check,79.24,1753.41,1,20.6,0,0,0.629,High Risk
Male,0,No,No,21,Yes,No,Fiber optic,No,No,No,No,Yes,Yes,Month-to-month,No,Mailed check,73.45,1519.74,2,15.4,2,1,0.892,Critical Risk
Male,0,Yes,No,43,Yes,Yes,Fiber optic,No,Yes,Yes,Yes,No,No,Two year,Yes,Bank transfer (automatic),81.48,3521.26,1,7.9,2,0,0.175,Healthy
Male,0,No,No,44,Yes,Yes,Fiber optic,No,Yes,Yes,No,No,Yes,One year,No,Mailed check,79.55,3499.04,0,30.0,0,0,0.134,Healthy
Male,0,Yes,Yes,4,Yes,Yes,DSL,Yes,No,No,No,Yes,Yes,Month-to-month,Yes,Bank transfer (automatic),55.55,207.49,2,16.9,0,0,0.789,Critical Risk
Female,0,No,Yes,40,Yes,Yes,Fiber optic,Yes,No,No,Yes,Yes,Yes,Month-to-month,Yes,Bank transfer (automatic),84.32,3376.54,1,13.8,0,0,0.617,High Risk
Male,1,Yes,No,69,Yes,Yes,Fiber optic,Yes,No,Yes,Yes,Yes,No,Month-to-month,No,Electronic check,86.28,5975.72,0,10.2,0,0,0.359,Watch
Male,0,Yes,Yes,29,Yes,No,DSL,No,No,Yes,No,No,No,Month-to-month,No,Electronic check,46.32,1358.17,0,12.6,1,0,0.659,High Risk
Male,0,Yes,No,51,Yes,Yes,No,No,No,No,No,No,No,Month-to-month,No,Electronic check,18.28,950.17,0,8.4,0,0,0.347,Watch
Male,1,Yes,No,46,Yes,No,No,No,No,No,No,No,No,Month-to-month,Yes,Mailed check,18.0,829.13,0,6.8,1,0,0.273,Watch
Female,0,Yes,No,71,Yes,Yes,Fiber optic,No,Yes,Yes,Yes,Yes,Yes,Month-to-month,No,Credit card (automatic),90.57,6413.01,1,12.7,3,0,0.456,High Risk
Male,0,Yes,Yes,46,Yes,Yes,Fiber optic,No,Yes,No,No,Yes,Yes,Month-to-month,Yes,Credit card (automatic),79.85,3669.46,0,20.0,0,0,0.393,Watch
Female,0,No,Yes,34,Yes,Yes,Fiber optic,No,No,Yes,Yes,No,Yes,Month-to-month,Yes,Bank transfer (automatic),77.6,2639.22,2,13.5,2,1,0.792,Critical Risk
Male,0,Yes,No,0,Yes,No,Fiber optic,No,Yes,No,Yes,No,Yes,Two year,Yes,Electronic check,76.04,21.0,0,0.0,0,0,0.382,Watch
Male,0,No,Yes,58,Yes,Yes,DSL,Yes,Yes,Yes,Yes,No,No,One year,No,Electronic check,65.2,3765.38,0,23.6,3,1,0.199,Healthy
Female,0,No,No,24,Yes,Yes,Fiber optic,No,No,No,Yes,Yes,Yes,Month-to-month,Yes,Electronic check,82.34,1998.16,0,5.4,0,0,0.766,Critical Risk
Male,0,Yes,No,67,Yes,Yes,Fiber optic,No,Yes,No,No,Yes,No,Month-to-month,No,Mailed check,77.0,5178.71,4,8.5,0,0,0.607,High Risk
Male,0,Yes,No,17,Yes,No,Fiber optic,Yes,Yes,No,Yes,Yes,Yes,Month-to-month,No,Bank transfer (automatic),83.44,1444.79,1,19.8,0,0,0.715,Critical Risk
Male,0,Yes,Yes,31,Yes,No,No,No,No,No,No,No,No,Month-to-month,No,Credit card (automatic),18.16,578.58,2,17.6,0,0,0.393,Watch
Male,0,Yes,No,60,Yes,No,Fiber optic,No,No,Yes,No,No,No,One year,Yes,Electronic check,68.02,4080.62,3,21.9,2,0,0.486,High Risk
Female,1,No,No,11,Yes,No,Fiber optic,Yes,Yes,No,Yes,Yes,Yes,Month-to-month,No,Electronic check,88.57,962.96,1,18.7,0,0,0.784,Critical Risk
Female,0,No,Yes,20,Yes,No,Fiber optic,No,No,No,Yes,Yes,No,One year,No,Electronic check,73.79,1503.8,2,19.4,0,0,0.525,High Risk
Male,1,No,No,57,Yes,No,Fiber optic,No,No,No,Yes,No,Yes,Month-to-month,No,Mailed check,78.41,4479.94,1,9.5,0,0,0.445,High Risk
Female,0,Yes,No,23,Yes,Yes,DSL,Yes,No,Yes,Yes,Yes,No,Month-to-month,No,Electronic check,57.79,1298.85,1,10.5,0,0,0.597,High Risk
Female,0,No,Yes,69,Yes,Yes,Fiber optic,Yes,No,Yes,No,Yes,No,One year,Yes,Credit card (automatic),80.14,5554.27,0,15.7,0,0,0.102,Healthy
Female,0,Yes,No,39,Yes,No,Fiber optic,Yes,Yes,No,No,Yes,No,One year,Yes,Bank transfer (automatic),87.64,3418.68,5,11.6,1,0,0.729,Critical Risk
Male,0,No,Yes,60,Yes,No,Fiber optic,No,No,No,No,No,Yes,Two year,Yes,Bank transfer (automatic),69.17,4157.18,1,15.1,0,0,0.096,Healthy
Female,0,No,Yes,39,Yes,No,DSL,No,Yes,Yes,No,No,No,Month-to-month,Yes,Credit card (automatic),47.35,1884.38,0,21.6,0,0,0.232,Watch
Male,1,Yes,Yes,3,Yes,Yes,Fiber optic,No,Yes,Yes,No,No,Yes,Two year,Yes,Bank transfer (automatic),84.98,251.5,0,18.6,1,0,0.335,Watch
Female,0,No,No,59,Yes,Yes,No,No,No,No,No,No,No,Month-to-month,Yes,Credit card (automatic),18.0,1023.27,2,22.0,1,0,0.252,Watch
Female,0,No,No,30,No,No,Fiber optic,No,Yes,No,No,Yes,No,Two year,Yes,Bank transfer (automatic),73.06,2196.35,6,13.0,1,1,0.545,High Risk
Male,0,No,No,28,Yes,No,Fiber optic,No,No,Yes,No,Yes,No,Month-to-month,No,Electronic check,74.9,2086.76,3,13.1,0,1,0.878,Critical Risk
Male,1,Yes,No,53,No,No,DSL,Yes,Yes,Yes,No,No,Yes,Two year,Yes,Electronic check,61.81,3270.46,0,19.6,0,0,0.048,Healthy
Female,0,No,Yes,20,Yes,Yes,Fiber optic,Yes,No,No,No,Yes,No,Two year,Yes,Credit card (automatic),71.33,1412.13,2,0.0,0,0,0.333,Watch
Male,0,Yes,No,31,Yes,No,DSL,Yes,No,No,Yes,Yes,Yes,Month-to-month,Yes,Mailed check,66.46,2027.63,0,21.1,1,0,0.544,High Risk
Female,0,Yes,No,44,Yes,No,No,No,No,No,No,No,No,Month-to-month,Yes,Mailed check,19.88,888.03,1,12.3,1,0,0.379,Watch
Female,1,No,No,43,Yes,Yes,DSL,Yes,No,Yes,No,No,Yes,One year,No,Electronic check,51.45,2242.6,0,11.3,1,0,0.172,Healthy
Male,0,Yes,No,53,Yes,No,No,No,No,No,No,No,No,Month-to-month,Yes,Electronic check,18.0,963.76,2,8.6,3,1,0.708,Critical Risk
Male,0,Yes,No,6,Yes,Yes,Fiber optic,No,No,No,Yes,Yes,Yes,Month-to-month,Yes,Mailed check,78.75,456.18,0,15.4,1,1,0.804,Critical Risk
Male,0,No,No,72,Yes,Yes,Fiber optic,No,No,Yes,Yes,Yes,Yes,Two year,Yes,Bank transfer (automatic),92.89,6687.06,1,18.6,0,0,0.047,Healthy
Male,0,Yes,No,44,Yes,No,Fiber optic,Yes,No,Yes,Yes,No,Yes,One year,No,Credit card (automatic),87.98,3922.89,1,15.3,1,0,0.238,Watch
Male,0,No,No,45,Yes,Yes,DSL,No,Yes,No,Yes,Yes,Yes,Two year,Yes,Electronic check,69.73,3151.6,0,5.4,1,0,0.091,Healthy
Male,0,No,Yes,64,No,No,DSL,No,Yes,Yes,No,Yes,No,Two year,Yes,Mailed check,56.87,3641.04,2,22.1,1,0,0.045,Healthy
Female,0,Yes,No,35,Yes,No,Fiber optic,Yes,No,No,No,No,No,One year,Yes,Credit card (automatic),72.76,2522.49,1,3.1,1,0,0.487,High Risk
Male,1,No,No,2,Yes,Yes,Fiber optic,Yes,No,No,Yes,Yes,Yes,One year,No,Bank transfer (automatic),93.74,189.86,0,16.9,0,1,0.531,High Risk
Female,1,No,No,9,Yes,No,Fiber optic,Yes,Yes,Yes,No,Yes,Yes,One year,Yes,Electronic check,100.12,892.93,4,9.3,1,1,0.868,Critical Risk
Female,1,No,No,69,Yes,No,No,No,No,No,No,No,No,Month-to-month,Yes,Credit card (automatic),19.41,1354.46,2,9.5,0,0,0.143,Healthy
Female,1,No,No,72,Yes,No,DSL,No,No,No,Yes,No,Yes,Month-to-month,Yes,Electronic check,46.04,3313.46,3,2.8,1,0,0.35,Watch
Female,0,No,Yes,6,Yes,Yes,Fiber optic,No,No,Yes,No,No,Yes,One year,No,Bank transfer (automatic),76.22,483.12,1,5.2,0,0,0.598,High Risk
Male,1,No,Yes,50,Yes,No,DSL,Yes,No,No,No,No,No,Two year,Yes,Credit card (automatic),39.47,2001.56,1,22.7,1,0,0.05,Healthy
Female,1,Yes,No,48,Yes,Yes,Fiber optic,No,Yes,No,No,No,No,Month-to-month,Yes,Electronic check,74.29,3531.52,0,13.9,0,1,0.521,High Risk
Male,0,Yes,No,12,Yes,Yes,DSL,Yes,No,Yes,Yes,No,No,Month-to-month,No,Mailed check,56.4,685.8,0,13.3,0,1,0.494,High Risk
Male,0,No,No,57,Yes,No,No,No,No,No,No,No,No,Two year,Yes,Mailed check,21.28,1243.05,2,14.1,0,0,0.044,Healthy
Male,0,No,No,33,Yes,Yes,Fiber optic,No,Yes,Yes,No,No,No,Month-to-month,Yes,Mailed check,74.59,2482.81,4,19.0,0,0,0.774,Critical Risk
Female,0,No,No,16,Yes,Yes,Fiber optic,No,No,Yes,Yes,Yes,No,Month-to-month,No,Electronic check,81.4,1257.24,0,14.1,0,0,0.775,Critical Risk
Female,0,Yes,Yes,40,Yes,No,DSL,No,No,No,Yes,No,Yes,One year,No,Credit card (automatic),51.79,2109.34,2,15.2,2,0,0.203,Watch
Female,0,No,Yes,66,No,No,Fiber optic,No,Yes,No,No,Yes,No,Month-to-month,No,Electronic check,74.52,4889.32,1,15.1,0,0,0.489,High Risk
Female,0,Yes,Yes,15,No,No,DSL,No,Yes,Yes,No,No,Yes,One year,Yes,Electronic check,56.51,811.85,1,13.3,1,0,0.453,High Risk
Male,0,Yes,No,45,Yes,No,Fiber optic,No,No,No,Yes,Yes,Yes,One year,Yes,Electronic check,80.19,3574.55,1,11.2,0,0,0.301,Watch
Female,0,No,Yes,53,Yes,Yes,Fiber optic,No,Yes,No,No,No,Yes,Month-to-month,Yes,Electronic check,85.4,4537.43,0,18.1,0,0,0.649,High Risk
Male,1,Yes,No,45,No,No,DSL,No,No,Yes,Yes,No,No,Month-to-month,No,Mailed check,46.97,2094.48,0,10.0,0,0,0.17,Healthy
Female,0,No,No,47,Yes,Yes,DSL,No,Yes,No,Yes,No,Yes,Month-to-month,No,Electronic check,53.1,2480.11,0,20.8,1,0,0.294,Watch
Male,0,Yes,No,52,Yes,No,DSL,No,Yes,No,Yes,Yes,Yes,One year,Yes,Credit card (automatic),63.05,3267.16,1,19.8,1,0,0.107,Healthy
Female,0,No,Yes,17,Yes,Yes,Fiber optic,Yes,Yes,Yes,No,Yes,Yes,Month-to-month,Yes,Bank transfer (automatic),100.83,1737.88,2,19.9,1,1,0.907,Critical Risk
Male,1,No,No,7,Yes,Yes,DSL,No,No,No,Yes,Yes,Yes,Two year,Yes,Bank transfer (automatic),57.62,417.47,0,8.1,2,0,0.215,Watch
Female,1,Yes,No,72,Yes,Yes,DSL,No,Yes,No,Yes,No,No,Two year,Yes,Electronic check,48.31,3451.9,0,21.0,0,0,0.012,Healthy
Male,0,No,No,23,Yes,No,DSL,No,No,No,Yes,Yes,No,Two year,Yes,Credit card (automatic),57.28,1301.99,1,19.1,1,0,0.107,Healthy
Male,0,No,No,69,Yes,No,DSL,No,No,Yes,No,Yes,Yes,Month-to-month,No,Electronic check,50.3,3439.02,1,4.9,0,0,0.296,Watch
Female,0,Yes,No,19,Yes,Yes,Fiber optic,No,Yes,No,No,No,No,One year,Yes,Credit card (automatic),66.39,1246.99,2,11.0,1,0,0.51,High Risk
Male,0,No,No,19,Yes,Yes,Fiber optic,No,No,Yes,Yes,Yes,No,Two year,Yes,Electronic check,77.76,1485.81,0,25.7,0,0,0.184,Healthy
Male,0,No,No,1,Yes,No,DSL,Yes,Yes,Yes,No,Yes,No,Two year,No,Bank transfer (automatic),61.75,55.68,2,12.7,1,0,0.342,Watch
Male,0,Yes,Yes,32,Yes,Yes,Fiber optic,Yes,Yes,Yes,Yes,Yes,Yes,Two year,Yes,Bank transfer (automatic),108.24,3440.52,0,23.3,0,0,0.162,Healthy
Male,0,No,No,68,Yes,Yes,Fiber optic,Yes,No,No,Yes,No,No,Month-to-month,No,Mailed check,76.58,5225.08,0,20.4,0,0,0.275,Watch
Male,0,Yes,No,65,No,No,Fiber optic,No,Yes,No,Yes,No,Yes,Month-to-month,Yes,Electronic check,88.9,5779.24,0,9.5,2,0,0.617,High Risk
Female,0,Yes,No,22,Yes,Yes,No,No,No,No,No,No,No,Month-to-month,Yes,Electronic check,18.0,376.87,1,17.1,1,0,0.632,High Risk
Male,0,Yes,No,29,Yes,Yes,Fiber optic,No,Yes,Yes,No,No,Yes,One year,Yes,Mailed check,82.56,2424.41,0,13.5,0,1,0.335,Watch
Male,0,No,No,48,Yes,Yes,Fiber optic,Yes,Yes,No,Yes,Yes,Yes,Two year,Yes,Credit card (automatic),93.63,4500.8,2,4.2,0,0,0.109,Healthy
Male,0,No,No,69,Yes,Yes,Fiber optic,Yes,No,Yes,No,No,Yes,Month-to-month,Yes,Electronic check,84.66,5840.3,0,11.4,1,0,0.585,High Risk
Female,0,Yes,No,44,Yes,No,Fiber optic,Yes,Yes,No,No,Yes,Yes,Month-to-month,Yes,Bank transfer (automatic),92.58,4081.92,2,19.7,0,0,0.713,Critical Risk
Female,0,Yes,Yes,14,Yes,No,DSL,No,No,Yes,Yes,No,Yes,Month-to-month,Yes,Electronic check,53.26,716.38,2,13.0,0,0,0.709,Critical Risk
Male,1,Yes,No,26,Yes,No,DSL,Yes,Yes,Yes,Yes,Yes,No,One year,Yes,Electronic check,74.02,1894.53,0,7.8,1,0,0.355,Watch
Male,0,No,Yes,52,Yes,Yes,No,No,No,No,No,No,No,One year,Yes,Electronic check,18.0,920.74,2,20.7,1,0,0.195,Healthy
Male,0,Yes,Yes,1,Yes,Yes,No,No,No,No,No,No,No,Two year,Yes,Credit card (automatic),18.98,36.22,0,13.4,0,0,0.104,Healthy
Female,0,Yes,No,43,Yes,Yes,No,No,No,No,No,No,No,One year,Yes,Bank transfer (automatic),18.0,761.21,1,22.3,0,0,0.083,Healthy
Female,0,Yes,Yes,56,Yes,Yes,Fiber optic,No,No,No,No,Yes,No,Month-to-month,Yes,Bank transfer (automatic),63.61,3554.28,1,7.7,1,1,0.649,High Risk
Female,1,Yes,Yes,25,Yes,No,No,No,No,No,No,No,No,Month-to-month,No,Bank transfer (automatic),18.0,489.75,0,24.2,1,0,0.436,High Risk
Male,0,No,No,39,Yes,Yes,Fiber optic,Yes,Yes,No,No,Yes,No,One year,Yes,Electronic check,86.13,3326.49,1,16.9,2,0,0.63,High Risk
Female,0,No,No,52,Yes,No,Fiber optic,No,Yes,No,No,Yes,Yes,Month-to-month,Yes,Mailed check,83.04,4335.78,0,18.5,0,0,0.541,High Risk
Male,0,Yes,No,43,Yes,No,No,No,No,No,No,No,No,One year,Yes,Credit card (automatic),18.65,778.44,0,17.7,0,0,0.056,Healthy
Female,0,No,No,1,Yes,No,No,No,No,No,No,No,No,Month-to-month,Yes,Bank transfer (automatic),18.29,37.06,0,13.1,0,1,0.623,High Risk
Female,1,Yes,No,42,Yes,Yes,Fiber optic,No,No,No,No,No,Yes,Month-to-month,Yes,Bank transfer (automatic),67.73,2829.46,1,6.5,0,0,0.586,High Risk
Male,0,No,No,16,Yes,Yes,Fiber optic,No,No,No,No,Yes,No,Month-to-month,Yes,Bank transfer (automatic),67.34,1074.45,1,7.4,1,1,0.874,Critical Risk
Female,0,Yes,Yes,54,Yes,Yes,Fiber optic,Yes,No,No,No,No,Yes,Month-to-month,Yes,Electronic check,72.58,3901.14,3,19.9,1,1,0.817,Critical Risk
Female,0,Yes,Yes,19,Yes,No,Fiber optic,Yes,Yes,No,Yes,No,No,Two year,Yes,Mailed check,84.92,1585.5,3,13.4,0,0,0.342,Watch
Male,0,No,Yes,71,Yes,No,Fiber optic,Yes,Yes,No,Yes,Yes,Yes,One year,Yes,Electronic check,88.92,6290.98,1,18.5,0,0,0.147,Healthy
Male,0,Yes,No,8,Yes,No,DSL,Yes,Yes,No,No,Yes,Yes,Month-to-month,Yes,Bank transfer (automatic),63.38,503.64,1,15.7,0,1,0.727,Critical Risk
Male,1,No,Yes,65,No,No,No,No,No,No,No,No,No,Two year,No,Electronic check,18.0,1159.12,2,14.1,2,0,0.059,Healthy
Female,0,Yes,No,2,Yes,Yes,DSL,Yes,No,No,No,Yes,No,Month-to-month,No,Mailed check,45.84,67.64,1,14.8,1,0,0.787,Critical Risk
Male,0,Yes,No,49,No,No,DSL,No,Yes,No,No,Yes,No,Month-to-month,Yes,Electronic check,49.37,2426.99,5,20.8,2,0,0.813,Critical Risk
Male,1,No,No,25,Yes,Yes,Fiber optic,No,No,No,No,Yes,Yes,Month-to-month,No,Credit card (automatic),75.38,1845.75,2,8.9,0,0,0.759,Critical Risk
Female,0,Yes,No,14,Yes,Yes,Fiber optic,Yes,Yes,Yes,Yes,No,No,Month-to-month,Yes,Electronic check,90.02,1263.01,0,12.8,1,1,0.861,Critical Risk
Male,0,Yes,No,15,Yes,No,DSL,Yes,Yes,No,No,No,No,One year,No,Mailed check,47.52,702.04,1,18.5,2,0,0.445,High Risk
Male,0,No,No,2,No,No,DSL,No,No,Yes,No,Yes,Yes,Two year,No,Mailed check,56.06,122.57,0,0.0,1,1,0.267,Watch
Female,0,Yes,Yes,9,Yes,Yes,No,No,No,No,No,No,No,One year,Yes,Electronic check,18.0,189.83,3,15.8,1,1,0.513,High Risk
Female,0,No,No,28,Yes,Yes,Fiber optic,Yes,Yes,No,No,No,No,Month-to-month,Yes,Credit card (automatic),72.09,2006.23,3,9.4,0,0,0.791,Critical Risk
Female,0,Yes,Yes,11,Yes,No,No,No,No,No,No,No,No,Two year,No,Electronic check,21.68,231.16,0,17.4,0,0,0.126,Healthy
Male,0,No,Yes,70,Yes,Yes,No,No,No,No,No,No,No,Month-to-month,No,Electronic check,19.53,1377.86,3,4.3,2,0,0.495,High Risk
Male,1,No,Yes,60,Yes,Yes,Fiber optic,No,Yes,No,No,Yes,Yes,One year,Yes,Credit card (automatic),74.7,4482.76,0,19.1,0,0,0.087,Healthy
Male,0,Yes,No,34,Yes,Yes,Fiber optic,Yes,Yes,No,Yes,No,Yes,Month-to-month,Yes,Mailed check,88.92,3038.21,2,4.7,0,1,0.737,Critical Risk
Female,0,No,Yes,6,Yes,Yes,DSL,No,Yes,No,No,Yes,Yes,Month-to-month,No,Mailed check,58.09,332.17,2,8.9,0,0,0.748,Critical Risk
Male,1,No,No,71,Yes,Yes,No,No,No,No,No,No,No,One year,No,Bank transfer (automatic),22.86,1633.68,0,14.5,0,0,0.029,Healthy
Male,0,No,No,52,Yes,No,Fiber optic,No,No,Yes,No,No,No,Month-to-month,No,Mailed check,68.63,3571.48,2,8.4,2,1,0.784,Critical Risk
Female,0,Yes,No,13,Yes,No,No,No,No,No,No,No,No,Month-to-month,Yes,Mailed check,18.0,240.36,1,13.6,0,0,0.582,High Risk
Female,0,No,No,3,Yes,No,No,No,No,No,No,No,No,Two year,Yes,Electronic check,19.19,48.16,4,7.4,2,0,0.54,High Risk
Female,0,No,No,45,Yes,Yes,DSL,Yes,No,Yes,No,No,Yes,Month-to-month,Yes,Electronic check,59.94,2690.18,1,11.3,1,0,0.605,High Risk
Male,0,No,No,2,Yes,Yes,No,No,No,No,No,No,No,Two year,Yes,Bank transfer (automatic),20.43,20.83,1,18.5,1,0,0.198,Healthy
Female,0,No,Yes,44,Yes,No,No,No,No,No,No,No,No,One year,Yes,Mailed check,20.37,906.84,3,15.6,0,0,0.144,Healthy
Male,0,No,Yes,32,Yes,No,Fiber optic,Yes,Yes,Yes,No,Yes,Yes,Two year,No,Electronic check,97.82,3130.79,2,22.4,2,0,0.521,High Risk
Female,0,No,No,64,No,No,No,No,No,No,No,No,No,Month-to-month,Yes,Credit card (automatic),18.0,1152.58,1,12.1,0,0,0.146,Healthy
Male,0,No,No,27,Yes,No,Fiber optic,No,Yes,No,No,No,Yes,Two year,No,Mailed check,76.46,2045.57,4,19.0,1,0,0.431,High Risk
Female,0,No,No,32,Yes,Yes,Fiber optic,No,Yes,Yes,Yes,No,Yes,Month-to-month,Yes,Electronic check,84.9,2726.53,0,17.3,2,0,0.765,Critical Risk
Male,0,No,Yes,39,Yes,Yes,DSL,No,Yes,Yes,Yes,Yes,Yes,Month-to-month,Yes,Mailed check,64.11,2476.52,4,26.3,0,0,0.422,High Risk
Female,0,Yes,No,71,Yes,No,Fiber optic,No,No,No,Yes,Yes,Yes,Month-to-month,Yes,Bank transfer (automatic),79.56,5660.95,3,30.0,1,0,0.457,High Risk
Male,0,No,No,51,Yes,No,Fiber optic,No,No,Yes,Yes,Yes,No,Two year,Yes,Electronic check,79.26,4009.87,0,17.0,1,0,0.153,Healthy
Female,0,Yes,No,48,Yes,No,DSL,No,No,Yes,Yes,Yes,Yes,Month-to-month,Yes,Electronic check,61.74,3001.22,5,10.1,0,0,0.613,High Risk
Male,1,No,Yes,22,Yes,No,Fiber optic,No,No,Yes,No,Yes,Yes,Month-to-month,Yes,Credit card (automatic),81.62,1851.36,4,10.3,1,1,0.87,Critical Risk
Male,0,No,No,35,Yes,Yes,DSL,Yes,No,No,No,Yes,Yes,Month-to-month,Yes,Bank transfer (automatic),48.69,1721.79,3,19.3,0,0,0.59,High Risk
Male,0,No,No,14,Yes,Yes,Fiber optic,No,Yes,No,No,No,Yes,Month-to-month,No,Mailed check,72.05,1007.46,0,11.1,1,0,0.805,Critical Risk
Female,1,Yes,No,28,Yes,No,Fiber optic,No,No,No,Yes,No,No,Month-to-month,No,Bank transfer (automatic),65.84,1827.49,0,15.4,1,0,0.638,High Risk
Male,1,No,Yes,60,Yes,No,No,No,No,No,No,No,No,Month-to-month,Yes,Electronic check,18.0,1061.75,0,7.1,1,1,0.311,Watch
Male,0,Yes,No,7,Yes,No,DSL,Yes,Yes,Yes,No,Yes,Yes,Month-to-month,Yes,Bank transfer (automatic),67.85,469.86,3,12.7,0,0,0.811,Critical Risk
Female,0,No,No,12,Yes,No,DSL,Yes,Yes,Yes,Yes,Yes,Yes,Two year,No,Electronic check,74.31,904.89,2,12.9,0,0,0.216,Watch
Male,0,No,No,42,Yes,No,DSL,No,Yes,Yes,No,No,No,One year,No,Electronic check,48.76,2047.09,4,12.5,0,0,0.282,Watch
Male,0,No,No,58,Yes,Yes,No,No,No,No,No,No,No,Month-to-month,Yes,Electronic check,19.16,1173.76,0,21.4,1,0,0.309,Watch
Female,0,Yes,No,71,Yes,No,Fiber optic,Yes,No,No,No,No,Yes,Month-to-month,No,Electronic check,78.56,5569.42,0,16.7,1,0,0.548,High Risk
Female,0,No,Yes,42,Yes,Yes,DSL,No,Yes,No,No,No,Yes,Month-to-month,Yes,Credit card (automatic),48.27,2020.25,0,18.7,2,0,0.373,Watch
Female,0,Yes,Yes,47,Yes,No,DSL,No,Yes,Yes,No,Yes,Yes,One year,No,Mailed check,66.3,3113.16,0,16.3,0,0,0.093,Healthy
Female,0,No,No,21,Yes,No,DSL,No,Yes,No,No,Yes,No,Month-to-month,Yes,Electronic check,45.34,957.59,3,6.0,0,0,0.77,Critical Risk
Male,1,No,No,29,Yes,No,Fiber optic,Yes,Yes,Yes,Yes,No,No,Two year,Yes,Credit card (automatic),90.74,2617.0,0,17.7,1,0,0.137,Healthy
Male,0,No,No,22,No,No,Fiber optic,Yes,No,No,Yes,Yes,No,One year,Yes,Mailed check,85.12,1889.7,3,8.7,0,0,0.579,High Risk
Male,0,Yes,No,7,Yes,No,Fiber optic,No,Yes,Yes,Yes,Yes,Yes,Two year,Yes,Electronic check,95.19,632.93,3,10.1,1,1,0.588,High Risk
Female,0,Yes,Yes,27,Yes,Yes,DSL,Yes,No,Yes,Yes,Yes,Yes,One year,Yes,Mailed check,71.67,1962.67,0,10.3,0,0,0.225,Watch
Female,0,No,Yes,15,Yes,Yes,Fiber optic,No,No,Yes,Yes,Yes,No,Month-to-month,Yes,Electronic check,75.91,1142.33,3,24.5,1,1,0.885,Critical Risk
Male,0,No,No,43,Yes,No,Fiber optic,No,No,No,No,Yes,No,Month-to-month,No,Mailed check,74.71,3203.43,0,15.3,1,0,0.656,High Risk
Female,0,Yes,No,55,Yes,Yes,DSL,No,No,No,Yes,No,No,Month-to-month,Yes,Mailed check,40.67,2262.28,3,15.8,0,0,0.333,Watch
Male,0,No,Yes,71,Yes,No,DSL,No,No,Yes,Yes,Yes,Yes,Month-to-month,Yes,Credit card (automatic),57.71,4106.12,2,22.4,0,0,0.124,Healthy
Male,0,Yes,No,64,Yes,Yes,DSL,Yes,No,Yes,No,Yes,Yes,Month-to-month,No,Bank transfer (automatic),57.19,3643.29,2,10.7,2,0,0.507,High Risk
Female,0,Yes,No,23,No,No,Fiber optic,No,No,Yes,Yes,Yes,No,Month-to-month,No,Bank transfer (automatic),78.93,1803.32,2,22.4,0,0,0.68,High Risk
Female,0,No,Yes,68,Yes,No,Fiber optic,Yes,Yes,Yes,Yes,No,No,Month-to-month,Yes,Credit card (automatic),83.96,5697.71,3,11.1,1,1,0.47,High Risk
Female,0,No,Yes,68,Yes,Yes,Fiber optic,Yes,Yes,No,No,No,Yes,Month-to-month,No,Electronic check,79.1,5389.0,1,13.1,1,0,0.591,High Risk
Female,0,No,No,36,No,No,Fiber optic,Yes,No,No,No,Yes,No,Month-to-month,No,Mailed check,71.81,2596.18,0,11.0,1,1,0.716,Critical Risk
Female,0,Yes,Yes,14,Yes,No,DSL,Yes,Yes,Yes,No,Yes,Yes,Month-to-month,Yes,Bank transfer (automatic),75.61,1050.8,1,10.1,1,0,0.825,Critical Risk
Female,0,No,Yes,56,Yes,No,No,No,No,No,No,No,No,Month-to-month,Yes,Mailed check,18.0,1010.81,3,13.2,2,0,0.534,High Risk
Male,0,No,Yes,8,Yes,No,Fiber optic,No,Yes,No,Yes,No,No,Two year,No,Electronic check,72.84,646.73,1,19.9,0,0,0.274,Watch
Male,0,No,Yes,26,Yes,Yes,DSL,No,No,Yes,Yes,Yes,No,Month-to-month,Yes,Electronic check,58.66,1504.0,3,26.7,1,1,0.743,Critical Risk
Female,0,Yes,No,38,Yes,Yes,No,No,No,No,No,No,No,Two year,Yes,Electronic check,18.0,678.94,2,2.5,0,0,0.109,Healthy
Male,0,No,Yes,63,Yes,No,Fiber optic,No,Yes,Yes,No,Yes,Yes,One year,No,Electronic check,84.2,5316.3,0,22.0,1,0,0.219,Watch
Male,0,Yes,No,71,Yes,Yes,Fiber optic,Yes,Yes,Yes,No,No,No,Month-to-month,No,Mailed check,80.16,5718.14,1,14.7,2,0,0.514,High Risk
Male,0,No,No,59,No,No,Fiber optic,No,Yes,No,No,Yes,Yes,Month-to-month,No,Credit card (automatic),79.1,4665.16,0,12.8,1,1,0.443,High Risk
Male,0,No,Yes,35,Yes,Yes,No,No,No,No,No,No,No,Month-to-month,No,Bank transfer (automatic),18.0,593.94,1,13.5,0,0,0.374,Watch
Female,0,Yes,Yes,6,Yes,Yes,DSL,No,No,Yes,No,No,Yes,Month-to-month,Yes,Credit card (automatic),49.67,327.93,0,21.9,0,0,0.504,High Risk
Male,0,Yes,No,58,Yes,No,DSL,No,No,No,Yes,No,Yes,Month-to-month,No,Credit card (automatic),51.09,2987.01,2,18.3,1,1,0.296,Watch
Male,0,No,No,62,Yes,Yes,No,No,No,No,No,No,No,Two year,Yes,Electronic check,18.0,1111.39,1,10.3,1,0,0.054,Healthy
Female,0,No,No,34,No,No,No,No,No,No,No,No,No,Month-to-month,No,Bank transfer (automatic),19.99,688.75,2,18.6,1,0,0.511,High Risk
Male,0,Yes,No,40,Yes,Yes,No,No,No,No,No,No,No,Two year,Yes,Bank transfer (automatic),18.0,754.48,1,13.3,0,0,0.047,Healthy
Male,0,Yes,No,62,Yes,No,DSL,Yes,No,Yes,Yes,Yes,No,Month-to-month,Yes,Electronic check,65.74,4077.96,0,10.1,0,0,0.331,Watch
Male,0,No,Yes,9,Yes,No,Fiber optic,No,Yes,No,Yes,Yes,Yes,One year,Yes,Mailed check,87.73,797.39,3,6.6,1,0,0.701,Critical Risk
Female,1,Yes,Yes,59,Yes,Yes,Fiber optic,Yes,Yes,Yes,Yes,Yes,No,Month-to-month,No,Bank transfer (automatic),91.64,5412.37,1,8.4,0,0,0.436,High Risk
Male,0,No,No,37,Yes,Yes,DSL,No,Yes,Yes,Yes,No,No,Two year,Yes,Mailed check,55.61,2041.66,1,15.9,0,0,0.043,Healthy
Female,0,No,Yes,50,Yes,No,DSL,No,Yes,No,No,No,Yes,Month-to-month,Yes,Mailed check,47.08,2346.85,2,10.6,1,1,0.526,High Risk
Male,0,Yes,No,13,Yes,Yes,No,No,No,No,No,No,No,Month-to-month,Yes,Mailed check,18.0,256.71,3,16.7,0,0,0.664,High Risk
Female,0,No,Yes,44,Yes,No,DSL,No,Yes,Yes,Yes,Yes,Yes,Month-to-month,No,Electronic check,61.43,2691.1,2,20.2,1,1,0.448,High Risk
Male,0,No,No,19,No,No,DSL,No,No,No,No,No,Yes,Two year,No,Electronic check,47.85,928.87,0,12.1,2,0,0.268,Watch
Female,0,No,No,37,Yes,No,DSL,No,No,Yes,Yes,Yes,No,One year,Yes,Electronic check,54.56,2015.7,1,12.5,0,0,0.189,Healthy
Male,0,No,No,38,Yes,Yes,Fiber optic,No,Yes,No,No,Yes,Yes,Month-to-month,No,Mailed check,79.92,3030.19,1,5.2,0,0,0.666,High Risk
Female,0,Yes,No,69,No,No,Fiber optic,Yes,No,No,No,Yes,Yes,Month-to-month,Yes,Mailed check,83.83,5820.62,2,21.3,0,1,0.493,High Risk
Male,0,Yes,Yes,48,Yes,No,DSL,No,No,No,Yes,No,Yes,Month-to-month,No,Credit card (automatic),48.23,2315.81,2,19.8,3,0,0.441,High Risk
Male,0,No,Yes,40,Yes,No,Fiber optic,No,No,Yes,Yes,No,No,Month-to-month,Yes,Credit card (automatic),78.94,3130.04,0,13.0,0,0,0.439,High Risk
Male,0,Yes,No,29,Yes,No,DSL,Yes,No,No,Yes,Yes,Yes,Month-to-month,No,Mailed check,61.49,1785.74,1,11.9,0,0,0.538,High Risk
Male,0,Yes,Yes,24,No,No,Fiber optic,Yes,No,Yes,No,Yes,Yes,Month-to-month,Yes,Credit card (automatic),88.77,2091.7,0,13.1,1,1,0.757,Critical Risk
Male,0,Yes,No,47,No,No,DSL,No,No,Yes,No,No,Yes,Two year,No,Electronic check,50.39,2390.18,1,15.1,1,0,0.081,Healthy
Female,0,No,No,64,Yes,Yes,Fiber optic,No,Yes,No,No,No,No,Month-to-month,No,Electronic check,71.05,4514.55,1,16.7,3,0,0.743,Critical Risk
Male,0,Yes,No,41,Yes,No,No,No,No,No,No,No,No,Month-to-month,No,Mailed check,18.0,723.25,0,13.6,1,0,0.327,Watch
Male,1,No,No,48,Yes,No,Fiber optic,No,No,No,Yes,No,No,Month-to-month,Yes,Mailed check,72.62,3521.96,1,13.7,1,0,0.509,High Risk
Female,0,No,No,23,Yes,Yes,DSL,Yes,Yes,No,No,No,No,One year,No,Mailed check,50.31,1152.46,0,18.7,1,0,0.238,Watch
Male,0,Yes,No,40,Yes,No,No,No,No,No,No,No,No,Month-to-month,No,Electronic check,18.0,735.49,0,17.4,2,0,0.505,High Risk
Male,0,No,Yes,41,Yes,Yes,Fiber optic,No,No,No,Yes,Yes,No,Two year,Yes,Bank transfer (automatic),74.44,3045.44,2,24.6,0,0,0.116,Healthy
Male,0,Yes,No,49,Yes,No,Fiber optic,No,No,No,No,No,No,Month-to-month,Yes,Electronic check,64.59,3174.71,2,20.0,1,0,0.804,Critical Risk
Male,0,No,Yes,23,Yes,Yes,No,No,No,No,No,No,No,One year,No,Electronic check,18.0,396.56,0,6.7,1,0,0.277,Watch
Male,0,No,No,25,Yes,Yes,Fiber optic,Yes,Yes,Yes,No,Yes,No,Two year,Yes,Credit card (automatic),87.01,2170.88,0,13.3,1,0,0.25,Watch
Male,0,No,Yes,26,Yes,No,Fiber optic,Yes,Yes,No,Yes,No,No,One year,No,Credit card (automatic),73.76,1890.29,0,12.1,2,0,0.394,Watch
Male,0,No,No,30,Yes,No,DSL,No,No,No,No,Yes,No,Month-to-month,No,Mailed check,44.83,1349.35,1,8.3,2,1,0.728,Critical Risk
Female,1,No,No,21,Yes,Yes,DSL,No,Yes,Yes,Yes,No,Yes,Two year,Yes,Mailed check,65.1,1383.42,0,14.5,1,0,0.078,Healthy
Male,0,No,Yes,14,Yes,Yes,No,No,No,No,No,No,No,Month-to-month,No,Credit card (automatic),27.73,390.05,0,18.8,1,0,0.554,High Risk
Female,0,No,No,36,No,No,Fiber optic,No,Yes,Yes,No,Yes,No,One year,Yes,Bank transfer (automatic),76.25,2750.38,0,12.4,1,0,0.327,Watch
Female,0,Yes,Yes,62,Yes,No,No,No,No,No,No,No,No,One year,Yes,Electronic check,23.02,1405.56,2,15.2,1,0,0.169,Healthy
Male,0,No,No,2,Yes,No,Fiber optic,No,No,No,Yes,No,No,Month-to-month,Yes,Mailed check,69.33,159.49,3,14.4,1,1,0.901,Critical Risk
Male,1,No,No,48,Yes,Yes,No,No,No,No,No,No,No,Two year,No,Mailed check,18.41,901.46,0,16.0,0,0,0.018,Healthy
Female,0,Yes,No,59,Yes,No,Fiber optic,Yes,Yes,Yes,Yes,No,No,Month-to-month,No,Mailed check,85.52,5058.82,2,7.8,1,0,0.597,High Risk
Female,1,No,No,60,Yes,No,Fiber optic,No,Yes,Yes,No,Yes,No,Two year,No,Electronic check,83.83,5004.99,1,23.3,0,0,0.094,Healthy
Male,0,No,No,62,Yes,Yes,DSL,Yes,Yes,Yes,No,No,Yes,Month-to-month,No,Bank transfer (automatic),63.57,3961.57,3,16.9,1,0,0.468,High Risk
Female,0,No,Yes,23,Yes,No,DSL,No,No,Yes,Yes,Yes,No,Two year,Yes,Bank transfer (automatic),54.08,1253.72,0,10.5,2,0,0.141,Healthy
Female,0,Yes,No,7,Yes,No,Fiber optic,Yes,Yes,Yes,No,Yes,Yes,Month-to-month,Yes,Bank transfer (automatic),95.58,662.42,0,26.8,1,1,0.858,Critical Risk
Male,0,No,No,72,Yes,Yes,Fiber optic,Yes,No,Yes,No,Yes,Yes,Month-to-month,Yes,Bank transfer (automatic),86.72,6245.12,2,11.3,0,1,0.497,High Risk
Male,1,No,No,51,Yes,No,DSL,No,Yes,No,Yes,Yes,Yes,Month-to-month,No,Electronic check,64.08,3255.48,3,10.8,1,0,0.601,High Risk
Female,0,Yes,No,26,Yes,No,Fiber optic,No,No,Yes,No,Yes,Yes,Month-to-month,No,Electronic check,84.26,2191.43,1,15.1,0,1,0.847,Critical Risk
Male,0,No,No,62,Yes,No,Fiber optic,No,No,Yes,Yes,Yes,Yes,Month-to-month,Yes,Mailed check,88.9,5521.04,2,16.2,1,0,0.569,High Risk
Female,0,No,Yes,25,Yes,No,Fiber optic,No,Yes,Yes,Yes,No,No,Month-to-month,No,Mailed check,76.66,1919.73,0,20.2,0,0,0.561,High Risk
Male,0,Yes,Yes,54,No,No,Fiber optic,Yes,No,No,No,No,Yes,One year,No,Bank transfer (automatic),75.83,4136.25,1,21.4,1,0,0.327,Watch
Female,0,No,No,70,No,No,DSL,Yes,Yes,Yes,No,No,Yes,One year,Yes,Electronic check,62.83,4394.25,3,15.3,0,0,0.134,Healthy
Male,0,Yes,Yes,56,Yes,Yes,Fiber optic,Yes,No,No,No,No,Yes,Month-to-month,Yes,Electronic check,76.35,4274.18,0,16.3,0,1,0.624,High Risk
Male,0,No,Yes,47,Yes,No,Fiber optic,No,Yes,No,Yes,No,No,Two year,No,Electronic check,80.03,3735.43,2,7.0,0,0,0.159,Healthy
Male,1,No,No,13,Yes,No,Fiber optic,Yes,No,Yes,Yes,Yes,No,Month-to-month,Yes,Bank transfer (automatic),93.02,1211.38,0,24.1,0,1,0.747,Critical Risk
Male,0,No,No,68,Yes,Yes,Fiber optic,No,No,No,Yes,No,Yes,One year,Yes,Electronic check,74.32,5046.01,3,9.1,0,0,0.24,Watch
Female,0,No,No,31,No,No,DSL,Yes,Yes,No,Yes,Yes,Yes,Two year,Yes,Electronic check,67.19,2066.47,0,15.4,1,0,0.13,Healthy
Male,0,Yes,No,45,Yes,Yes,Fiber optic,No,Yes,Yes,No,No,Yes,Month-to-month,Yes,Credit card (automatic),83.71,3784.52,1,20.4,0,0,0.446,High Risk
Female,1,Yes,No,44,Yes,Yes,No,No,No,No,No,No,No,Month-to-month,Yes,Bank transfer (automatic),18.0,810.56,2,10.4,1,0,0.389,Watch
Female,1,No,Yes,17,Yes,Yes,DSL,No,No,Yes,Yes,Yes,Yes,Month-to-month,No,Mailed check,59.16,1010.11,1,20.6,0,0,0.444,High Risk
Male,0,Yes,No,44,Yes,No,DSL,Yes,Yes,No,No,Yes,Yes,Month-to-month,No,Mailed check,64.24,2821.34,0,10.5,1,1,0.467,High Risk
Female,0,Yes,No,28,Yes,No,No,No,No,No,No,No,No,Two year,No,Electronic check,18.0,515.68,2,16.6,1,0,0.177,Healthy
Female,0,Yes,No,25,Yes,Yes,Fiber optic,No,Yes,Yes,Yes,No,No,Month-to-month,Yes,Credit card (automatic),89.49,2263.89,3,15.9,1,1,0.816,Critical Risk
Female,0,No,No,62,Yes,Yes,DSL,No,Yes,Yes,Yes,Yes,Yes,Two year,Yes,Electronic check,74.52,4642.93,2,3.9,2,0,0.133,Healthy
Male,0,No,Yes,52,Yes,No,Fiber optic,Yes,Yes,No,Yes,No,Yes,One year,Yes,Electronic check,94.92,4934.78,3,14.9,1,0,0.569,High Risk
Female,0,Yes,No,35,Yes,Yes,No,No,No,No,No,No,No,Two year,Yes,Electronic check,21.85,780.58,1,10.9,1,0,0.13,Healthy
Female,0,Yes,Yes,1,Yes,Yes,DSL,Yes,Yes,Yes,No,No,No,Month-to-month,Yes,Electronic check,55.13,68.01,2,24.2,0,1,0.784,Critical Risk
Female,0,Yes,Yes,51,Yes,No,Fiber optic,No,Yes,Yes,No,Yes,Yes,One year,No,Credit card (automatic),81.84,4208.36,0,13.2,0,0,0.168,Healthy
Male,0,Yes,No,53,Yes,Yes,No,No,No,No,No,No,No,Month-to-month,No,Electronic check,19.22,1056.07,2,13.2,1,0,0.508,High Risk
Female,0,Yes,Yes,12,Yes,No,DSL,Yes,No,Yes,No,Yes,No,Month-to-month,No,Mailed check,53.87,640.7,1,13.0,0,0,0.654,High Risk
Male,0,No,Yes,55,Yes,No,No,No,No,No,No,No,No,One year,Yes,Bank transfer (automatic),18.0,1005.82,3,9.6,0,0,0.147,Healthy
Male,0,No,No,29,Yes,Yes,No,No,No,No,No,No,No,Month-to-month,No,Electronic check,21.68,608.85,4,20.5,0,1,0.689,High Risk
Male,0,Yes,No,53,Yes,Yes,Fiber optic,Yes,Yes,No,No,Yes,No,Two year,No,Mailed check,79.17,4201.96,2,0.0,0,0,0.196,Healthy
Female,0,No,No,61,Yes,No,Fiber optic,No,No,Yes,No,Yes,Yes,Month-to-month,Yes,Mailed check,79.39,4848.53,4,17.2,1,1,0.73,Critical Risk
Female,0,No,Yes,51,No,No,Fiber optic,No,Yes,No,No,Yes,No,Month-to-month,Yes,Bank transfer (automatic),75.4,3845.63,0,17.3,0,0,0.532,High Risk
Male,0,Yes,No,68,Yes,Yes,Fiber optic,Yes,Yes,No,No,Yes,Yes,Two year,Yes,Credit card (automatic),91.47,6235.02,2,5.3,0,0,0.098,Healthy
Female,0,Yes,No,5,Yes,Yes,DSL,No,No,No,No,No,Yes,Two year,No,Electronic check,43.03,216.39,3,13.5,1,0,0.404,High Risk
Male,0,No,No,23,No,No,DSL,Yes,No,No,No,Yes,Yes,Two year,No,Electronic check,58.29,1338.12,1,14.3,0,0,0.191,Healthy
Male,0,Yes,No,4,Yes,Yes,DSL,Yes,Yes,Yes,Yes,No,No,One year,No,Bank transfer (automatic),66.77,243.91,0,13.1,2,0,0.445,High Risk
Female,0,No,No,12,Yes,Yes,Fiber optic,No,Yes,Yes,No,Yes,Yes,One year,Yes,Credit card (automatic),82.28,973.13,1,13.1,0,0,0.393,Watch
Female,0,No,Yes,27,Yes,Yes,Fiber optic,No,Yes,Yes,No,Yes,Yes,Month-to-month,No,Credit card (automatic),91.17,2477.19,3,5.2,1,1,0.871,Critical Risk
Female,0,No,No,1,Yes,Yes,No,No,No,No,No,No,No,One year,Yes,Credit card (automatic),18.0,4.86,1,10.9,0,0,0.259,Watch
Female,0,Yes,No,28,Yes,No,Fiber optic,No,Yes,No,No,Yes,No,One year,Yes,Credit card (automatic),75.07,2109.84,1,18.1,0,0,0.35,Watch
Male,1,Yes,No,9,Yes,No,Fiber optic,Yes,No,No,No,No,No,Month-to-month,No,Electronic check,75.34,684.94,2,15.1,0,1,0.901,Critical Risk
Female,0,No,No,8,Yes,Yes,Fiber optic,No,No,Yes,No,No,No,Two year,Yes,Credit card (automatic),66.95,514.83,2,10.0,0,0,0.293,Watch
Male,0,Yes,No,61,No,No,Fiber optic,Yes,Yes,Yes,Yes,Yes,No,Month-to-month,No,Electronic check,96.59,5918.1,2,13.5,0,0,0.604,High Risk
Female,0,Yes,No,54,Yes,No,Fiber optic,No,Yes,Yes,Yes,Yes,Yes,One year,Yes,Mailed check,93.98,5084.22,2,14.5,0,0,0.245,Watch
Male,0,No,Yes,33,Yes,Yes,DSL,No,No,No,No,No,Yes,One year,No,Bank transfer (automatic),43.42,1433.56,1,12.0,0,0,0.197,Healthy
Male,0,Yes,Yes,41,Yes,No,DSL,Yes,No,Yes,Yes,No,Yes,Month-to-month,Yes,Bank transfer (automatic),58.5,2398.53,2,13.9,0,0,0.41,High Risk
Male,1,No,No,21,Yes,Yes,DSL,Yes,No,Yes,Yes,No,Yes,Month-to-month,No,Electronic check,64.43,1320.69,1,12.9,0,1,0.587,High Risk
Female,0,No,No,35,Yes,No,No,No,No,No,No,No,No,One year,No,Bank transfer (automatic),23.06,773.28,2,12.5,0,0,0.193,Healthy
Male,0,No,No,56,Yes,Yes,No,No,No,No,No,No,No,Two year,Yes,Electronic check,18.0,1031.36,1,6.1,0,0,0.055,Healthy
Female,0,Yes,No,38,Yes,No,Fiber optic,No,Yes,Yes,Yes,Yes,Yes,Month-to-month,No,Credit card (automatic),91.27,3454.76,2,20.4,2,0,0.683,High Risk
Female,0,No,Yes,57,No,No,Fiber optic,No,Yes,No,Yes,No,Yes,One year,Yes,Mailed check,81.15,4611.68,3,17.4,0,0,0.218,Watch
Male,0,No,No,35,Yes,No,Fiber optic,No,Yes,No,No,No,Yes,Month-to-month,Yes,Electronic check,74.96,2588.78,0,8.6,0,1,0.721,Critical Risk
Female,0,Yes,No,26,Yes,Yes,Fiber optic,No,Yes,Yes,No,Yes,Yes,Month-to-month,No,Electronic check,84.8,2219.9,2,17.2,0,0,0.835,Critical Risk
Male,0,No,No,65,Yes,No,DSL,Yes,No,Yes,No,Yes,No,Month-to-month,Yes,Credit card (automatic),54.28,3530.15,0,19.8,0,0,0.173,Healthy
Male,1,Yes,No,65,Yes,Yes,DSL,No,No,No,Yes,No,Yes,Month-to-month,Yes,Bank transfer (automatic),50.04,3257.36,2,13.0,1,0,0.268,Watch
Female,0,Yes,No,16,Yes,Yes,DSL,Yes,No,Yes,No,Yes,Yes,Month-to-month,No,Mailed check,56.24,907.04,1,17.7,1,1,0.697,High Risk
Male,0,No,No,33,Yes,No,No,No,No,No,No,No,No,Month-to-month,No,Bank transfer (automatic),18.83,629.95,1,11.6,1,0,0.51,High Risk
Male,0,Yes,No,56,Yes,No,Fiber optic,No,Yes,Yes,Yes,No,Yes,Month-to-month,No,Credit card (automatic),90.23,5050.95,1,19.4,0,0,0.364,Watch
Male,0,Yes,Yes,19,Yes,Yes,Fiber optic,No,No,Yes,No,Yes,Yes,Month-to-month,Yes,Mailed check,73.14,1386.68,0,11.4,0,1,0.709,Critical Risk
Female,0,No,Yes,54,Yes,No,No,No,No,No,No,No,No,Two year,No,Credit card (automatic),18.55,994.23,2,8.6,1,0,0.055,Healthy
Male,0,Yes,No,65,Yes,Yes,Fiber optic,Yes,No,No,Yes,No,No,One year,No,Electronic check,64.89,4186.34,0,5.9,1,1,0.185,Healthy
Male,0,No,No,17,Yes,Yes,Fiber optic,Yes,No,Yes,No,No,Yes,Two year,No,Bank transfer (automatic),89.67,1497.13,1,3.8,0,1,0.41,High Risk
Female,1,Yes,No,11,Yes,Yes,No,No,No,No,No,No,No,One year,No,Bank transfer (automatic),18.0,233.43,1,29.1,1,0,0.203,Watch
Male,0,No,No,68,Yes,No,DSL,No,No,Yes,No,Yes,No,Month-to-month,No,Credit card (automatic),46.55,3197.1,1,7.6,0,0,0.179,Healthy
Female,0,No,No,72,Yes,No,DSL,Yes,Yes,No,No,No,No,One year,No,Credit card (automatic),48.07,3414.71,2,15.3,1,0,0.071,Healthy
Male,0,Yes,No,62,Yes,No,Fiber optic,No,Yes,No,No,Yes,Yes,Month-to-month,No,Credit card (automatic),86.03,5342.55,0,11.5,1,0,0.485,High Risk
Female,1,No,Yes,44,Yes,No,DSL,No,Yes,Yes,No,No,No,Month-to-month,No,Bank transfer (automatic),56.24,2450.47,3,16.3,0,0,0.429,High Risk
Female,0,Yes,No,6,Yes,Yes,Fiber optic,Yes,Yes,No,No,No,No,Month-to-month,Yes,Bank transfer (automatic),73.7,488.18,2,26.2,2,1,0.914,Critical Risk
Male,0,Yes,Yes,66,Yes,No,No,No,No,No,No,No,No,Month-to-month,Yes,Mailed check,18.0,1166.03,1,12.3,1,0,0.237,Watch
Male,0,Yes,No,14,Yes,Yes,No,No,No,No,No,No,No,One year,Yes,Mailed check,20.51,297.16,3,8.1,2,0,0.551,High Risk
Female,1,Yes,No,13,Yes,No,DSL,Yes,No,Yes,No,No,No,Month-to-month,No,Bank transfer (automatic),55.2,718.14,4,12.0,0,1,0.819,Critical Risk
Female,0,Yes,No,52,Yes,Yes,DSL,No,Yes,No,Yes,Yes,Yes,Month-to-month,Yes,Electronic check,63.6,3319.27,0,15.4,0,0,0.352,Watch
Male,0,No,No,28,No,No,No,No,No,No,No,No,No,One year,Yes,Electronic check,18.0,525.27,2,17.0,0,0,0.264,Watch
Female,0,No,No,63,Yes,Yes,No,No,No,No,No,No,No,One year,Yes,Mailed check,22.51,1397.37,0,12.1,0,0,0.052,Healthy
Male,0,No,No,63,Yes,No,DSL,Yes,No,No,Yes,Yes,Yes,Month-to-month,No,Credit card (automatic),60.55,3844.77,0,19.8,2,0,0.265,Watch
Female,0,No,Yes,58,Yes,No,No,No,No,No,No,No,No,Month-to-month,No,Electronic check,18.0,1030.09,1,12.8,0,0,0.318,Watch
Female,1,Yes,Yes,61,Yes,No,No,No,No,No,No,No,No,One year,Yes,Electronic check,18.36,1085.34,0,12.2,0,0,0.066,Healthy
Female,0,Yes,Yes,39,Yes,Yes,DSL,No,Yes,No,No,Yes,Yes,One year,Yes,Credit card (automatic),50.8,1971.66,1,8.0,1,1,0.164,Healthy
Female,0,Yes,Yes,63,Yes,No,Fiber optic,No,Yes,No,No,Yes,Yes,Month-to-month,Yes,Mailed check,76.25,4800.68,1,24.3,0,0,0.393,Watch
Male,0,No,Yes,66,Yes,No,No,No,No,No,No,No,No,One year,No,Mailed check,18.0,1211.73,1,10.7,0,0,0.052,Healthy
Female,0,No,No,20,No,No,Fiber optic,Yes,Yes,No,No,Yes,No,One year,No,Electronic check,78.16,1575.74,4,23.3,0,0,0.683,High Risk
Female,0,Yes,No,31,Yes,No,Fiber optic,No,No,Yes,No,No,Yes,One year,No,Bank transfer (automatic),74.24,2312.11,0,8.2,0,0,0.358,Watch
Female,0,Yes,Yes,45,Yes,Yes,No,No,No,No,No,No,No,Month-to-month,Yes,Bank transfer (automatic),18.0,795.77,3,9.7,0,0,0.401,High Risk
Female,0,Yes,No,62,Yes,No,No,No,No,No,No,No,No,Two year,Yes,Electronic check,18.0,1139.24,3,15.0,0,0,0.058,Healthy
Female,0,No,No,28,Yes,Yes,DSL,Yes,No,No,Yes,Yes,Yes,One year,No,Bank transfer (automatic),59.96,1687.86,1,10.9,1,1,0.306,Watch
Female,0,Yes,No,18,Yes,No,Fiber optic,Yes,Yes,Yes,Yes,Yes,No,Month-to-month,Yes,Credit card (automatic),88.22,1598.47,1,12.6,2,0,0.817,Critical Risk
Female,1,No,No,23,Yes,No,No,No,No,No,No,No,No,Two year,Yes,Mailed check,19.79,481.98,1,2.7,1,0,0.116,Healthy
Female,0,Yes,No,58,Yes,Yes,DSL,Yes,No,Yes,No,No,No,One year,Yes,Electronic check,52.49,3034.65,1,7.2,1,0,0.245,Watch
Male,0,Yes,No,37,Yes,Yes,DSL,No,No,Yes,No,No,Yes,Month-to-month,Yes,Bank transfer (automatic),52.17,1965.71,0,16.8,0,1,0.382,Watch
Male,1,Yes,No,18,Yes,No,No,No,No,No,No,No,No,Two year,Yes,Electronic check,18.43,344.97,1,16.7,4,0,0.346,Watch
Male,0,No,No,52,Yes,Yes,Fiber optic,Yes,Yes,Yes,Yes,No,No,One year,Yes,Electronic check,85.04,4440.69,1,8.2,0,0,0.3,Watch
Male,0,No,Yes,48,No,No,DSL,Yes,No,Yes,No,No,No,Month-to-month,No,Bank transfer (automatic),45.9,2209.08,0,13.0,1,0,0.331,Watch
Male,0,Yes,No,37,Yes,Yes,DSL,Yes,No,Yes,No,No,No,Month-to-month,No,Credit card (automatic),50.51,1862.45,1,6.0,0,1,0.424,High Risk
Male,0,Yes,Yes,45,Yes,No,No,No,No,No,No,No,No,Month-to-month,No,Electronic check,18.0,855.19,1,16.8,0,0,0.338,Watch
Male,0,Yes,No,16,Yes,Yes,DSL,Yes,No,Yes,No,Yes,Yes,Month-to-month,No,Mailed check,59.96,958.76,1,21.7,1,0,0.701,Critical Risk
Female,0,Yes,Yes,13,Yes,No,DSL,No,Yes,Yes,No,No,No,Month-to-month,No,Mailed check,53.33,679.87,1,4.8,1,1,0.752,Critical Risk
Male,1,Yes,No,58,Yes,No,No,No,No,No,No,No,No,Month-to-month,Yes,Bank transfer (automatic),24.04,1375.21,0,16.0,1,0,0.259,Watch
Female,0,Yes,Yes,49,Yes,Yes,No,No,No,No,No,No,No,Month-to-month,Yes,Electronic check,25.88,1305.68,1,4.5,1,1,0.602,High Risk
Male,0,No,No,71,Yes,Yes,Fiber optic,Yes,No,No,No,Yes,No,Month-to-month,No,Electronic check,76.13,5419.68,1,21.6,0,0,0.483,High Risk
Male,0,No,No,68,Yes,Yes,Fiber optic,Yes,Yes,No,No,No,Yes,Month-to-month,No,Bank transfer (automatic),86.24,5840.25,0,27.5,0,0,0.34,Watch
Female,0,No,No,26,Yes,No,Fiber optic,Yes,No,Yes,Yes,Yes,No,One year,Yes,Credit card (automatic),84.59,2195.68,2,15.4,0,0,0.407,High Risk
Female,0,No,No,33,Yes,No,DSL,Yes,No,Yes,Yes,Yes,No,Month-to-month,Yes,Credit card (automatic),57.45,1894.44,1,8.1,0,0,0.407,High Risk
Female,1,No,No,61,Yes,Yes,No,No,No,No,No,No,No,Month-to-month,Yes,Credit card (automatic),18.0,1083.44,1,13.0,0,0,0.142,Healthy
Female,0,No,No,0,Yes,No,Fiber optic,Yes,Yes,Yes,Yes,Yes,No,Month-to-month,Yes,Credit card (automatic),91.69,14.47,1,15.5,0,1,0.792,Critical Risk
Female,0,Yes,No,63,Yes,No,Fiber optic,Yes,No,No,Yes,No,No,One year,No,Electronic check,78.46,4940.54,0,17.7,0,0,0.18,Healthy
Female,0,Yes,No,12,Yes,Yes,Fiber optic,Yes,No,Yes,No,No,No,Month-to-month,No,Electronic check,80.07,961.7,2,8.0,1,0,0.933,Critical Risk
Male,0,Yes,No,19,Yes,Yes,Fiber optic,No,No,Yes,No,Yes,No,One year,Yes,Electronic check,73.76,1380.14,1,11.4,2,0,0.734,Critical Risk
Female,0,No,No,35,Yes,No,DSL,Yes,No,Yes,Yes,Yes,Yes,Month-to-month,Yes,Bank transfer (automatic),64.35,2241.18,0,19.7,0,0,0.368,Watch
Female,0,Yes,No,51,Yes,Yes,Fiber optic,No,Yes,Yes,No,Yes,Yes,One year,Yes,Mailed check,87.48,4441.66,1,16.8,0,1,0.264,Watch
Male,0,Yes,No,25,Yes,Yes,Fiber optic,No,Yes,Yes,No,Yes,Yes,Two year,Yes,Credit card (automatic),86.98,2228.12,1,10.2,0,0,0.215,Watch
Male,0,No,No,68,Yes,Yes,No,No,No,No,No,No,No,One year,No,Electronic check,21.86,1434.17,2,24.7,0,0,0.071,Healthy
Female,1,No,No,57,Yes,No,No,No,No,No,No,No,No,One year,No,Electronic check,20.48,1154.54,1,11.5,1,0,0.137,Healthy
Male,0,No,No,54,Yes,Yes,DSL,No,No,Yes,Yes,Yes,Yes,Month-to-month,Yes,Electronic check,63.61,3434.95,1,3.9,0,0,0.447,High Risk
Female,0,No,No,56,Yes,No,Fiber optic,No,Yes,Yes,No,No,Yes,Month-to-month,No,Electronic check,77.24,4315.48,0,8.9,0,1,0.549,High Risk
Male,0,No,No,2,Yes,Yes,Fiber optic,Yes,Yes,Yes,No,Yes,No,Month-to-month,Yes,Mailed check,90.34,186.06,1,23.9,0,1,0.856,Critical Risk
Male,0,No,No,60,Yes,No,Fiber optic,No,No,No,Yes,Yes,Yes,One year,Yes,Mailed check,85.8,5131.23,0,20.1,0,0,0.145,Healthy
Male,0,Yes,No,44,Yes,No,No,No,No,No,No,No,No,One year,No,Electronic check,23.57,1043.69,3,17.5,0,0,0.201,Watch
Female,1,No,No,13,Yes,Yes,Fiber optic,No,Yes,No,Yes,No,No,Month-to-month,Yes,Bank transfer (automatic),73.36,978.89,1,19.8,0,0,0.688,High Risk
Male,0,No,No,56,No,No,DSL,No,Yes,No,No,No,Yes,One year,No,Electronic check,55.18,3050.31,0,17.7,2,0,0.21,Watch
Female,0,Yes,Yes,7,Yes,Yes,Fiber optic,Yes,No,No,Yes,No,Yes,One year,Yes,Electronic check,76.9,527.8,2,9.1,0,0,0.668,High Risk
Female,0,No,Yes,45,Yes,No,DSL,No,Yes,No,No,Yes,No,Two year,No,Mailed check,52.37,2347.64,4,8.3,1,0,0.155,Healthy
Male,0,No,No,41,Yes,No,DSL,Yes,No,No,Yes,No,No,Two year,Yes,Credit card (automatic),47.89,1994.44,1,10.0,1,0,0.059,Healthy
Female,0,No,Yes,2,Yes,No,DSL,Yes,No,No,Yes,Yes,Yes,Month-to-month,Yes,Credit card (automatic),58.87,123.64,3,16.9,1,1,0.785,Critical Risk
Male,0,No,Yes,27,Yes,No,Fiber optic,No,No,No,Yes,No,No,Two year,No,Electronic check,70.36,1882.43,1,17.9,0,0,0.237,Watch
Female,0,Yes,No,8,Yes,No,Fiber optic,No,No,No,Yes,No,No,Month-to-month,Yes,Electronic check,68.01,546.41,1,20.5,0,1,0.812,Critical Risk
Male,0,Yes,Yes,69,Yes,No,Fiber optic,Yes,Yes,Yes,No,Yes,Yes,Month-to-month,No,Bank transfer (automatic),99.06,6805.96,1,24.6,0,0,0.437,High Risk
Male,0,Yes,No,58,Yes,Yes,Fiber optic,Yes,Yes,Yes,Yes,No,No,Month-to-month,Yes,Credit card (automatic),81.91,4782.0,1,21.9,2,0,0.476,High Risk
Female,0,No,Yes,72,Yes,No,DSL,Yes,Yes,Yes,No,Yes,No,Month-to-month,No,Mailed check,61.08,4405.87,0,21.5,0,0,0.146,Healthy
Female,1,No,Yes,35,Yes,No,Fiber optic,Yes,No,Yes,No,No,Yes,One year,Yes,Bank transfer (automatic),81.22,2841.0,1,16.4,0,0,0.349,Watch
Female,0,No,No,23,Yes,No,DSL,Yes,No,No,Yes,Yes,Yes,Month-to-month,Yes,Bank transfer (automatic),59.54,1375.84,1,12.9,0,0,0.558,High Risk
Female,0,No,No,69,Yes,No,Fiber optic,No,Yes,No,Yes,No,No,One year,Yes,Bank transfer (automatic),75.17,5181.37,0,15.0,0,0,0.081,Healthy
Male,0,No,No,22,Yes,No,Fiber optic,Yes,Yes,No,Yes,Yes,Yes,One year,No,Credit card (automatic),90.43,1969.27,0,9.7,0,0,0.298,Watch
Male,0,Yes,No,30,Yes,Yes,DSL,No,No,Yes,No,No,No,Month-to-month,No,Bank transfer (automatic),44.87,1336.33,1,3.1,1,1,0.643,High Risk
Male,0,Yes,No,9,Yes,Yes,Fiber optic,No,No,Yes,No,No,No,Month-to-month,Yes,Electronic check,65.89,614.69,0,24.3,0,0,0.778,Critical Risk
Female,0,Yes,No,59,Yes,No,Fiber optic,No,No,No,No,Yes,No,Month-to-month,Yes,Credit card (automatic),73.6,4342.94,1,11.3,1,0,0.599,High Risk
Male,0,No,No,8,Yes,No,DSL,Yes,Yes,Yes,Yes,No,No,Month-to-month,Yes,Mailed check,62.25,505.06,2,13.6,1,1,0.729,Critical Risk
Male,0,Yes,Yes,2,Yes,Yes,Fiber optic,No,Yes,No,No,No,No,One year,Yes,Electronic check,67.68,157.98,0,14.8,2,0,0.752,Critical Risk
Male,0,No,Yes,60,Yes,No,DSL,Yes,Yes,Yes,Yes,Yes,No,Month-to-month,Yes,Bank transfer (automatic),68.25,4111.74,3,13.9,0,0,0.381,Watch
Male,0,No,No,61,No,No,Fiber optic,Yes,Yes,No,Yes,No,Yes,Month-to-month,Yes,Credit card (automatic),90.36,5501.41,2,10.0,0,0,0.455,High Risk
Male,0,Yes,No,62,No,No,DSL,No,Yes,Yes,Yes,Yes,Yes,Month-to-month,No,Bank transfer (automatic),65.56,4080.88,0,8.4,0,0,0.174,Healthy
Male,1,No,No,62,Yes,No,No,No,No,No,No,No,No,Two year,No,Electronic check,18.0,1119.37,4,2.4,0,0,0.073,Healthy
Male,0,No,No,10,Yes,Yes,DSL,Yes,No,No,Yes,No,Yes,Two year,No,Mailed check,55.76,540.14,1,15.7,0,0,0.123,Healthy
Female,0,No,No,26,Yes,No,No,No,No,No,No,No,No,Month-to-month,Yes,Bank transfer (automatic),18.23,488.15,1,23.2,1,1,0.548,High Risk
Male,0,Yes,No,55,Yes,No,DSL,Yes,No,No,Yes,No,No,Month-to-month,Yes,Mailed check,54.26,3003.33,2,15.8,0,0,0.383,Watch
Male,0,Yes,No,22,No,No,Fiber optic,Yes,No,No,Yes,No,Yes,Month-to-month,No,Electronic check,79.79,1723.36,1,9.4,0,0,0.793,Critical Risk
Female,0,Yes,No,56,No,No,DSL,Yes,Yes,No,No,Yes,No,Two year,No,Credit card (automatic),51.12,2842.44,1,12.3,3,0,0.096,Healthy
Male,0,No,Yes,66,Yes,Yes,DSL,No,Yes,Yes,No,Yes,Yes,Month-to-month,Yes,Electronic check,57.82,3798.09,2,17.1,1,0,0.401,High Risk
Male,0,No,No,70,Yes,Yes,DSL,Yes,Yes,No,Yes,Yes,Yes,Month-to-month,No,Electronic check,77.71,5479.62,0,18.2,0,1,0.238,Watch
Male,0,No,No,56,Yes,No,DSL,Yes,Yes,No,Yes,Yes,Yes,Month-to-month,Yes,Bank transfer (automatic),64.93,3620.8,3,9.6,0,1,0.444,High Risk
Male,1,No,No,58,Yes,No,Fiber optic,Yes,Yes,Yes,Yes,No,Yes,Two year,Yes,Electronic check,97.0,5589.52,2,6.9,1,1,0.202,Watch
Female,0,Yes,No,43,Yes,No,Fiber optic,Yes,No,Yes,No,No,No,Month-to-month,Yes,Credit card (automatic),75.95,3241.45,1,8.0,1,1,0.671,High Risk
Male,0,No,No,5,Yes,Yes,Fiber optic,Yes,No,Yes,Yes,No,No,Two year,Yes,Credit card (automatic),75.44,392.93,2,16.9,1,1,0.314,Watch
Male,0,Yes,Yes,31,Yes,Yes,Fiber optic,No,Yes,No,No,Yes,No,One year,Yes,Mailed check,76.72,2365.21,1,5.7,1,0,0.522,High Risk
Male,0,Yes,No,69,Yes,No,DSL,No,Yes,Yes,Yes,Yes,No,Month-to-month,Yes,Mailed check,61.32,4214.08,2,8.8,1,0,0.268,Watch
Male,1,No,Yes,66,Yes,No,Fiber optic,Yes,No,Yes,No,No,No,Two year,No,Credit card (automatic),73.98,4848.65,0,13.5,1,0,0.053,Healthy
Female,0,No,Yes,17,Yes,Yes,Fiber optic,No,Yes,No,No,No,No,One year,No,Bank transfer (automatic),67.85,1171.06,0,24.1,1,1,0.435,High Risk
Male,0,No,No,54,Yes,Yes,DSL,Yes,No,No,Yes,Yes,Yes,One year,No,Bank transfer (automatic),58.39,3170.55,1,10.6,0,0,0.117,Healthy
Female,0,No,Yes,22,Yes,No,No,No,No,No,No,No,No,Month-to-month,Yes,Bank transfer (automatic),18.0,400.48,3,18.7,0,1,0.584,High Risk
Female,0,Yes,No,30,Yes,No,DSL,No,No,No,Yes,No,Yes,Two year,No,Credit card (automatic),54.03,1602.2,3,6.0,0,0,0.116,Healthy
Female,1,Yes,No,47,Yes,Yes,Fiber optic,No,No,Yes,No,Yes,No,Two year,Yes,Electronic check,71.44,3346.04,0,12.3,2,0,0.18,Healthy
Female,0,Yes,No,36,No,No,No,No,No,No,No,No,No,Two year,No,Electronic check,18.0,636.05,1,3.5,0,1,0.087,Healthy
Female,0,No,No,44,Yes,No,Fiber optic,Yes,Yes,Yes,No,Yes,No,Month-to-month,Yes,Electronic check,87.42,3841.28,4,15.3,1,0,0.874,Critical Risk
Female,1,No,No,7,Yes,No,Fiber optic,No,No,No,No,No,Yes,Two year,No,Mailed check,71.06,481.8,1,9.7,0,0,0.313,Watch
Female,0,Yes,No,21,Yes,No,Fiber optic,Yes,No,Yes,No,Yes,Yes,Month-to-month,Yes,Electronic check,83.75,1738.22,4,15.2,0,1,0.921,Critical Risk
Male,0,Yes,Yes,59,Yes,Yes,Fiber optic,Yes,No,No,Yes,No,No,Month-to-month,No,Bank transfer (automatic),78.39,4624.46,2,9.6,0,1,0.57,High Risk
Male,0,No,No,45,Yes,No,Fiber optic,No,No,Yes,No,Yes,Yes,One year,Yes,Mailed check,81.5,3696.27,0,22.3,2,0,0.33,Watch
Male,0,No,No,61,Yes,Yes,No,No,No,No,No,No,No,One year,Yes,Electronic check,18.0,1075.07,0,12.1,0,0,0.074,Healthy
Female,0,Yes,No,70,Yes,Yes,No,No,No,No,No,No,No,Month-to-month,Yes,Credit card (automatic),18.44,1294.76,0,12.2,0,0,0.095,Healthy
Female,0,Yes,No,25,Yes,Yes,DSL,Yes,Yes,Yes,No,Yes,No,Month-to-month,Yes,Mailed check,59.51,1510.57,1,11.1,1,0,0.689,High Risk
Male,0,No,No,19,Yes,Yes,Fiber optic,No,Yes,Yes,Yes,Yes,No,Month-to-month,Yes,Electronic check,82.94,1578.79,3,14.8,1,1,0.877,Critical Risk
Male,0,No,No,22,Yes,Yes,Fiber optic,Yes,Yes,No,No,No,No,Two year,Yes,Credit card (automatic),73.65,1622.91,2,15.6,0,0,0.223,Watch
Male,0,Yes,No,41,Yes,Yes,Fiber optic,Yes,Yes,No,Yes,No,Yes,Month-to-month,Yes,Mailed check,82.94,3384.32,0,9.1,0,0,0.489,High Risk
Female,0,Yes,Yes,18,Yes,No,DSL,Yes,Yes,Yes,Yes,No,Yes,One year,No,Mailed check,65.78,1200.16,2,12.8,0,0,0.268,Watch
Female,0,No,No,28,Yes,Yes,No,No,No,No,No,No,No,Two year,Yes,Bank transfer (automatic),18.0,525.27,1,16.5,1,0,0.107,Healthy
Female,0,No,No,12,Yes,Yes,Fiber optic,No,No,Yes,No,Yes,Yes,Two year,Yes,Credit card (automatic),80.36,991.13,1,22.7,0,0,0.206,Watch
Male,0,Yes,No,28,Yes,No,DSL,No,No,Yes,No,Yes,Yes,Month-to-month,No,Bank transfer (automatic),58.21,1641.95,3,19.6,0,0,0.677,High Risk
Male,0,No,No,69,Yes,Yes,DSL,No,No,Yes,No,Yes,Yes,One year,Yes,Credit card (automatic),58.54,4031.6,1,16.5,1,0,0.072,Healthy
Male,0,No,No,30,Yes,Yes,Fiber optic,No,Yes,Yes,No,Yes,Yes,Month-to-month,No,Credit card (automatic),82.65,2478.37,3,21.6,0,0,0.697,High Risk
Female,0,Yes,No,55,No,No,Fiber optic,Yes,No,Yes,Yes,Yes,Yes,One year,Yes,Credit card (automatic),87.9,4815.88,2,6.4,0,0,0.22,Watch
Female,0,Yes,Yes,31,Yes,Yes,DSL,Yes,Yes,Yes,No,Yes,No,Month-to-month,No,Bank transfer (automatic),59.81,1857.24,3,22.1,2,0,0.76,Critical Risk
Female,0,No,Yes,31,Yes,Yes,DSL,Yes,No,No,No,Yes,Yes,Two year,No,Mailed check,58.56,1821.58,0,14.6,1,0,0.14,Healthy
Male,0,No,No,48,Yes,Yes,DSL,Yes,No,Yes,Yes,Yes,No,One year,Yes,Mailed check,51.92,2501.24,0,10.5,0,0,0.062,Healthy
Male,0,Yes,No,8,Yes,No,Fiber optic,No,No,Yes,Yes,No,No,Month-to-month,No,Bank transfer (automatic),75.47,630.4,2,12.2,4,1,0.946,Critical Risk
Female,0,No,Yes,25,Yes,Yes,Fiber optic,Yes,No,Yes,Yes,No,Yes,Two year,Yes,Mailed check,88.12,2204.1,1,19.1,0,0,0.211,Watch
Male,1,Yes,No,10,Yes,Yes,DSL,Yes,Yes,Yes,No,Yes,Yes,Two year,Yes,Mailed check,71.55,700.96,1,11.5,0,0,0.165,Healthy
Female,0,No,Yes,14,Yes,No,No,No,No,No,No,No,No,Month-to-month,Yes,Credit card (automatic),18.0,248.6,4,14.5,0,0,0.671,High Risk
Male,0,Yes,No,51,Yes,No,DSL,Yes,Yes,No,Yes,Yes,No,One year,Yes,Credit card (automatic),62.62,3200.0,3,16.6,0,0,0.147,Healthy
Male,0,Yes,No,12,No,No,No,No,No,No,No,No,No,Two year,Yes,Electronic check,18.0,231.31,1,19.3,0,0,0.124,Healthy
Female,0,Yes,No,14,Yes,No,No,No,No,No,No,No,No,Two year,No,Bank transfer (automatic),18.0,244.28,2,5.8,0,0,0.168,Healthy
Male,0,No,No,41,Yes,Yes,DSL,No,No,Yes,No,No,No,Two year,No,Credit card (automatic),46.12,1882.77,1,12.1,0,0,0.045,Healthy
Male,0,No,Yes,25,No,No,No,No,No,No,No,No,No,One year,No,Credit card (automatic),23.74,606.03,3,18.8,0,0,0.227,Watch
Female,1,No,No,8,Yes,Yes,Fiber optic,Yes,Yes,No,No,No,No,Month-to-month,Yes,Electronic check,68.73,534.07,0,22.0,0,1,0.772,Critical Risk
Male,0,Yes,No,69,Yes,No,No,No,No,No,No,No,No,Month-to-month,No,Credit card (automatic),18.0,1251.06,1,10.2,2,0,0.225,Watch
Male,0,No,No,67,No,No,DSL,No,Yes,Yes,No,Yes,Yes,Month-to-month,Yes,Credit card (automatic),60.95,4101.44,0,24.2,1,0,0.155,Healthy
Female,0,No,Yes,42,Yes,Yes,No,No,No,No,No,No,No,One year,Yes,Electronic check,18.0,756.33,1,14.9,1,0,0.182,Healthy
Male,0,No,Yes,38,Yes,Yes,Fiber optic,No,Yes,No,Yes,Yes,No,Two year,Yes,Credit card (automatic),77.74,2967.37,3,5.9,0,0,0.146,Healthy
Male,0,Yes,Yes,59,Yes,Yes,DSL,No,Yes,No,Yes,No,Yes,Month-to-month,No,Mailed check,56.91,3336.65,0,16.7,0,0,0.171,Healthy
Male,0,No,No,71,Yes,No,No,No,No,No,No,No,No,One year,No,Bank transfer (automatic),18.0,1273.05,1,12.3,1,0,0.059,Healthy
Male,0,Yes,Yes,7,No,No,No,No,No,No,No,No,No,Month-to-month,No,Electronic check,19.72,120.19,2,9.3,0,0,0.733,Critical Risk
Male,0,Yes,No,7,Yes,No,DSL,Yes,Yes,No,Yes,No,No,Month-to-month,No,Electronic check,58.71,421.53,0,4.7,1,0,0.774,Critical Risk
Female,1,No,No,24,Yes,No,Fiber optic,No,Yes,No,Yes,No,Yes,Month-to-month,No,Mailed check,87.56,2051.78,2,13.5,0,1,0.698,High Risk
Male,0,Yes,No,22,Yes,No,No,No,No,No,No,No,No,Month-to-month,Yes,Electronic check,21.2,482.41,1,16.6,1,0,0.664,High Risk
Male,0,Yes,No,65,Yes,No,Fiber optic,Yes,Yes,No,No,No,Yes,One year,Yes,Bank transfer (automatic),79.52,5155.55,0,15.6,1,0,0.198,Healthy
Male,1,No,No,37,Yes,No,Fiber optic,No,No,No,Yes,Yes,Yes,One year,No,Electronic check,81.77,3009.83,2,11.9,0,0,0.394,Watch
Male,0,Yes,No,59,No,No,DSL,Yes,No,No,Yes,Yes,Yes,Month-to-month,No,Electronic check,52.18,3103.52,1,6.1,0,0,0.337,Watch
Female,1,No,No,48,Yes,No,Fiber optic,Yes,No,No,No,No,Yes,Two year,Yes,Bank transfer (automatic),67.66,3244.58,3,20.9,1,0,0.165,Healthy
Male,0,No,No,52,Yes,No,Fiber optic,No,No,Yes,No,No,Yes,Month-to-month,No,Mailed check,79.95,4148.13,1,16.0,0,0,0.598,High Risk
Male,0,No,No,69,Yes,Yes,Fiber optic,No,Yes,No,Yes,No,No,One year,Yes,Electronic check,75.04,5183.67,2,0.0,0,0,0.203,Watch
Male,0,Yes,No,42,Yes,Yes,Fiber optic,Yes,Yes,Yes,Yes,No,No,Month-to-month,No,Electronic check,87.58,3681.76,4,9.9,0,1,0.778,Critical Risk
Male,0,No,No,56,Yes,Yes,Fiber optic,Yes,No,No,No,No,Yes,Month-to-month,Yes,Electronic check,77.55,4340.08,2,18.0,2,0,0.843,Critical Risk
Male,0,No,No,19,No,No,DSL,Yes,No,No,Yes,No,No,One year,Yes,Electronic check,48.79,948.18,2,21.4,1,0,0.401,High Risk
Female,1,Yes,No,18,No,No,Fiber optic,Yes,No,Yes,No,No,No,Month-to-month,Yes,Credit card (automatic),74.93,1303.62,2,19.7,1,1,0.795,Critical Risk
Female,1,No,Yes,42,Yes,Yes,DSL,No,No,No,Yes,No,Yes,One year,No,Bank transfer (automatic),50.56,2102.3,0,16.1,1,0,0.094,Healthy
Male,1,No,Yes,65,Yes,Yes,Fiber optic,No,No,No,No,Yes,No,Month-to-month,Yes,Electronic check,69.22,4478.62,2,9.1,1,1,0.666,High Risk
Female,0,Yes,No,3,No,No,No,No,No,No,No,No,No,Month-to-month,Yes,Credit card (automatic),18.0,85.91,0,21.7,1,0,0.54,High Risk
Male,0,Yes,No,36,Yes,Yes,Fiber optic,No,Yes,Yes,Yes,Yes,Yes,Two year,Yes,Credit card (automatic),96.5,3501.33,1,19.1,2,0,0.182,Healthy
Male,0,No,Yes,14,Yes,No,DSL,Yes,Yes,No,Yes,Yes,Yes,One year,No,Credit card (automatic),66.61,935.31,0,13.6,1,0,0.264,Watch
Female,0,Yes,No,64,Yes,Yes,No,No,No,No,No,No,No,One year,Yes,Bank transfer (automatic),18.0,1150.93,0,15.6,0,0,0.044,Healthy
Female,0,No,No,37,Yes,No,DSL,No,Yes,Yes,No,No,Yes,Two year,Yes,Bank transfer (automatic),52.08,1920.08,1,15.1,1,0,0.087,Healthy
Male,0,Yes,No,3,No,No,DSL,Yes,No,No,Yes,Yes,Yes,One year,Yes,Mailed check,66.93,221.49,0,10.7,0,0,0.358,Watch
Female,0,Yes,Yes,0,Yes,No,No,No,No,No,No,No,No,Month-to-month,Yes,Electronic check,18.0,0.0,1,12.7,0,1,0.743,Critical Risk
Male,0,No,No,46,Yes,Yes,DSL,No,No,No,Yes,Yes,No,One year,No,Mailed check,49.42,2291.13,1,18.1,1,0,0.109,Healthy
Female,0,No,Yes,16,Yes,No,Fiber optic,No,No,Yes,No,Yes,No,Month-to-month,No,Bank transfer (automatic),72.23,1188.58,1,13.9,0,0,0.803,Critical Risk
Female,0,Yes,No,3,Yes,Yes,No,No,No,No,No,No,No,Month-to-month,Yes,Mailed check,18.0,58.2,2,14.5,1,0,0.737,Critical Risk
Female,0,No,Yes,11,No,No,DSL,Yes,No,Yes,Yes,No,Yes,One year,No,Electronic check,61.12,678.24,1,8.9,0,0,0.349,Watch
Female,1,Yes,No,11,Yes,No,Fiber optic,Yes,Yes,No,Yes,No,Yes,One year,Yes,Electronic check,91.59,1010.62,0,19.7,0,0,0.463,High Risk
Female,0,Yes,Yes,25,Yes,No,Fiber optic,Yes,No,No,Yes,No,Yes,One year,Yes,Bank transfer (automatic),79.27,1973.44,2,17.1,0,0,0.489,High Risk
Female,0,No,Yes,52,No,No,Fiber optic,Yes,No,Yes,Yes,Yes,No,Month-to-month,Yes,Bank transfer (automatic),85.49,4412.81,0,6.4,0,1,0.541,High Risk
Female,0,Yes,No,62,Yes,No,Fiber optic,Yes,No,Yes,No,Yes,No,One year,No,Mailed check,80.55,4997.08,0,15.1,0,0,0.174,Healthy
Male,0,No,No,38,Yes,Yes,Fiber optic,No,No,No,No,No,No,Month-to-month,No,Electronic check,62.19,2350.51,1,13.0,1,0,0.773,Critical Risk
Male,0,Yes,Yes,69,Yes,Yes,No,No,No,No,No,No,No,Month-to-month,Yes,Mailed check,20.33,1385.12,1,24.7,0,0,0.131,Healthy
Male,0,No,No,57,Yes,No,No,No,No,No,No,No,No,Two year,No,Electronic check,18.0,1021.87,1,10.0,1,0,0.068,Healthy
Female,0,Yes,Yes,12,Yes,Yes,Fiber optic,Yes,Yes,Yes,No,No,Yes,Month-to-month,Yes,Electronic check,88.85,1080.57,1,10.6,0,1,0.872,Critical Risk
Male,0,No,Yes,53,Yes,Yes,Fiber optic,Yes,Yes,No,No,No,Yes,One year,No,Electronic check,80.94,4298.28,2,8.6,0,0,0.436,High Risk
Male,0,No,Yes,16,Yes,No,Fiber optic,No,No,No,No,No,Yes,Month-to-month,No,Electronic check,68.44,1102.29,1,25.7,0,1,0.824,Critical Risk
Female,0,Yes,No,70,Yes,Yes,Fiber optic,No,Yes,No,Yes,No,Yes,One year,No,Electronic check,87.92,6167.62,2,23.9,2,0,0.275,Watch
Male,1,Yes,No,61,No,No,DSL,Yes,Yes,No,No,No,No,Month-to-month,No,Electronic check,47.44,2901.76,2,17.9,3,0,0.588,High Risk
Female,1,No,Yes,4,Yes,Yes,DSL,Yes,No,Yes,Yes,No,No,Month-to-month,Yes,Credit card (automatic),61.08,262.03,0,10.9,0,0,0.531,High Risk
Female,0,Yes,No,12,Yes,No,DSL,No,No,No,Yes,Yes,No,Two year,Yes,Electronic check,49.5,615.64,2,2.9,1,0,0.304,Watch
Male,0,No,Yes,32,Yes,Yes,Fiber optic,No,No,No,No,Yes,Yes,Month-to-month,Yes,Credit card (automatic),69.43,2239.56,1,9.3,1,0,0.73,Critical Risk
Male,0,No,Yes,54,Yes,Yes,DSL,No,Yes,No,Yes,Yes,No,Two year,Yes,Mailed check,60.09,3230.78,2,0.6,1,0,0.093,Healthy
Male,0,No,No,40,Yes,No,Fiber optic,No,Yes,Yes,No,Yes,No,Month-to-month,Yes,Electronic check,88.23,3545.64,2,5.6,0,1,0.815,Critical Risk
Male,1,Yes,No,6,Yes,No,No,No,No,No,No,No,No,Month-to-month,Yes,Mailed check,18.0,99.06,0,9.1,1,1,0.598,High Risk
Male,0,Yes,No,45,Yes,Yes,DSL,No,Yes,No,Yes,No,Yes,Month-to-month,Yes,Bank transfer (automatic),54.15,2417.5,2,15.8,3,0,0.555,High Risk
Male,1,Yes,Yes,47,Yes,Yes,Fiber optic,No,No,No,Yes,No,No,Month-to-month,No,Electronic check,70.51,3301.27,1,15.8,0,1,0.488,High Risk
Male,0,Yes,Yes,67,Yes,No,DSL,No,No,Yes,Yes,Yes,Yes,Month-to-month,No,Electronic check,63.19,4215.71,2,15.9,0,0,0.301,Watch
Male,0,Yes,No,19,Yes,No,Fiber optic,Yes,No,Yes,No,Yes,Yes,Month-to-month,Yes,Electronic check,86.75,1665.39,0,21.2,0,1,0.827,Critical Risk
Female,0,No,No,2,Yes,Yes,DSL,No,Yes,No,No,Yes,No,Two year,No,Bank transfer (automatic),46.49,98.06,1,11.2,0,0,0.19,Healthy
Female,1,Yes,No,54,Yes,No,No,No,No,No,No,No,No,Month-to-month,No,Electronic check,18.86,1039.91,1,5.1,1,0,0.439,High Risk
Male,0,Yes,Yes,51,Yes,No,DSL,No,Yes,No,No,No,Yes,Month-to-month,Yes,Bank transfer (automatic),49.35,2538.42,1,5.1,1,0,0.512,High Risk
Female,0,Yes,No,37,Yes,Yes,No,No,No,No,No,No,No,Month-to-month,No,Electronic check,19.73,727.44,1,4.8,0,0,0.489,High Risk
Male,0,Yes,Yes,50,Yes,Yes,DSL,No,No,No,No,Yes,No,One year,No,Bank transfer (automatic),44.01,2214.16,0,18.3,0,0,0.115,Healthy
Male,0,No,No,13,Yes,No,No,No,No,No,No,No,No,Month-to-month,Yes,Electronic check,20.74,241.43,0,7.1,0,0,0.67,High Risk
Male,0,Yes,No,9,Yes,No,DSL,Yes,No,No,Yes,Yes,No,One year,Yes,Mailed check,52.42,454.47,3,1.4,1,0,0.544,High Risk
Male,0,No,Yes,29,Yes,No,DSL,No,No,No,No,No,Yes,One year,Yes,Credit card (automatic),51.42,1462.0,1,15.7,1,1,0.283,Watch
Male,0,No,No,65,Yes,Yes,No,No,No,No,No,No,No,Two year,Yes,Bank transfer (automatic),19.56,1253.19,2,10.5,1,0,0.044,Healthy
Male,0,Yes,No,37,Yes,No,DSL,Yes,No,Yes,No,Yes,No,Month-to-month,No,Mailed check,55.69,2044.88,1,13.7,0,1,0.487,High Risk
Male,0,No,No,46,Yes,Yes,Fiber optic,No,Yes,Yes,No,No,No,One year,No,Electronic check,75.27,3451.87,2,14.2,0,0,0.318,Watch
Male,0,Yes,No,72,No,No,Fiber optic,Yes,Yes,No,Yes,No,No,Month-to-month,No,Bank transfer (automatic),80.76,5805.51,0,6.7,0,0,0.27,Watch
Female,0,Yes,No,22,Yes,No,Fiber optic,No,Yes,Yes,Yes,No,Yes,Month-to-month,Yes,Mailed check,89.23,1948.85,2,24.7,0,0,0.688,High Risk
Female,1,No,Yes,35,Yes,No,DSL,Yes,Yes,Yes,Yes,Yes,No,Two year,Yes,Electronic check,72.3,2508.69,3,9.8,0,0,0.159,Healthy
Female,0,No,No,50,Yes,Yes,No,No,No,No,No,No,No,Two year,No,Credit card (automatic),18.0,919.38,0,1.1,0,0,0.032,Healthy
Female,0,Yes,No,11,Yes,Yes,Fiber optic,No,No,No,Yes,Yes,No,Month-to-month,Yes,Mailed check,80.14,878.3,3,22.2,1,1,0.874,Critical Risk
Female,0,No,No,29,Yes,Yes,No,No,No,No,No,No,No,One year,No,Credit card (automatic),19.02,562.42,1,17.3,1,0,0.167,Healthy
Male,0,Yes,No,40,Yes,No,Fiber optic,No,No,No,Yes,Yes,No,One year,Yes,Mailed check,79.28,3156.44,1,1.8,0,0,0.325,Watch
Male,0,No,Yes,22,Yes,Yes,Fiber optic,No,Yes,Yes,Yes,Yes,No,Month-to-month,No,Mailed check,96.6,2104.22,1,4.0,0,0,0.759,Critical Risk
Male,0,No,Yes,16,Yes,Yes,Fiber optic,No,Yes,Yes,No,Yes,Yes,Month-to-month,Yes,Mailed check,86.39,1402.75,2,25.2,1,1,0.847,Critical Risk
Male,0,Yes,Yes,31,Yes,Yes,DSL,Yes,Yes,No,No,No,Yes,Two year,Yes,Mailed check,57.39,1802.42,0,9.2,1,0,0.129,Healthy
Female,0,No,No,64,No,No,No,No,No,No,No,No,No,Month-to-month,Yes,Mailed check,18.0,1156.99,2,6.4,0,0,0.239,Watch
Male,0,No,No,30,Yes,Yes,No,No,No,No,No,No,No,Month-to-month,Yes,Bank transfer (automatic),18.0,538.05,0,20.0,0,0,0.355,Watch
Female,0,Yes,No,60,Yes,No,Fiber optic,No,Yes,Yes,Yes,Yes,Yes,Month-to-month,Yes,Electronic check,97.23,5865.79,6,24.4,0,1,0.773,Critical Risk
Female,1,No,No,49,Yes,No,No,No,No,No,No,No,No,Two year,No,Electronic check,18.99,952.36,2,5.2,0,0,0.083,Healthy
Male,0,No,No,9,Yes,No,DSL,No,Yes,No,Yes,Yes,No,Month-to-month,No,Credit card (automatic),52.98,472.09,1,16.3,0,0,0.469,High Risk
Female,0,Yes,No,66,Yes,No,DSL,No,No,No,No,Yes,Yes,One year,No,Credit card (automatic),48.93,3209.86,1,19.8,0,0,0.054,Healthy
Male,1,No,No,42,Yes,No,DSL,No,Yes,Yes,No,No,Yes,Month-to-month,No,Mailed check,53.19,2262.74,0,6.7,1,0,0.341,Watch
Male,0,No,No,41,Yes,No,Fiber optic,Yes,No,Yes,No,Yes,No,Month-to-month,No,Electronic check,79.08,3193.22,1,12.4,1,1,0.799,Critical Risk
Male,0,No,No,50,Yes,Yes,Fiber optic,No,Yes,No,No,No,No,Month-to-month,Yes,Electronic check,68.95,3445.52,2,5.1,1,0,0.814,Critical Risk
Male,1,Yes,No,3,Yes,Yes,DSL,Yes,No,Yes,Yes,No,Yes,Month-to-month,No,Bank transfer (automatic),62.03,176.96,0,11.7,3,1,0.798,Critical Risk
Female,0,No,No,18,No,No,Fiber optic,No,No,Yes,Yes,No,Yes,Month-to-month,Yes,Bank transfer (automatic),86.41,1541.66,0,19.1,0,0,0.684,High Risk
Male,1,No,No,58,Yes,No,DSL,No,Yes,Yes,Yes,Yes,Yes,Month-to-month,No,Bank transfer (automatic),59.8,3452.23,4,15.3,2,0,0.471,High Risk
Male,0,No,No,45,Yes,Yes,Fiber optic,Yes,Yes,Yes,No,Yes,No,One year,No,Credit card (automatic),89.27,4014.87,1,9.3,0,0,0.239,Watch
Male,0,Yes,No,28,Yes,No,DSL,No,No,No,No,Yes,Yes,Month-to-month,No,Mailed check,56.16,1593.82,1,13.8,0,0,0.615,High Risk
Male,0,No,No,33,Yes,Yes,DSL,No,Yes,Yes,No,No,No,Two year,Yes,Credit card (automatic),46.63,1522.09,0,0.2,0,0,0.054,Healthy
Female,0,No,Yes,45,Yes,No,Fiber optic,No,No,No,No,No,Yes,Two year,Yes,Bank transfer (automatic),72.93,3312.56,2,8.6,0,0,0.184,Healthy
Female,1,Yes,No,35,Yes,Yes,DSL,No,Yes,Yes,Yes,No,Yes,Month-to-month,No,Bank transfer (automatic),64.16,2239.2,0,26.8,0,0,0.231,Watch
Male,1,Yes,No,33,Yes,No,Fiber optic,Yes,No,No,No,Yes,Yes,Two year,No,Bank transfer (automatic),77.93,2545.25,2,16.7,0,0,0.229,Watch
Female,0,No,Yes,40,Yes,No,Fiber optic,Yes,Yes,Yes,No,Yes,No,Month-to-month,No,Electronic check,85.86,3418.26,0,20.3,0,0,0.655,High Risk
Male,0,No,No,20,Yes,No,No,No,No,No,No,No,No,Month-to-month,Yes,Credit card (automatic),18.68,362.61,0,8.4,0,0,0.403,High Risk
Male,0,No,Yes,41,Yes,No,DSL,No,Yes,Yes,No,No,Yes,Month-to-month,Yes,Electronic check,60.51,2470.65,0,7.3,1,1,0.563,High Risk
Female,0,Yes,No,50,Yes,Yes,DSL,No,No,Yes,No,Yes,No,Two year,Yes,Electronic check,50.0,2477.99,0,8.2,4,0,0.268,Watch
Male,1,No,Yes,51,Yes,No,No,No,No,No,No,No,No,Month-to-month,Yes,Credit card (automatic),26.08,1342.39,2,14.4,0,0,0.307,Watch
Male,0,Yes,Yes,45,Yes,No,DSL,No,No,No,No,Yes,Yes,Month-to-month,Yes,Electronic check,47.57,2152.62,4,23.3,0,0,0.596,High Risk
Male,0,No,No,33,No,No,Fiber optic,No,Yes,Yes,No,No,No,One year,Yes,Credit card (automatic),81.6,2689.3,0,17.5,1,0,0.309,Watch
Male,1,Yes,Yes,47,Yes,No,Fiber optic,No,Yes,Yes,Yes,Yes,No,One year,No,Credit card (automatic),86.27,4031.88,1,13.3,0,1,0.113,Healthy
Female,0,Yes,No,52,Yes,Yes,DSL,No,No,No,Yes,No,Yes,Month-to-month,Yes,Bank transfer (automatic),50.54,2615.06,0,16.6,1,0,0.331,Watch
Male,0,No,No,22,Yes,Yes,No,No,No,No,No,No,No,One year,Yes,Credit card (automatic),21.02,462.74,4,24.3,0,1,0.23,Watch
Male,0,No,No,35,Yes,Yes,Fiber optic,Yes,Yes,No,No,Yes,No,One year,Yes,Credit card (automatic),82.34,2855.44,0,8.1,1,1,0.383,Watch
Male,0,Yes,Yes,49,Yes,No,Fiber optic,Yes,No,No,No,No,Yes,Month-to-month,No,Bank transfer (automatic),79.81,3884.61,1,24.8,2,1,0.798,Critical Risk
Female,0,Yes,Yes,48,Yes,Yes,No,No,No,No,No,No,No,Month-to-month,Yes,Bank transfer (automatic),18.0,857.76,0,17.1,0,0,0.197,Healthy
Female,0,No,Yes,36,Yes,No,No,No,No,No,No,No,No,One year,Yes,Bank transfer (automatic),21.81,754.1,1,23.5,0,0,0.128,Healthy
Female,0,No,No,19,Yes,No,DSL,Yes,No,Yes,Yes,No,Yes,One year,Yes,Electronic check,64.09,1230.99,0,16.1,0,0,0.283,Watch
Female,0,Yes,No,66,Yes,No,Fiber optic,No,No,Yes,No,Yes,No,Month-to-month,Yes,Bank transfer (automatic),75.94,5014.62,4,23.8,1,1,0.671,High Risk
Female,0,No,Yes,39,Yes,No,Fiber optic,Yes,Yes,Yes,Yes,Yes,No,Month-to-month,No,Electronic check,90.0,3536.4,2,15.9,0,1,0.71,Critical Risk
Female,0,Yes,Yes,39,Yes,Yes,Fiber optic,No,No,No,No,Yes,Yes,Month-to-month,Yes,Credit card (automatic),70.67,2730.94,0,19.3,1,0,0.566,High Risk
Female,1,No,Yes,34,Yes,Yes,Fiber optic,No,Yes,Yes,No,No,No,Two year,No,Bank transfer (automatic),69.69,2355.43,2,17.1,1,0,0.183,Healthy
Male,0,Yes,Yes,55,Yes,No,Fiber optic,No,No,Yes,Yes,Yes,Yes,Month-to-month,Yes,Electronic check,90.65,5000.97,1,16.1,0,0,0.622,High Risk
Male,0,Yes,Yes,22,Yes,No,Fiber optic,No,Yes,Yes,No,Yes,Yes,Month-to-month,Yes,Credit card (automatic),86.83,1925.44,0,8.0,1,1,0.749,Critical Risk
Male,1,No,No,68,Yes,No,Fiber optic,No,Yes,No,Yes,No,No,Month-to-month,Yes,Credit card (automatic),76.58,5175.39,0,11.6,0,0,0.193,Healthy
Male,0,Yes,Yes,4,Yes,No,DSL,No,Yes,No,No,Yes,Yes,Month-to-month,Yes,Mailed check,55.87,253.77,1,19.6,1,0,0.754,Critical Risk
Male,0,No,No,0,No,No,Fiber optic,No,Yes,Yes,Yes,No,Yes,Two year,Yes,Electronic check,86.48,0.0,1,10.0,0,0,0.373,Watch
Female,1,Yes,Yes,37,Yes,Yes,DSL,No,Yes,No,No,Yes,No,Two year,No,Credit card (automatic),51.12,1919.18,0,15.7,2,0,0.069,Healthy
Female,0,Yes,No,62,Yes,Yes,Fiber optic,No,Yes,No,No,Yes,Yes,Month-to-month,Yes,Credit card (automatic),84.25,5218.43,1,16.5,0,1,0.421,High Risk
Male,0,No,No,0,Yes,Yes,DSL,No,Yes,No,No,Yes,No,Two year,Yes,Electronic check,43.55,17.39,1,1.0,0,0,0.29,Watch
Male,0,No,Yes,49,Yes,Yes,Fiber optic,No,Yes,Yes,Yes,No,No,Month-to-month,Yes,Mailed check,75.7,3666.98,2,4.2,2,0,0.729,Critical Risk
Male,0,Yes,No,28,Yes,Yes,DSL,No,Yes,No,No,Yes,No,One year,No,Credit card (automatic),48.67,1442.34,1,21.8,0,0,0.153,Healthy
Female,0,No,Yes,1,No,No,Fiber optic,Yes,Yes,Yes,No,No,Yes,Month-to-month,No,Credit card (automatic),83.47,83.16,1,20.4,2,1,0.877,Critical Risk
Male,0,Yes,No,27,Yes,No,Fiber optic,No,Yes,No,No,No,Yes,One year,Yes,Credit card (automatic),77.07,2107.11,0,15.5,0,0,0.314,Watch
Male,0,No,No,47,Yes,Yes,Fiber optic,No,Yes,Yes,Yes,Yes,Yes,One year,No,Bank transfer (automatic),91.64,4308.69,0,12.7,0,0,0.143,Healthy
Male,0,Yes,No,46,Yes,No,Fiber optic,Yes,Yes,Yes,Yes,No,No,Month-to-month,No,Electronic check,96.28,4436.41,2,11.6,0,0,0.702,Critical Risk
Female,0,No,No,61,Yes,No,No,No,No,No,No,No,No,Two year,No,Bank transfer (automatic),20.42,1265.75,2,10.3,0,0,0.039,Healthy
Male,0,Yes,Yes,72,Yes,No,DSL,No,No,No,Yes,No,Yes,Month-to-month,Yes,Mailed check,46.14,3357.15,3,10.1,0,0,0.209,Watch
Female,0,No,No,3,No,No,Fiber optic,No,Yes,No,Yes,No,No,One year,No,Bank transfer (automatic),72.47,217.4,4,12.0,0,0,0.624,High Risk
Female,1,No,No,62,Yes,Yes,Fiber optic,No,No,Yes,Yes,No,No,Two year,Yes,Mailed check,81.03,5055.93,0,23.7,0,0,0.036,Healthy
Male,0,No,No,0,Yes,Yes,Fiber optic,No,Yes,No,No,Yes,Yes,Month-to-month,Yes,Credit card (automatic),78.3,0.52,2,11.4,0,0,0.845,Critical Risk
Female,0,Yes,No,71,Yes,Yes,No,No,No,No,No,No,No,Two year,Yes,Bank transfer (automatic),21.45,1535.13,0,14.2,0,0,0.015,Healthy
Female,0,Yes,Yes,56,Yes,No,Fiber optic,No,No,No,Yes,No,Yes,One year,Yes,Mailed check,71.05,3983.43,3,3.0,0,0,0.29,Watch
Female,0,Yes,No,69,Yes,Yes,DSL,Yes,Yes,No,Yes,No,Yes,One year,No,Electronic check,56.01,3868.83,0,8.9,1,0,0.074,Healthy
Male,0,No,No,4,No,No,Fiber optic,Yes,Yes,Yes,No,Yes,No,Month-to-month,Yes,Bank transfer (automatic),84.34,333.09,0,11.7,1,1,0.873,Critical Risk
Female,1,Yes,Yes,5,Yes,Yes,Fiber optic,No,No,No,No,Yes,No,Month-to-month,Yes,Credit card (automatic),71.37,350.6,1,14.2,0,0,0.787,Critical Risk
Female,0,No,No,71,Yes,Yes,DSL,No,No,No,Yes,No,Yes,Month-to-month,Yes,Credit card (automatic),56.1,3979.82,1,12.5,0,0,0.139,Healthy
Male,0,Yes,No,20,Yes,No,Fiber optic,Yes,No,No,No,Yes,Yes,Two year,No,Credit card (automatic),82.8,1675.43,2,3.0,0,0,0.363,Watch
Male,0,No,No,27,Yes,No,Fiber optic,Yes,Yes,Yes,No,Yes,Yes,Month-to-month,No,Electronic check,95.13,2592.61,1,15.4,1,1,0.889,Critical Risk
Female,0,No,Yes,21,Yes,Yes,Fiber optic,Yes,Yes,No,No,Yes,Yes,Month-to-month,Yes,Bank transfer (automatic),89.28,1835.28,2,16.9,0,0,0.843,Critical Risk
Female,0,No,No,11,Yes,No,DSL,No,No,Yes,Yes,Yes,No,Month-to-month,Yes,Bank transfer (automatic),51.26,555.68,3,24.9,0,0,0.611,High Risk
Female,0,No,Yes,5,No,No,Fiber optic,Yes,No,No,No,No,No,Two year,Yes,Electronic check,65.52,292.89,0,11.8,1,0,0.481,High Risk
Female,0,No,No,9,Yes,Yes,Fiber optic,Yes,No,No,Yes,No,Yes,One year,Yes,Electronic check,77.04,697.14,0,14.8,2,0,0.675,High Risk
Male,0,No,No,61,Yes,No,DSL,No,No,No,Yes,Yes,No,Month-to-month,Yes,Bank transfer (automatic),46.16,2789.83,1,12.3,1,0,0.304,Watch
Male,0,No,Yes,1,Yes,Yes,Fiber optic,No,Yes,No,Yes,No,No,One year,No,Credit card (automatic),82.66,57.91,1,13.9,0,0,0.465,High Risk
Female,0,No,Yes,65,Yes,Yes,Fiber optic,No,Yes,Yes,Yes,Yes,Yes,Month-to-month,No,Electronic check,92.02,5974.86,2,15.8,0,0,0.489,High Risk
Male,0,Yes,Yes,16,Yes,No,Fiber optic,Yes,Yes,Yes,Yes,Yes,No,Two year,Yes,Bank transfer (automatic),92.64,1451.79,0,19.3,0,0,0.21,Watch
Male,0,Yes,No,44,Yes,No,No,No,No,No,No,No,No,One year,Yes,Mailed check,19.1,851.66,0,16.4,1,0,0.099,Healthy
Female,0,No,No,18,Yes,Yes,DSL,No,Yes,Yes,Yes,Yes,Yes,Month-to-month,Yes,Electronic check,72.26,1304.67,0,8.5,2,1,0.769,Critical Risk
Male,1,No,Yes,65,Yes,No,Fiber optic,No,Yes,Yes,No,Yes,No,Month-to-month,Yes,Electronic check,79.4,5146.38,1,7.6,0,0,0.502,High Risk
Male,1,Yes,No,2,Yes,Yes,DSL,No,No,No,Yes,No,No,Month-to-month,No,Credit card (automatic),39.1,87.52,2,10.4,0,1,0.538,High Risk
Male,0,Yes,No,52,Yes,No,DSL,No,No,Yes,Yes,Yes,No,One year,No,Electronic check,49.69,2575.37,1,8.7,1,0,0.182,Healthy
Male,1,No,Yes,68,Yes,Yes,DSL,No,Yes,No,No,No,No,Month-to-month,Yes,Bank transfer (automatic),43.56,2963.69,0,9.9,0,0,0.148,Healthy
Male,0,Yes,No,32,Yes,No,Fiber optic,Yes,No,Yes,Yes,Yes,Yes,Two year,Yes,Electronic check,96.08,3126.75,2,6.4,0,0,0.368,Watch
Male,0,No,No,32,Yes,No,Fiber optic,Yes,Yes,No,Yes,No,No,Month-to-month,Yes,Electronic check,79.71,2545.65,1,19.0,0,0,0.718,Critical Risk
Male,0,No,No,10,Yes,No,Fiber optic,No,No,Yes,Yes,Yes,No,Two year,No,Bank transfer (automatic),75.18,753.74,0,10.5,1,0,0.255,Watch
Male,1,Yes,No,64,Yes,Yes,Fiber optic,Yes,Yes,Yes,No,No,No,Month-to-month,Yes,Mailed check,79.78,5120.82,2,11.9,1,0,0.543,High Risk
Female,0,Yes,Yes,69,Yes,No,DSL,Yes,Yes,Yes,No,Yes,Yes,Month-to-month,Yes,Electronic check,62.71,4384.55,0,20.7,0,0,0.227,Watch
Female,0,Yes,Yes,36,Yes,Yes,DSL,Yes,Yes,No,No,No,Yes,Two year,Yes,Credit card (automatic),52.66,1883.33,0,9.7,1,0,0.072,Healthy
Female,0,Yes,Yes,50,Yes,No,Fiber optic,No,Yes,Yes,No,No,Yes,Month-to-month,Yes,Mailed check,79.03,3943.62,1,15.8,0,1,0.569,High Risk
Female,0,No,Yes,55,No,No,No,No,No,No,No,No,No,One year,No,Mailed check,21.4,1188.11,1,22.4,2,0,0.133,Healthy
Male,0,No,No,25,Yes,No,Fiber optic,Yes,No,No,Yes,No,Yes,One year,Yes,Mailed check,90.81,2261.09,2,4.9,0,0,0.61,High Risk
Female,0,No,No,0,Yes,No,DSL,No,No,Yes,No,Yes,No,Month-to-month,Yes,Bank transfer (automatic),55.74,4.96,1,15.4,1,0,0.826,Critical Risk
Female,0,Yes,No,9,Yes,Yes,Fiber optic,Yes,No,No,Yes,No,Yes,Two year,No,Credit card (automatic),81.2,769.86,2,18.9,1,0,0.319,Watch
Male,1,No,No,65,Yes,Yes,Fiber optic,No,No,Yes,No,No,Yes,Month-to-month,Yes,Electronic check,80.48,5226.18,2,12.6,0,0,0.575,High Risk
Male,0,Yes,No,58,Yes,Yes,No,No,No,No,No,No,No,Month-to-month,Yes,Bank transfer (automatic),18.0,1034.95,1,6.6,0,0,0.267,Watch
Female,0,No,Yes,6,Yes,Yes,DSL,Yes,Yes,Yes,Yes,Yes,No,One year,Yes,Electronic check,68.62,447.78,2,13.0,0,0,0.464,High Risk
Female,0,Yes,No,58,Yes,Yes,DSL,Yes,No,No,No,Yes,Yes,Month-to-month,No,Electronic check,58.66,3392.88,2,21.5,0,0,0.505,High Risk
Male,0,No,Yes,64,Yes,Yes,No,No,No,No,No,No,No,Two year,No,Credit card (automatic),19.63,1262.47,1,8.8,0,0,0.019,Healthy
Male,0,No,Yes,39,Yes,No,DSL,No,No,No,Yes,No,Yes,Month-to-month,No,Credit card (automatic),53.96,2066.33,2,16.7,1,0,0.431,High Risk
Male,0,Yes,No,32,Yes,No,No,No,No,No,No,No,No,Two year,Yes,Electronic check,20.04,654.37,0,10.1,1,0,0.121,Healthy
Male,0,No,No,72,Yes,Yes,Fiber optic,No,No,Yes,Yes,No,No,Month-to-month,Yes,Mailed check,74.39,5361.17,1,22.1,1,1,0.298,Watch
Female,0,Yes,No,63,Yes,No,Fiber optic,Yes,No,No,Yes,Yes,No,One year,Yes,Bank transfer (automatic),80.13,5018.52,3,13.2,2,0,0.423,High Risk
Female,0,Yes,Yes,28,Yes,No,DSL,Yes,No,Yes,Yes,Yes,Yes,Two year,No,Bank transfer (automatic),63.37,1773.53,0,6.5,0,0,0.091,Healthy
Male,1,No,No,34,Yes,No,No,No,No,No,No,No,No,Two year,No,Credit card (automatic),20.2,705.88,1,14.3,0,0,0.04,Healthy
Female,0,No,Yes,68,Yes,No,DSL,No,No,No,Yes,Yes,No,Two year,No,Mailed check,51.72,3505.94,2,7.4,1,0,0.045,Healthy
Female,0,Yes,No,67,Yes,Yes,Fiber optic,No,No,Yes,No,No,No,One year,No,Bank transfer (automatic),65.52,4379.42,3,13.0,0,0,0.193,Healthy
Female,0,Yes,No,46,Yes,Yes,DSL,Yes,No,Yes,Yes,No,Yes,One year,Yes,Electronic check,59.0,2737.3,2,16.7,1,0,0.204,Watch
Male,0,Yes,No,47,Yes,Yes,DSL,No,Yes,Yes,Yes,Yes,Yes,Month-to-month,Yes,Credit card (automatic),72.16,3390.15,2,13.8,1,0,0.351,Watch
Female,1,No,No,53,Yes,No,Fiber optic,No,No,No,No,No,Yes,Month-to-month,No,Bank transfer (automatic),64.36,3424.8,0,17.2,0,0,0.433,High Risk
Female,0,No,No,21,Yes,Yes,DSL,Yes,No,Yes,No,No,Yes,One year,Yes,Bank transfer (automatic),57.06,1223.14,1,23.6,0,0,0.258,Watch
Female,0,Yes,No,66,Yes,No,Fiber optic,Yes,No,No,No,Yes,No,Month-to-month,No,Electronic check,76.77,5049.83,0,10.7,1,1,0.64,High Risk
Male,0,Yes,Yes,21,Yes,No,Fiber optic,No,No,Yes,No,No,No,One year,Yes,Electronic check,72.6,1508.56,0,13.8,1,1,0.588,High Risk
Male,0,No,Yes,60,Yes,No,Fiber optic,Yes,No,Yes,No,Yes,Yes,One year,No,Electronic check,82.36,4948.76,2,15.1,1,0,0.427,High Risk
Female,0,No,No,59,No,No,Fiber optic,Yes,No,Yes,No,No,Yes,One year,Yes,Electronic check,81.45,4789.44,2,17.3,1,1,0.425,High Risk
Male,0,Yes,No,21,No,No,DSL,No,No,Yes,Yes,No,No,One year,No,Mailed check,49.02,1029.27,2,19.2,0,0,0.183,Healthy
Female,0,No,No,58,Yes,Yes,No,No,No,No,No,No,No,Two year,Yes,Mailed check,20.95,1222.11,0,12.1,1,0,0.037,Healthy
Male,0,Yes,Yes,63,Yes,Yes,DSL,No,Yes,No,No,Yes,No,Month-to-month,Yes,Electronic check,56.44,3570.78,3,5.8,1,1,0.624,High Risk
Female,0,Yes,Yes,36,Yes,No,Fiber optic,No,Yes,Yes,No,No,No,One year,No,Mailed check,75.95,2727.83,1,16.4,1,0,0.369,Watch
Male,0,No,No,39,Yes,No,No,No,No,No,No,No,No,One year,No,Mailed check,24.43,988.27,3,13.9,1,0,0.25,Watch
Male,0,No,No,37,Yes,Yes,No,No,No,No,No,No,No,Month-to-month,No,Electronic check,18.78,747.06,1,23.4,1,1,0.477,High Risk
Male,0,Yes,No,3,Yes,No,DSL,No,No,Yes,Yes,Yes,Yes,One year,Yes,Electronic check,57.24,155.33,0,13.9,0,0,0.34,Watch
Male,0,No,Yes,39,Yes,Yes,Fiber optic,No,No,No,No,Yes,Yes,Month-to-month,Yes,Bank transfer (automatic),72.91,2897.11,1,13.9,0,0,0.655,High Risk
Male,0,No,Yes,49,Yes,No,No,No,No,No,No,No,No,One year,Yes,Credit card (automatic),19.44,941.11,3,12.8,0,0,0.14,Healthy
Male,0,No,No,40,Yes,No,No,No,No,No,No,No,No,Two year,No,Electronic check,18.0,690.34,0,2.6,0,0,0.064,Healthy
Male,0,No,No,36,No,No,Fiber optic,Yes,Yes,No,Yes,No,Yes,Month-to-month,No,Mailed check,90.85,3272.37,1,12.6,0,0,0.625,High Risk
Female,0,No,Yes,36,Yes,No,DSL,No,No,No,Yes,Yes,Yes,One year,Yes,Electronic check,56.43,2041.18,0,10.5,1,0,0.249,Watch
Female,0,No,No,39,Yes,Yes,Fiber optic,No,Yes,No,No,No,Yes,Two year,No,Electronic check,74.4,2890.54,2,0.0,0,0,0.27,Watch
Female,0,Yes,No,67,Yes,Yes,No,No,No,No,No,No,No,One year,No,Electronic check,18.0,1201.16,2,14.8,0,0,0.081,Healthy
Male,0,No,Yes,30,Yes,No,DSL,No,No,No,No,No,Yes,Month-to-month,No,Mailed check,47.77,1447.75,1,12.8,1,0,0.636,High Risk
Female,0,Yes,No,16,No,No,No,No,No,No,No,No,No,One year,Yes,Mailed check,18.0,253.64,0,1.2,0,0,0.22,Watch
Female,0,No,No,4,Yes,Yes,Fiber optic,No,No,Yes,Yes,No,No,Month-to-month,Yes,Mailed check,73.42,291.36,0,10.0,0,1,0.747,Critical Risk
Male,0,Yes,Yes,63,Yes,Yes,Fiber optic,Yes,No,No,No,No,No,Month-to-month,Yes,Mailed check,68.42,4286.13,0,18.8,0,0,0.401,High Risk
Female,0,Yes,No,13,Yes,Yes,DSL,Yes,Yes,No,No,No,No,Two year,Yes,Mailed check,47.63,609.36,0,10.5,0,0,0.139,Healthy
Female,0,No,Yes,30,Yes,Yes,DSL,No,Yes,Yes,No,No,No,Month-to-month,No,Mailed check,50.85,1557.64,1,10.3,1,0,0.578,High Risk
Male,0,Yes,No,55,Yes,No,DSL,No,No,No,Yes,No,Yes,Two year,No,Electronic check,52.22,2878.19,0,10.8,0,0,0.048,Healthy
Male,0,Yes,No,13,Yes,Yes,No,No,No,No,No,No,No,One year,Yes,Electronic check,19.04,294.85,5,19.5,1,0,0.627,High Risk
Male,0,Yes,No,17,Yes,Yes,Fiber optic,No,No,Yes,No,Yes,No,Month-to-month,Yes,Electronic check,67.62,1138.93,3,23.0,0,0,0.863,Critical Risk
Male,0,No,No,46,Yes,No,Fiber optic,No,Yes,Yes,Yes,Yes,No,Two year,No,Bank transfer (automatic),86.22,3990.79,1,20.1,1,0,0.1,Healthy
Female,0,Yes,No,45,Yes,No,No,No,No,No,No,No,No,Month-to-month,No,Mailed check,18.0,828.3,0,16.8,0,0,0.211,Watch
Female,0,Yes,No,17,Yes,Yes,DSL,No,No,No,No,Yes,No,Two year,Yes,Electronic check,42.87,694.78,0,22.4,0,0,0.143,Healthy
Female,0,No,No,39,Yes,No,No,No,No,No,No,No,No,One year,Yes,Electronic check,18.0,689.97,2,8.8,0,0,0.213,Watch
Male,0,No,Yes,51,Yes,No,DSL,No,Yes,No,No,Yes,No,Month-to-month,Yes,Bank transfer (automatic),43.24,2233.71,2,20.0,0,0,0.387,Watch
Male,0,No,No,16,Yes,Yes,DSL,Yes,No,Yes,No,No,No,Month-to-month,Yes,Credit card (automatic),47.81,773.86,0,19.8,0,1,0.48,High Risk
Female,0,Yes,Yes,32,Yes,Yes,Fiber optic,Yes,No,No,Yes,No,No,Two year,Yes,Electronic check,75.83,2410.77,2,1.0,0,1,0.34,Watch
Male,0,No,No,20,Yes,No,No,No,No,No,No,No,No,Two year,Yes,Bank transfer (automatic),18.97,346.21,0,17.4,0,0,0.074,Healthy
Female,0,No,No,68,Yes,No,Fiber optic,No,No,Yes,Yes,No,No,Month-to-month,Yes,Electronic check,78.3,5286.41,3,26.2,0,0,0.492,High Risk
Female,0,No,No,28,Yes,No,DSL,No,Yes,No,Yes,No,Yes,Two year,Yes,Electronic check,55.35,1567.36,0,17.6,4,0,0.277,Watch
Male,0,No,No,62,Yes,No,No,No,No,No,No,No,No,One year,No,Electronic check,18.0,1092.85,0,22.9,1,0,0.081,Healthy
Female,0,Yes,No,64,Yes,No,Fiber optic,Yes,Yes,No,No,No,Yes,One year,No,Mailed check,81.74,5264.4,1,14.2,2,1,0.316,Watch
Male,0,No,No,12,Yes,No,Fiber optic,Yes,No,No,No,Yes,Yes,One year,Yes,Electronic check,85.67,1048.15,1,11.6,1,1,0.777,Critical Risk
Male,0,No,No,68,Yes,Yes,Fiber optic,No,Yes,No,Yes,Yes,No,Month-to-month,Yes,Mailed check,81.5,5489.34,0,13.9,0,0,0.274,Watch
Male,0,Yes,No,3,Yes,No,Fiber optic,Yes,No,Yes,No,Yes,Yes,Month-to-month,Yes,Credit card (automatic),95.57,296.01,1,14.8,0,0,0.879,Critical Risk
Male,0,Yes,Yes,28,Yes,Yes,DSL,Yes,No,No,Yes,No,No,One year,Yes,Electronic check,51.44,1426.16,2,10.4,0,0,0.355,Watch
Male,0,Yes,No,11,No,No,Fiber optic,No,Yes,No,Yes,No,Yes,Month-to-month,No,Bank transfer (automatic),79.99,877.17,4,14.7,0,0,0.833,Critical Risk
Female,0,No,Yes,3,Yes,Yes,DSL,No,No,No,Yes,Yes,Yes,Two year,Yes,Electronic check,62.19,188.31,1,15.6,0,0,0.255,Watch
Female,0,Yes,Yes,40,Yes,Yes,Fiber optic,No,No,No,Yes,Yes,No,Month-to-month,No,Mailed check,79.52,3176.05,1,16.3,0,1,0.57,High Risk
Male,0,No,Yes,43,Yes,No,Fiber optic,Yes,Yes,No,No,No,Yes,Month-to-month,Yes,Credit card (automatic),74.52,3211.09,0,25.8,1,1,0.479,High Risk
Female,0,No,No,42,Yes,Yes,Fiber optic,Yes,No,No,Yes,Yes,No,One year,Yes,Electronic check,76.85,3203.04,1,19.6,0,0,0.299,Watch
Female,0,Yes,No,30,Yes,No,No,No,No,No,No,No,No,One year,No,Mailed check,23.34,717.32,1,13.7,1,0,0.24,Watch
Male,0,Yes,No,57,Yes,Yes,Fiber optic,No,No,Yes,No,No,No,One year,No,Mailed check,71.01,4015.47,2,14.6,0,0,0.244,Watch
Male,0,Yes,No,35,Yes,Yes,Fiber optic,Yes,Yes,No,No,No,No,Two year,No,Credit card (automatic),70.91,2475.39,2,22.0,0,0,0.133,Healthy
Male,0,Yes,No,39,Yes,Yes,DSL,Yes,No,Yes,No,Yes,Yes,One year,Yes,Electronic check,60.03,2334.81,1,13.3,0,0,0.25,Watch
Female,1,No,Yes,32,Yes,Yes,DSL,No,Yes,Yes,Yes,No,Yes,One year,Yes,Electronic check,58.38,1898.36,1,6.3,3,0,0.379,Watch
Female,0,No,No,15,No,No,DSL,No,Yes,Yes,Yes,Yes,Yes,Month-to-month,Yes,Electronic check,69.24,1016.31,1,11.1,0,1,0.669,High Risk
Male,1,No,No,47,Yes,No,DSL,No,Yes,Yes,No,No,Yes,One year,Yes,Bank transfer (automatic),60.67,2858.15,0,16.8,0,0,0.076,Healthy
Female,1,No,No,60,Yes,No,Fiber optic,No,Yes,No,Yes,Yes,No,Month-to-month,No,Mailed check,76.11,4581.14,1,9.9,0,0,0.352,Watch
Male,0,Yes,No,22,Yes,No,Fiber optic,Yes,Yes,No,Yes,No,Yes,Month-to-month,No,Mailed check,86.71,1922.88,3,13.5,1,0,0.846,Critical Risk
Female,0,No,No,33,No,No,No,No,No,No,No,No,No,One year,No,Electronic check,20.01,654.7,1,16.1,1,0,0.246,Watch
Female,0,Yes,No,65,Yes,Yes,DSL,Yes,No,Yes,Yes,Yes,No,One year,Yes,Mailed check,63.34,4128.58,1,13.9,0,0,0.07,Healthy
Female,1,No,No,15,Yes,No,DSL,No,Yes,Yes,Yes,Yes,Yes,Month-to-month,Yes,Credit card (automatic),64.06,989.33,2,4.0,1,0,0.622,High Risk
Male,0,Yes,No,30,Yes,Yes,Fiber optic,No,Yes,No,Yes,No,Yes,Month-to-month,No,Bank transfer (automatic),81.29,2423.02,1,13.8,1,0,0.719,Critical Risk
Male,0,Yes,Yes,19,Yes,No,DSL,No,No,No,Yes,Yes,Yes,Month-to-month,Yes,Credit card (automatic),56.07,1058.13,0,12.8,1,0,0.524,High Risk
Female,1,No,Yes,24,Yes,Yes,Fiber optic,Yes,Yes,Yes,Yes,No,No,Month-to-month,Yes,Bank transfer (automatic),80.58,1935.17,3,9.4,1,1,0.787,Critical Risk
Male,0,No,No,33,Yes,Yes,Fiber optic,Yes,Yes,Yes,Yes,No,Yes,Month-to-month,Yes,Bank transfer (automatic),95.1,3121.57,0,15.1,0,0,0.605,High Risk
Male,1,Yes,No,67,Yes,No,Fiber optic,No,Yes,Yes,No,Yes,No,Month-to-month,Yes,Credit card (automatic),84.14,5669.29,0,12.4,0,0,0.276,Watch
Male,0,Yes,No,0,Yes,No,DSL,No,No,Yes,No,No,Yes,Month-to-month,Yes,Mailed check,58.07,0.0,3,10.3,2,0,0.906,Critical Risk
Female,0,No,No,26,Yes,No,DSL,No,No,Yes,No,Yes,No,Month-to-month,Yes,Bank transfer (automatic),44.39,1149.79,2,11.4,2,0,0.777,Critical Risk
Male,0,No,No,63,Yes,No,No,No,No,No,No,No,No,Two year,No,Electronic check,21.85,1356.37,2,8.4,1,0,0.074,Healthy
Female,0,No,No,6,Yes,No,No,No,No,No,No,No,No,Month-to-month,No,Electronic check,21.84,140.25,1,14.7,0,1,0.7,Critical Risk
Female,0,Yes,No,36,Yes,No,Fiber optic,Yes,Yes,No,Yes,No,Yes,Month-to-month,Yes,Mailed check,91.18,3297.27,0,9.1,0,0,0.621,High Risk
Female,0,Yes,No,11,No,No,DSL,Yes,No,No,No,No,Yes,Month-to-month,Yes,Mailed check,52.5,553.27,1,10.2,2,1,0.817,Critical Risk
Female,0,No,No,40,Yes,Yes,Fiber optic,Yes,Yes,No,Yes,No,Yes,One year,Yes,Electronic check,84.48,3392.07,0,10.2,2,0,0.447,High Risk
Male,0,No,No,52,Yes,Yes,Fiber optic,Yes,No,No,Yes,Yes,Yes,Two year,Yes,Electronic check,89.46,4668.62,3,3.1,1,0,0.396,Watch
Female,0,Yes,No,46,Yes,No,DSL,Yes,No,No,Yes,Yes,No,Two year,No,Bank transfer (automatic),53.33,2459.19,2,9.9,0,0,0.062,Healthy
Female,1,Yes,Yes,41,Yes,Yes,No,No,No,No,No,No,No,Month-to-month,Yes,Bank transfer (automatic),18.0,719.83,0,12.3,1,0,0.307,Watch
Female,0,Yes,Yes,54,Yes,No,No,No,No,No,No,No,No,One year,Yes,Electronic check,20.26,1087.71,0,12.8,1,0,0.153,Healthy
Female,0,No,No,39,Yes,Yes,DSL,Yes,Yes,No,Yes,Yes,No,Two year,No,Credit card (automatic),59.41,2284.92,2,21.6,1,0,0.062,Healthy
Female,0,Yes,No,44,No,No,DSL,Yes,Yes,No,No,No,Yes,Month-to-month,Yes,Bank transfer (automatic),52.13,2265.82,1,15.5,0,0,0.352,Watch
Female,0,No,No,5,No,No,Fiber optic,No,No,Yes,Yes,No,Yes,Two year,No,Electronic check,81.59,424.39,2,13.3,1,0,0.48,High Risk
Female,0,No,No,1,Yes,No,Fiber optic,Yes,Yes,No,No,Yes,No,Two year,No,Electronic check,85.89,114.51,1,15.8,0,0,0.547,High Risk
Male,0,Yes,No,11,Yes,No,Fiber optic,No,No,Yes,No,Yes,No,Two year,Yes,Credit card (automatic),75.18,819.9,0,14.2,0,0,0.206,Watch
Male,0,Yes,No,39,Yes,No,Fiber optic,No,No,No,No,No,Yes,Two year,No,Mailed check,64.84,2540.22,2,16.5,1,0,0.204,Watch
Male,1,Yes,Yes,28,Yes,Yes,Fiber optic,Yes,Yes,Yes,No,No,No,Month-to-month,Yes,Electronic check,74.64,2078.0,2,9.5,0,0,0.806,Critical Risk
Female,0,Yes,Yes,26,Yes,No,DSL,No,No,No,No,No,No,One year,No,Electronic check,39.24,1018.36,2,12.7,0,0,0.395,Watch
Male,1,No,No,32,No,No,DSL,Yes,Yes,No,No,Yes,No,Month-to-month,Yes,Electronic check,59.35,1907.46,0,7.8,0,1,0.578,High Risk
Male,0,No,No,72,Yes,Yes,Fiber optic,Yes,No,No,Yes,Yes,Yes,Month-to-month,Yes,Bank transfer (automatic),86.49,6237.49,2,13.4,0,0,0.42,High Risk
Female,1,Yes,Yes,27,Yes,Yes,Fiber optic,No,Yes,No,Yes,Yes,No,Two year,No,Bank transfer (automatic),86.19,2318.32,3,11.0,0,0,0.269,Watch
Male,0,No,Yes,32,Yes,Yes,No,No,No,No,No,No,No,Two year,Yes,Mailed check,18.0,592.32,1,20.3,2,0,0.108,Healthy
Female,0,Yes,No,36,Yes,Yes,DSL,No,No,Yes,Yes,Yes,No,Month-to-month,No,Electronic check,57.94,2061.82,0,15.0,0,0,0.42,High Risk
Female,1,No,No,56,Yes,No,No,No,No,No,No,No,No,One year,No,Credit card (automatic),18.66,1074.54,0,24.5,0,0,0.034,Healthy
Male,1,No,No,53,Yes,Yes,DSL,Yes,No,No,No,No,Yes,Month-to-month,No,Bank transfer (automatic),45.53,2395.57,0,17.0,1,0,0.342,Watch
Male,0,Yes,No,71,Yes,Yes,Fiber optic,Yes,No,Yes,Yes,Yes,No,Month-to-month,Yes,Bank transfer (automatic),86.04,6120.03,0,24.1,0,0,0.257,Watch
Female,0,No,Yes,46,Yes,Yes,DSL,Yes,Yes,Yes,Yes,Yes,No,Month-to-month,Yes,Electronic check,63.11,2872.56,2,23.2,2,0,0.544,High Risk
Female,0,No,No,69,Yes,Yes,Fiber optic,No,Yes,Yes,Yes,No,Yes,One year,No,Credit card (automatic),86.06,5914.16,2,11.0,0,0,0.09,Healthy
Female,0,Yes,Yes,44,Yes,No,Fiber optic,Yes,Yes,No,No,No,Yes,Month-to-month,Yes,Bank transfer (automatic),85.7,3737.0,2,20.6,1,0,0.751,Critical Risk
Female,1,No,Yes,39,No,No,Fiber optic,Yes,Yes,No,No,No,Yes,Month-to-month,No,Electronic check,80.4,3109.15,2,18.5,0,1,0.71,Critical Risk
Male,0,Yes,No,40,Yes,No,DSL,Yes,Yes,Yes,Yes,No,Yes,Month-to-month,No,Credit card (automatic),62.25,2513.59,0,3.4,1,0,0.319,Watch
Female,0,Yes,No,35,Yes,Yes,DSL,No,No,Yes,No,Yes,No,Month-to-month,No,Mailed check,49.16,1713.8,1,7.6,2,0,0.651,High Risk
Male,0,No,No,14,Yes,No,Fiber optic,No,No,No,Yes,No,No,One year,No,Electronic check,69.19,980.81,0,9.8,0,1,0.502,High Risk
Male,0,Yes,No,26,Yes,Yes,Fiber optic,Yes,No,No,Yes,Yes,Yes,Month-to-month,No,Mailed check,86.58,2262.43,1,10.1,1,1,0.819,Critical Risk
Female,0,Yes,No,44,Yes,No,DSL,No,Yes,No,No,Yes,No,Month-to-month,No,Credit card (automatic),47.51,2103.17,0,14.3,1,0,0.303,Watch
Male,0,Yes,Yes,44,Yes,No,DSL,No,No,Yes,Yes,No,Yes,Month-to-month,No,Mailed check,55.55,2467.97,2,14.8,1,0,0.403,High Risk
Female,1,Yes,No,11,Yes,Yes,Fiber optic,No,Yes,No,Yes,Yes,Yes,One year,Yes,Mailed check,83.43,913.12,2,11.0,1,0,0.518,High Risk
Female,0,Yes,No,58,Yes,No,Fiber optic,Yes,Yes,Yes,No,No,No,Month-to-month,Yes,Mailed check,81.54,4720.99,2,5.9,2,1,0.776,Critical Risk
Male,0,Yes,Yes,52,Yes,Yes,DSL,No,No,No,No,No,No,Month-to-month,No,Credit card (automatic),36.58,1872.73,4,16.6,1,0,0.519,High Risk
Female,0,No,No,38,Yes,Yes,DSL,Yes,No,Yes,No,No,Yes,Month-to-month,No,Electronic check,48.78,1855.42,0,1.8,1,0,0.586,High Risk
Female,0,Yes,Yes,33,Yes,Yes,Fiber optic,Yes,Yes,No,Yes,No,Yes,Two year,No,Electronic check,89.52,2953.05,3,7.0,0,0,0.349,Watch
Male,1,No,Yes,40,Yes,Yes,No,No,No,No,No,No,No,One year,No,Bank transfer (automatic),18.0,699.35,2,12.9,0,0,0.111,Healthy
Female,0,No,Yes,42,No,No,Fiber optic,Yes,No,Yes,Yes,Yes,No,Month-to-month,Yes,Electronic check,90.38,3782.31,2,2.3,2,1,0.875,Critical Risk
Male,0,Yes,Yes,31,Yes,No,No,No,No,No,No,No,No,One year,No,Mailed check,22.71,687.81,1,12.9,1,0,0.23,Watch
Female,0,No,No,62,Yes,Yes,Fiber optic,Yes,No,Yes,Yes,No,No,Two year,Yes,Credit card (automatic),75.05,4627.49,1,9.0,0,0,0.049,Healthy
Male,0,No,No,11,Yes,Yes,Fiber optic,Yes,No,No,No,No,No,One year,Yes,Electronic check,68.99,789.42,2,19.3,1,0,0.737,Critical Risk
Female,0,No,No,27,Yes,No,No,No,No,No,No,No,No,Month-to-month,Yes,Electronic check,18.0,498.02,1,6.1,1,0,0.694,High Risk
Female,0,No,No,29,Yes,No,DSL,Yes,No,Yes,No,Yes,Yes,Month-to-month,No,Electronic check,60.68,1790.57,0,17.1,0,1,0.617,High Risk
Female,0,Yes,No,7,Yes,No,No,No,No,No,No,No,No,One year,Yes,Bank transfer (automatic),23.66,183.54,2,17.8,1,0,0.433,High Risk
Male,0,Yes,No,6,Yes,Yes,DSL,Yes,No,No,Yes,Yes,Yes,Month-to-month,Yes,Mailed check,64.3,408.19,0,17.9,2,1,0.762,Critical Risk
Female,1,No,No,65,Yes,Yes,Fiber optic,Yes,Yes,No,Yes,No,Yes,Month-to-month,No,Credit card (automatic),86.05,5558.27,0,15.9,1,0,0.282,Watch
Male,0,No,No,56,Yes,Yes,No,No,No,No,No,No,No,Two year,No,Electronic check,19.38,1071.84,0,19.6,1,0,0.047,Healthy
Male,1,No,No,26,Yes,Yes,No,No,No,No,No,No,No,One year,Yes,Electronic check,18.0,491.16,1,14.3,0,0,0.219,Watch
Female,0,No,No,19,Yes,Yes,No,No,No,No,No,No,No,Month-to-month,No,Credit card (automatic),18.0,358.97,1,8.7,1,0,0.533,High Risk
Female,0,Yes,Yes,29,Yes,No,No,No,No,No,No,No,No,One year,Yes,Mailed check,19.96,596.42,1,24.2,0,0,0.153,Healthy
Female,1,Yes,No,51,Yes,Yes,Fiber optic,Yes,No,No,No,Yes,No,Two year,No,Mailed check,73.96,3753.02,1,18.0,1,0,0.163,Healthy
Male,0,No,Yes,21,Yes,No,Fiber optic,Yes,Yes,Yes,No,Yes,No,One year,Yes,Credit card (automatic),87.62,1851.93,0,15.1,0,0,0.366,Watch
Female,0,Yes,Yes,4,Yes,Yes,Fiber optic,No,Yes,No,Yes,Yes,Yes,One year,Yes,Electronic check,88.04,326.98,0,15.4,1,0,0.64,High Risk
Female,0,No,No,30,Yes,No,DSL,Yes,No,Yes,No,Yes,No,Month-to-month,Yes,Bank transfer (automatic),56.74,1699.42,1,13.6,0,1,0.609,High Risk
Female,0,No,No,43,Yes,No,Fiber optic,Yes,Yes,Yes,Yes,Yes,No,One year,Yes,Bank transfer (automatic),98.03,4225.53,3,15.1,1,0,0.465,High Risk
Male,0,Yes,Yes,38,Yes,Yes,DSL,Yes,No,Yes,No,No,Yes,Two year,No,Mailed check,51.92,1952.68,0,21.8,1,0,0.065,Healthy
Female,0,Yes,No,12,Yes,No,No,No,No,No,No,No,No,Month-to-month,No,Electronic check,18.0,218.03,2,8.0,1,0,0.768,Critical Risk
Female,0,No,No,61,Yes,Yes,Fiber optic,Yes,No,No,Yes,No,Yes,One year,Yes,Electronic check,83.65,5096.98,0,17.9,0,0,0.198,Healthy
Female,0,No,Yes,46,Yes,Yes,DSL,Yes,Yes,No,Yes,No,Yes,One year,No,Bank transfer (automatic),59.74,2742.77,3,10.6,1,0,0.196,Healthy
Male,0,No,No,52,Yes,No,Fiber optic,No,Yes,Yes,No,No,No,Month-to-month,No,Electronic check,72.1,3741.25,0,3.0,1,1,0.695,High Risk
Male,0,Yes,No,69,Yes,Yes,Fiber optic,No,No,Yes,Yes,Yes,No,Month-to-month,No,Electronic check,85.62,5887.06,4,1.9,0,0,0.666,High Risk
Male,1,Yes,No,37,Yes,Yes,No,No,No,No,No,No,No,Two year,Yes,Electronic check,18.0,648.68,1,6.5,2,0,0.133,Healthy
Female,0,Yes,Yes,42,Yes,Yes,DSL,Yes,Yes,No,No,Yes,No,Month-to-month,No,Bank transfer (automatic),58.53,2463.83,2,8.5,0,0,0.53,High Risk
Male,1,Yes,No,55,Yes,No,Fiber optic,No,Yes,Yes,Yes,Yes,Yes,Month-to-month,Yes,Credit card (automatic),88.02,4815.29,2,4.8,1,0,0.525,High Risk
Male,0,Yes,No,56,Yes,Yes,DSL,No,No,Yes,No,No,Yes,Month-to-month,No,Bank transfer (automatic),53.68,2995.23,1,15.4,0,0,0.334,Watch
Female,0,No,Yes,61,Yes,Yes,No,No,No,No,No,No,No,One year,Yes,Mailed check,20.04,1228.11,0,8.6,1,0,0.08,Healthy
Male,0,Yes,No,51,Yes,No,No,No,No,No,No,No,No,Month-to-month,Yes,Electronic check,20.11,1026.04,1,20.5,2,0,0.555,High Risk
Female,1,No,No,4,Yes,No,DSL,Yes,No,No,No,Yes,Yes,Month-to-month,No,Electronic check,52.61,195.3,2,22.2,0,1,0.784,Critical Risk
Female,0,No,Yes,25,Yes,Yes,DSL,No,No,Yes,Yes,No,Yes,Month-to-month,No,Electronic check,56.03,1410.18,2,19.4,0,1,0.617,High Risk
Male,1,No,No,43,Yes,No,DSL,No,Yes,No,Yes,Yes,No,Two year,Yes,Bank transfer (automatic),63.83,2755.33,3,19.3,0,0,0.066,Healthy
Male,0,No,No,32,Yes,Yes,Fiber optic,No,Yes,Yes,No,Yes,Yes,Month-to-month,No,Bank transfer (automatic),84.12,2707.11,2,26.0,1,0,0.757,Critical Risk
Female,0,Yes,No,3,No,No,DSL,No,No,Yes,Yes,Yes,Yes,Month-to-month,Yes,Electronic check,62.15,183.21,0,13.9,1,1,0.755,Critical Risk
Male,0,No,No,19,Yes,No,Fiber optic,Yes,No,Yes,Yes,Yes,No,Month-to-month,Yes,Mailed check,87.16,1680.08,1,15.4,0,0,0.762,Critical Risk
Female,1,Yes,Yes,22,Yes,Yes,Fiber optic,No,Yes,No,No,Yes,Yes,Two year,Yes,Bank transfer (automatic),80.22,1756.3,4,16.9,2,0,0.509,High Risk
Male,0,Yes,No,2,Yes,No,Fiber optic,Yes,No,No,No,No,Yes,One year,Yes,Bank transfer (automatic),77.17,127.83,2,20.7,1,0,0.761,Critical Risk
Male,1,No,No,55,Yes,Yes,Fiber optic,Yes,Yes,Yes,Yes,Yes,No,Month-to-month,No,Credit card (automatic),88.94,4868.85,0,8.5,1,0,0.408,High Risk
Male,0,Yes,Yes,27,Yes,Yes,Fiber optic,Yes,Yes,Yes,Yes,No,Yes,Month-to-month,No,Electronic check,90.66,2450.01,1,17.0,0,0,0.75,Critical Risk
Female,0,Yes,No,57,Yes,No,DSL,Yes,Yes,No,Yes,Yes,Yes,Month-to-month,Yes,Bank transfer (automatic),69.75,3953.18,3,7.9,0,0,0.477,High Risk
Male,0,No,No,63,Yes,No,Fiber optic,No,No,No,Yes,Yes,Yes,Month-to-month,No,Electronic check,81.1,5127.86,0,25.2,0,0,0.396,Watch
Male,0,Yes,No,64,Yes,No,Fiber optic,No,Yes,No,Yes,No,No,Month-to-month,No,Electronic check,73.74,4737.57,2,14.9,2,0,0.651,High Risk
Male,0,Yes,Yes,66,Yes,No,DSL,Yes,No,No,No,No,Yes,One year,Yes,Electronic check,44.78,2985.21,1,15.3,1,0,0.147,Healthy
Male,0,Yes,No,36,Yes,Yes,DSL,No,No,Yes,Yes,No,Yes,Two year,Yes,Electronic check,54.4,1968.54,1,9.1,2,0,0.155,Healthy
Male,0,Yes,No,17,Yes,No,Fiber optic,Yes,Yes,Yes,Yes,Yes,Yes,Two year,Yes,Electronic check,98.51,1642.02,0,9.4,0,0,0.311,Watch
Female,0,No,No,6,Yes,Yes,DSL,No,Yes,Yes,No,Yes,No,Month-to-month,No,Credit card (automatic),57.24,341.58,0,12.2,0,0,0.547,High Risk
Female,0,No,No,45,Yes,Yes,DSL,Yes,No,Yes,No,No,No,Month-to-month,Yes,Mailed check,48.25,2168.6,0,20.6,2,0,0.434,High Risk
Male,0,Yes,No,9,Yes,No,Fiber optic,Yes,No,Yes,No,No,Yes,One year,No,Bank transfer (automatic),78.96,719.46,4,25.7,1,1,0.743,Critical Risk
Female,0,No,No,17,Yes,No,No,No,No,No,No,No,No,One year,Yes,Bank transfer (automatic),18.11,305.87,0,9.6,1,0,0.275,Watch
Female,0,No,Yes,17,No,No,Fiber optic,Yes,Yes,Yes,Yes,Yes,No,One year,Yes,Credit card (automatic),95.61,1645.87,2,16.2,0,0,0.442,High Risk
Female,0,No,No,19,Yes,No,No,No,No,No,No,No,No,Two year,Yes,Electronic check,20.04,375.28,2,0.7,3,1,0.441,High Risk
Female,0,No,No,27,Yes,No,DSL,No,Yes,Yes,Yes,Yes,Yes,Month-to-month,Yes,Electronic check,67.2,1817.78,0,25.2,0,0,0.474,High Risk
Male,0,No,No,24,Yes,No,No,No,No,No,No,No,No,Month-to-month,Yes,Bank transfer (automatic),18.0,435.68,0,7.7,0,0,0.433,High Risk
Female,0,No,Yes,38,Yes,Yes,Fiber optic,Yes,Yes,No,No,No,No,One year,No,Credit card (automatic),82.5,3136.63,2,16.4,0,0,0.346,Watch
Female,0,No,No,69,Yes,No,No,No,No,No,No,No,No,One year,Yes,Electronic check,18.0,1242.34,0,23.4,1,0,0.061,Healthy
Female,0,Yes,No,47,No,No,Fiber optic,No,No,Yes,No,Yes,Yes,Month-to-month,No,Mailed check,84.41,3960.28,2,6.4,1,1,0.723,Critical Risk
Male,0,Yes,No,49,Yes,No,Fiber optic,No,Yes,Yes,No,No,Yes,Month-to-month,Yes,Mailed check,86.81,4254.73,1,11.3,0,0,0.651,High Risk
Female,0,Yes,Yes,11,Yes,No,No,No,No,No,No,No,No,Two year,Yes,Credit card (automatic),18.0,186.12,2,19.6,0,0,0.095,Healthy
Female,0,No,No,8,Yes,Yes,No,No,No,No,No,No,No,One year,No,Bank transfer (automatic),18.0,130.67,1,8.9,1,0,0.347,Watch
Female,0,Yes,Yes,13,Yes,Yes,DSL,Yes,Yes,Yes,No,Yes,Yes,One year,Yes,Credit card (automatic),77.06,985.73,4,7.9,1,0,0.654,High Risk
Male,0,No,Yes,61,Yes,No,DSL,Yes,Yes,Yes,Yes,No,No,Month-to-month,No,Mailed check,59.41,3622.19,0,19.7,0,0,0.157,Healthy
Male,0,Yes,No,12,Yes,Yes,Fiber optic,Yes,Yes,No,No,No,Yes,Two year,No,Electronic check,80.42,952.24,2,16.7,1,0,0.502,High Risk
Female,0,No,No,71,Yes,No,DSL,Yes,Yes,Yes,No,No,Yes,Month-to-month,No,Bank transfer (automatic),60.37,4253.73,1,10.4,0,0,0.214,Watch
Male,1,Yes,No,55,Yes,No,DSL,Yes,No,Yes,Yes,No,Yes,Month-to-month,Yes,Bank transfer (automatic),60.58,3360.69,1,27.0,0,0,0.227,Watch
Male,0,Yes,Yes,60,Yes,No,DSL,No,Yes,Yes,Yes,No,No,Month-to-month,No,Mailed check,58.58,3505.98,3,1.2,2,1,0.526,High Risk
Female,0,Yes,Yes,22,Yes,No,Fiber optic,Yes,Yes,No,No,No,Yes,Month-to-month,No,Electronic check,76.74,1675.84,3,4.9,0,1,0.895,Critical Risk
Female,0,No,No,11,Yes,Yes,Fiber optic,Yes,No,Yes,Yes,Yes,No,Month-to-month,No,Electronic check,87.06,944.25,0,19.9,2,0,0.881,Critical Risk
Male,0,No,Yes,12,Yes,Yes,DSL,No,No,Yes,No,Yes,No,Month-to-month,No,Bank transfer (automatic),49.75,583.34,2,5.1,1,1,0.776,Critical Risk
Male,0,Yes,No,62,Yes,No,Fiber optic,No,No,No,No,Yes,No,Month-to-month,Yes,Electronic check,68.61,4240.72,2,11.7,0,0,0.659,High Risk
Male,0,No,Yes,31,Yes,No,Fiber optic,No,Yes,Yes,No,Yes,No,Month-to-month,Yes,Electronic check,77.77,2399.55,2,20.3,0,1,0.792,Critical Risk
Male,0,No,Yes,29,Yes,Yes,No,No,No,No,No,No,No,One year,No,Bank transfer (automatic),18.0,538.12,3,4.4,0,0,0.281,Watch
Male,0,No,No,18,Yes,No,DSL,No,Yes,No,Yes,Yes,Yes,Month-to-month,No,Bank transfer (automatic),67.94,1216.8,0,17.3,0,0,0.516,High Risk
Female,0,No,Yes,26,Yes,Yes,No,No,No,No,No,No,No,Month-to-month,Yes,Mailed check,21.68,584.85,3,16.2,0,0,0.608,High Risk
Female,0,No,No,26,Yes,Yes,No,No,No,No,No,No,No,Two year,Yes,Bank transfer (automatic),19.56,528.97,3,14.9,0,0,0.138,Healthy
Male,0,No,No,54,Yes,Yes,Fiber optic,No,No,Yes,Yes,Yes,Yes,Month-to-month,No,Mailed check,86.12,4609.56,4,30.0,0,1,0.584,High Risk
Male,0,No,Yes,60,Yes,Yes,Fiber optic,No,Yes,No,No,No,Yes,Month-to-month,No,Mailed check,74.31,4468.62,1,17.5,2,0,0.608,High Risk
Female,0,No,No,34,Yes,No,DSL,No,No,No,Yes,No,Yes,One year,Yes,Credit card (automatic),46.21,1551.59,2,17.2,0,0,0.126,Healthy
Male,0,No,No,24,Yes,No,Fiber optic,Yes,Yes,No,Yes,Yes,Yes,Two year,No,Electronic check,86.2,2091.69,1,16.9,0,0,0.227,Watch
Male,0,Yes,No,32,Yes,Yes,DSL,Yes,Yes,Yes,Yes,Yes,Yes,One year,Yes,Electronic check,71.87,2289.98,1,9.1,0,0,0.256,Watch
Male,0,Yes,Yes,12,Yes,No,Fiber optic,Yes,No,No,No,Yes,Yes,Month-to-month,Yes,Mailed check,78.08,927.52,0,19.5,3,1,0.909,Critical Risk
Female,0,No,No,5,Yes,Yes,No,No,No,No,No,No,No,One year,Yes,Mailed check,21.9,108.65,1,16.3,1,1,0.361,Watch
Male,0,No,No,16,Yes,Yes,DSL,No,Yes,No,No,Yes,Yes,Month-to-month,Yes,Credit card (automatic),53.95,875.16,1,10.1,2,1,0.729,Critical Risk
Male,0,No,Yes,1,No,No,Fiber optic,Yes,No,Yes,No,No,Yes,One year,No,Mailed check,87.83,61.37,2,13.2,0,1,0.696,High Risk
Female,0,No,Yes,2,Yes,No,Fiber optic,No,Yes,Yes,Yes,No,Yes,Month-to-month,No,Bank transfer (automatic),84.38,172.98,0,11.3,0,1,0.762,Critical Risk
Male,0,No,Yes,17,Yes,No,Fiber optic,Yes,Yes,No,Yes,Yes,No,Month-to-month,No,Bank transfer (automatic),86.15,1489.06,3,10.4,1,1,0.895,Critical Risk
Male,1,Yes,Yes,65,Yes,Yes,Fiber optic,Yes,Yes,Yes,No,No,No,Month-to-month,Yes,Mailed check,77.59,5047.45,1,14.9,1,0,0.443,High Risk
Male,0,No,Yes,13,Yes,No,Fiber optic,No,Yes,Yes,No,Yes,No,Month-to-month,No,Credit card (automatic),84.32,1097.64,3,10.1,0,1,0.864,Critical Risk
Female,0,Yes,No,50,Yes,Yes,Fiber optic,Yes,No,No,Yes,Yes,Yes,One year,No,Electronic check,95.06,4734.4,3,11.8,0,0,0.549,High Risk
Female,0,No,No,10,Yes,No,DSL,No,No,No,Yes,Yes,Yes,Month-to-month,No,Bank transfer (automatic),60.81,611.02,1,13.2,0,0,0.64,High Risk
Female,0,No,No,33,Yes,No,Fiber optic,No,No,No,No,Yes,No,Two year,Yes,Bank transfer (automatic),64.97,2156.33,2,11.6,1,0,0.316,Watch
Male,0,Yes,Yes,44,Yes,Yes,Fiber optic,No,No,No,No,Yes,Yes,Month-to-month,No,Credit card (automatic),77.94,3432.47,1,11.2,0,0,0.556,High Risk
Male,0,No,Yes,40,Yes,Yes,DSL,No,No,No,No,Yes,No,Month-to-month,Yes,Electronic check,42.61,1708.17,4,16.3,1,0,0.742,Critical Risk
Female,1,No,No,58,Yes,No,Fiber optic,No,Yes,No,No,Yes,Yes,One year,No,Electronic check,78.72,4579.33,6,16.8,1,0,0.59,High Risk
Female,0,Yes,No,18,Yes,No,Fiber optic,Yes,No,No,Yes,Yes,No,Two year,Yes,Electronic check,82.25,1484.11,1,8.7,1,0,0.475,High Risk
Male,1,No,No,54,Yes,No,Fiber optic,Yes,Yes,No,Yes,Yes,No,Month-to-month,No,Electronic check,89.51,4820.31,1,2.0,1,1,0.731,Critical Risk
Female,0,No,Yes,29,Yes,Yes,Fiber optic,No,No,No,No,Yes,Yes,One year,No,Credit card (automatic),76.17,2215.45,0,15.7,0,1,0.313,Watch
Female,0,No,Yes,32,Yes,No,Fiber optic,No,Yes,No,Yes,Yes,Yes,One year,Yes,Bank transfer (automatic),81.37,2587.06,1,11.0,1,0,0.399,Watch
Female,0,Yes,No,23,Yes,Yes,Fiber optic,Yes,Yes,No,Yes,No,Yes,One year,Yes,Mailed check,93.0,2143.42,1,16.4,2,0,0.573,High Risk
Female,0,Yes,No,72,Yes,Yes,Fiber optic,Yes,Yes,No,No,No,No,Month-to-month,Yes,Bank transfer (automatic),74.35,5338.72,0,17.7,1,0,0.383,Watch
Male,0,No,Yes,60,Yes,Yes,Fiber optic,Yes,No,Yes,Yes,No,No,One year,No,Electronic check,84.09,5095.32,1,19.4,3,0,0.447,High Risk
Male,0,Yes,No,33,Yes,No,Fiber optic,No,Yes,Yes,Yes,No,No,Month-to-month,Yes,Mailed check,81.4,2714.27,2,0.0,1,1,0.777,Critical Risk
Male,0,Yes,Yes,54,Yes,No,Fiber optic,Yes,No,Yes,Yes,Yes,No,Month-to-month,Yes,Mailed check,88.57,4800.94,1,23.4,1,0,0.605,High Risk
Male,0,No,No,66,Yes,No,No,No,No,No,No,No,No,Month-to-month,No,Credit card (automatic),18.0,1195.21,0,9.5,1,0,0.159,Healthy
Female,0,No,No,20,Yes,Yes,Fiber optic,Yes,Yes,Yes,No,No,Yes,Month-to-month,No,Electronic check,93.53,1870.84,0,5.1,1,1,0.89,Critical Risk
Female,0,No,No,23,Yes,No,DSL,Yes,No,No,Yes,No,Yes,One year,Yes,Electronic check,58.02,1302.35,2,8.6,0,0,0.386,Watch
Female,0,No,No,55,Yes,Yes,Fiber optic,Yes,No,No,No,Yes,No,Month-to-month,No,Credit card (automatic),78.23,4310.92,1,2.3,0,0,0.618,High Risk
Male,0,Yes,No,20,Yes,No,DSL,No,Yes,No,No,No,Yes,Month-to-month,Yes,Credit card (automatic),45.74,895.38,1,17.6,0,0,0.452,High Risk
Female,0,Yes,No,6,Yes,Yes,Fiber optic,Yes,Yes,Yes,No,No,No,Month-to-month,Yes,Bank transfer (automatic),85.89,505.36,2,20.7,0,1,0.87,Critical Risk
Male,0,No,No,43,Yes,Yes,No,No,No,No,No,No,No,Month-to-month,No,Electronic check,18.0,751.39,3,10.1,1,0,0.581,High Risk
Female,1,Yes,No,14,Yes,No,Fiber optic,No,Yes,No,Yes,Yes,No,Month-to-month,Yes,Electronic check,84.21,1135.32,0,18.6,0,1,0.766,Critical Risk
Male,0,Yes,No,42,Yes,No,Fiber optic,Yes,Yes,Yes,No,No,No,Two year,No,Electronic check,78.85,3294.38,2,16.0,1,0,0.268,Watch
Male,0,No,Yes,7,Yes,Yes,DSL,Yes,No,No,No,Yes,No,Month-to-month,No,Credit card (automatic),51.81,364.26,0,15.9,1,0,0.685,High Risk
Male,0,Yes,No,34,Yes,No,DSL,Yes,Yes,No,No,Yes,No,One year,Yes,Credit card (automatic),56.04,1852.66,1,3.7,0,0,0.211,Watch
Female,0,No,No,17,Yes,Yes,Fiber optic,Yes,Yes,No,No,No,No,One year,No,Bank transfer (automatic),72.11,1226.4,2,16.3,0,1,0.536,High Risk
Male,0,No,No,38,Yes,No,No,No,No,No,No,No,No,Month-to-month,No,Credit card (automatic),18.0,721.62,0,20.2,0,0,0.212,Watch
Male,0,No,No,16,Yes,No,Fiber optic,No,Yes,No,No,No,Yes,Month-to-month,Yes,Mailed check,80.46,1277.82,2,10.1,0,0,0.858,Critical Risk
Male,0,Yes,No,18,Yes,No,No,No,No,No,No,No,No,Month-to-month,Yes,Electronic check,19.24,362.77,2,21.8,0,0,0.646,High Risk
Female,0,Yes,No,65,Yes,No,Fiber optic,Yes,Yes,Yes,No,Yes,No,Month-to-month,No,Bank transfer (automatic),91.1,5905.64,4,18.7,0,0,0.661,High Risk
Male,0,No,Yes,71,Yes,Yes,DSL,Yes,Yes,Yes,No,Yes,No,Month-to-month,Yes,Credit card (automatic),62.47,4490.33,1,26.4,1,0,0.189,Healthy
Male,0,No,No,23,Yes,No,Fiber optic,No,No,No,Yes,No,Yes,Month-to-month,Yes,Credit card (automatic),78.73,1817.47,0,11.9,0,1,0.603,High Risk
Male,0,No,Yes,47,Yes,Yes,DSL,Yes,No,No,Yes,Yes,Yes,Month-to-month,Yes,Electronic check,63.78,2995.9,3,19.3,0,0,0.523,High Risk
Male,0,Yes,No,25,Yes,No,DSL,Yes,No,No,No,Yes,No,One year,Yes,Credit card (automatic),53.41,1316.69,1,19.3,0,0,0.267,Watch
Female,0,No,No,12,Yes,No,DSL,No,No,No,No,No,No,Two year,Yes,Mailed check,35.14,417.2,1,10.4,0,0,0.135,Healthy
Female,0,Yes,No,7,Yes,Yes,Fiber optic,No,No,Yes,Yes,No,No,Month-to-month,Yes,Mailed check,71.58,497.14,0,2.6,0,0,0.742,Critical Risk
Male,0,Yes,No,65,Yes,Yes,DSL,No,No,Yes,No,No,Yes,Two year,No,Mailed check,53.28,3456.81,1,10.2,0,0,0.032,Healthy
Female,0,Yes,Yes,4,Yes,Yes,No,No,No,No,No,No,No,Month-to-month,No,Electronic check,18.0,42.76,0,20.2,0,1,0.611,High Risk
Male,0,Yes,No,35,Yes,Yes,No,No,No,No,No,No,No,Month-to-month,Yes,Mailed check,18.26,622.54,1,18.8,0,0,0.345,Watch
Female,0,Yes,Yes,16,Yes,Yes,Fiber optic,Yes,No,No,Yes,No,No,One year,No,Bank transfer (automatic),69.84,1134.3,0,17.2,0,0,0.36,Watch
Male,0,Yes,Yes,55,Yes,No,Fiber optic,No,No,No,No,No,No,One year,No,Credit card (automatic),58.38,3194.87,2,17.7,0,0,0.19,Healthy
Male,1,No,No,9,Yes,No,DSL,No,Yes,No,No,Yes,Yes,One year,No,Credit card (automatic),61.82,591.2,3,17.7,1,0,0.427,High Risk
Male,0,No,No,42,No,No,Fiber optic,No,No,No,Yes,Yes,No,One year,Yes,Electronic check,71.19,3023.92,3,10.7,1,0,0.48,High Risk
Male,1,Yes,Yes,25,Yes,No,DSL,No,Yes,Yes,No,Yes,Yes,Month-to-month,Yes,Electronic check,57.24,1409.01,3,19.0,0,1,0.694,High Risk
Female,1,Yes,No,38,Yes,No,Fiber optic,No,Yes,Yes,Yes,No,No,Month-to-month,Yes,Electronic check,80.47,3035.69,2,9.2,0,0,0.662,High Risk
Female,0,No,Yes,13,Yes,No,DSL,No,No,Yes,Yes,Yes,No,Month-to-month,No,Electronic check,57.18,699.68,1,12.8,0,0,0.7,Critical Risk
Female,0,Yes,No,8,Yes,Yes,Fiber optic,No,No,Yes,Yes,No,No,Two year,Yes,Mailed check,73.73,640.6,1,11.9,5,1,0.643,High Risk
Male,0,Yes,Yes,13,Yes,Yes,Fiber optic,Yes,No,No,Yes,No,No,Two year,Yes,Mailed check,80.34,1042.06,2,22.0,1,0,0.412,High Risk
Female,1,No,Yes,42,Yes,No,Fiber optic,Yes,Yes,Yes,Yes,Yes,Yes,Month-to-month,Yes,Electronic check,99.06,4155.04,2,11.1,0,1,0.696,High Risk
Male,0,No,No,47,Yes,Yes,Fiber optic,Yes,No,Yes,Yes,Yes,No,One year,No,Electronic check,88.68,4166.7,2,11.8,0,0,0.347,Watch
Female,0,No,No,66,No,No,DSL,No,Yes,No,Yes,Yes,Yes,Month-to-month,No,Bank transfer (automatic),60.05,3973.64,1,14.9,1,0,0.227,Watch
Female,0,Yes,No,68,Yes,Yes,DSL,No,No,No,Yes,No,No,One year,Yes,Credit card (automatic),42.11,2828.27,1,13.2,3,0,0.092,Healthy
Male,1,Yes,No,54,Yes,No,Fiber optic,Yes,No,No,No,No,No,Month-to-month,Yes,Bank transfer (automatic),71.69,3882.79,0,7.2,0,1,0.568,High Risk
Male,0,Yes,No,0,Yes,Yes,Fiber optic,Yes,Yes,Yes,No,No,Yes,One year,Yes,Electronic check,88.45,25.2,0,19.7,0,0,0.655,High Risk
Male,0,No,No,51,Yes,Yes,DSL,Yes,No,No,Yes,Yes,Yes,Month-to-month,Yes,Mailed check,62.96,3216.06,1,1.5,0,0,0.446,High Risk
Female,0,Yes,No,51,Yes,Yes,No,No,No,No,No,No,No,One year,Yes,Credit card (automatic),21.01,1076.15,2,16.9,0,0,0.097,Healthy
Female,0,Yes,No,51,Yes,Yes,DSL,Yes,Yes,Yes,No,No,Yes,Month-to-month,Yes,Credit card (automatic),57.76,2924.75,3,20.5,1,0,0.474,High Risk
Male,1,Yes,No,48,Yes,Yes,DSL,Yes,Yes,Yes,Yes,Yes,No,One year,No,Credit card (automatic),73.61,3560.49,1,9.7,1,0,0.096,Healthy
Female,0,No,Yes,50,Yes,Yes,Fiber optic,Yes,Yes,Yes,Yes,Yes,No,Month-to-month,Yes,Credit card (automatic),89.54,4485.6,1,9.2,0,0,0.505,High Risk
Female,0,Yes,Yes,42,Yes,Yes,DSL,Yes,Yes,Yes,Yes,Yes,No,Two year,No,Bank transfer (automatic),62.55,2609.81,3,6.7,3,0,0.195,Healthy
Male,0,Yes,No,45,Yes,No,Fiber optic,No,Yes,Yes,Yes,No,Yes,One year,No,Credit card (automatic),91.83,4141.12,0,9.2,0,0,0.137,Healthy
Female,0,No,No,50,Yes,Yes,DSL,Yes,No,Yes,No,No,No,Month-to-month,Yes,Credit card (automatic),52.81,2663.68,0,5.4,0,0,0.357,Watch
Male,0,No,No,3,Yes,No,Fiber optic,No,Yes,Yes,No,Yes,Yes,Month-to-month,Yes,Bank transfer (automatic),81.48,216.07,1,24.6,0,1,0.809,Critical Risk
Female,0,No,No,37,Yes,No,DSL,Yes,No,No,Yes,No,No,Month-to-month,Yes,Electronic check,51.46,1929.56,1,7.3,1,1,0.638,High Risk
Male,0,No,No,9,Yes,No,DSL,No,No,No,Yes,No,Yes,One year,Yes,Electronic check,52.06,468.58,3,17.4,0,0,0.456,High Risk
Female,0,Yes,No,67,Yes,No,Fiber optic,No,Yes,Yes,No,Yes,No,Month-to-month,No,Bank transfer (automatic),75.9,5091.65,2,25.0,0,0,0.38,Watch
Male,1,No,No,72,Yes,No,Fiber optic,Yes,Yes,No,No,Yes,Yes,One year,No,Bank transfer (automatic),86.37,6200.57,0,0.0,0,0,0.132,Healthy
Male,0,Yes,Yes,11,No,No,Fiber optic,Yes,No,No,No,Yes,Yes,One year,No,Mailed check,84.28,885.17,2,19.8,1,1,0.686,High Risk
Male,0,No,No,65,Yes,Yes,Fiber optic,Yes,No,No,Yes,No,No,Month-to-month,Yes,Electronic check,66.18,4309.04,0,8.9,1,0,0.479,High Risk
Female,0,Yes,Yes,34,Yes,No,No,No,No,No,No,No,No,Month-to-month,Yes,Electronic check,20.47,673.59,1,15.6,0,0,0.504,High Risk
Male,0,No,Yes,49,Yes,Yes,DSL,Yes,No,Yes,No,No,Yes,Two year,No,Credit card (automatic),54.2,2622.93,1,12.4,1,1,0.075,Healthy
Female,1,No,No,47,Yes,Yes,No,No,No,No,No,No,No,One year,Yes,Electronic check,18.0,824.69,1,9.3,0,0,0.101,Healthy
Female,0,Yes,Yes,8,No,No,No,No,No,No,No,No,No,One year,Yes,Credit card (automatic),21.54,190.0,1,12.8,0,0,0.219,Watch
Female,0,Yes,No,66,Yes,Yes,Fiber optic,No,Yes,No,No,Yes,No,One year,Yes,Bank transfer (automatic),76.51,5072.46,1,11.6,0,0,0.174,Healthy
Female,0,No,No,46,Yes,Yes,DSL,Yes,Yes,Yes,Yes,Yes,Yes,Month-to-month,Yes,Electronic check,68.32,3171.38,3,21.0,0,0,0.443,High Risk
Female,0,Yes,No,35,Yes,Yes,No,No,No,No,No,No,No,Two year,Yes,Mailed check,20.25,733.65,0,11.2,0,0,0.05,Healthy
Male,0,No,Yes,44,No,No,Fiber optic,No,No,No,Yes,No,No,Month-to-month,Yes,Credit card (automatic),70.33,3078.43,2,14.9,0,0,0.47,High Risk
Female,0,Yes,No,71,No,No,DSL,No,Yes,No,No,No,No,Month-to-month,No,Bank transfer (automatic),43.4,3059.71,0,12.4,3,0,0.314,Watch
Male,0,No,No,47,Yes,Yes,No,No,No,No,No,No,No,One year,No,Credit card (automatic),18.0,859.48,2,10.3,0,0,0.076,Healthy
Female,0,No,No,47,Yes,No,Fiber optic,No,Yes,Yes,No,No,No,Two year,Yes,Credit card (automatic),72.59,3421.47,0,15.4,0,0,0.053,Healthy
Male,0,Yes,No,63,Yes,No,Fiber optic,No,Yes,Yes,No,No,Yes,One year,Yes,Credit card (automatic),75.27,4759.1,1,17.6,0,0,0.105,Healthy
Female,0,No,No,51,Yes,Yes,Fiber optic,No,Yes,No,Yes,Yes,Yes,One year,Yes,Bank transfer (automatic),89.34,4571.15,2,12.0,0,0,0.303,Watch
Female,0,No,No,10,Yes,No,No,No,No,No,No,No,No,Month-to-month,Yes,Electronic check,18.0,181.01,1,26.0,1,1,0.68,High Risk
Male,0,No,No,59,Yes,No,Fiber optic,Yes,Yes,Yes,Yes,No,Yes,Month-to-month,No,Bank transfer (automatic),86.71,5137.51,2,18.3,0,0,0.451,High Risk
Female,0,No,No,65,Yes,No,No,No,No,No,No,No,No,Two year,Yes,Bank transfer (automatic),19.26,1254.69,2,19.0,0,0,0.028,Healthy
Male,1,No,No,53,Yes,No,DSL,No,Yes,Yes,Yes,Yes,No,Two year,Yes,Mailed check,58.32,3116.42,4,18.3,0,0,0.054,Healthy
Male,1,Yes,No,11,Yes,No,Fiber optic,No,No,Yes,Yes,No,No,Two year,No,Bank transfer (automatic),73.61,794.36,2,26.7,1,0,0.238,Watch
Female,0,Yes,No,38,Yes,Yes,Fiber optic,Yes,Yes,No,No,Yes,Yes,Two year,Yes,Mailed check,83.43,3138.39,1,19.0,1,0,0.207,Watch
Female,0,Yes,Yes,3,No,No,DSL,Yes,Yes,No,No,Yes,No,Month-to-month,Yes,Bank transfer (automatic),51.02,149.48,1,24.8,1,0,0.742,Critical Risk
Male,0,No,No,56,Yes,No,DSL,Yes,No,Yes,No,No,Yes,One year,Yes,Bank transfer (automatic),54.96,3074.87,2,18.6,1,0,0.202,Watch
Female,0,No,No,69,Yes,No,DSL,Yes,No,Yes,No,Yes,Yes,One year,Yes,Bank transfer (automatic),61.77,4253.76,1,12.7,0,0,0.089,Healthy
Female,0,Yes,No,2,Yes,No,DSL,Yes,Yes,No,Yes,Yes,No,Month-to-month,Yes,Mailed check,59.79,95.45,2,4.7,0,0,0.755,Critical Risk
Female,0,No,No,7,Yes,No,Fiber optic,No,Yes,No,Yes,Yes,Yes,Month-to-month,No,Electronic check,89.06,619.08,2,18.1,3,0,0.951,Critical Risk
Female,0,Yes,No,68,Yes,No,DSL,No,Yes,Yes,Yes,Yes,No,Two year,Yes,Bank transfer (automatic),61.67,4174.08,1,6.4,0,0,0.024,Healthy
Male,1,No,No,58,Yes,Yes,Fiber optic,Yes,No,Yes,Yes,No,No,Two year,Yes,Mailed check,78.62,4541.88,0,14.8,0,0,0.049,Healthy
Male,0,No,Yes,60,No,No,No,No,No,No,No,No,No,Month-to-month,No,Credit card (automatic),21.67,1283.99,0,14.1,0,0,0.143,Healthy
Female,0,No,No,15,Yes,Yes,Fiber optic,No,Yes,No,Yes,No,Yes,Month-to-month,No,Credit card (automatic),76.48,1109.1,2,13.8,1,0,0.766,Critical Risk
Female,0,No,Yes,46,Yes,Yes,No,No,No,No,No,No,No,Two year,Yes,Credit card (automatic),18.0,823.22,1,19.4,0,0,0.023,Healthy
Male,1,No,No,60,Yes,Yes,Fiber optic,Yes,No,Yes,No,No,Yes,Two year,Yes,Mailed check,80.94,4866.16,0,7.5,0,0,0.075,Healthy
Female,0,Yes,No,5,Yes,No,No,No,No,No,No,No,No,One year,Yes,Credit card (automatic),18.0,68.26,0,19.7,1,1,0.234,Watch
Female,1,No,No,20,Yes,No,Fiber optic,Yes,No,Yes,Yes,Yes,No,Month-to-month,No,Electronic check,79.82,1621.25,1,7.2,1,1,0.832,Critical Risk
Female,1,Yes,No,21,Yes,No,DSL,Yes,No,No,Yes,No,Yes,Month-to-month,Yes,Bank transfer (automatic),59.0,1222.32,1,19.9,0,1,0.508,High Risk
Male,0,No,Yes,39,Yes,No,Fiber optic,No,No,Yes,Yes,Yes,Yes,Month-to-month,Yes,Credit card (automatic),89.18,3477.17,2,15.3,0,0,0.587,High Risk
Male,0,No,Yes,18,Yes,Yes,Fiber optic,Yes,Yes,No,Yes,No,Yes,Month-to-month,Yes,Electronic check,87.99,1569.07,0,18.1,1,0,0.826,Critical Risk
Male,0,Yes,No,24,Yes,No,Fiber optic,Yes,No,Yes,Yes,Yes,No,Month-to-month,Yes,Bank transfer (automatic),90.19,2137.28,2,25.8,0,0,0.751,Critical Risk
Female,0,Yes,Yes,18,Yes,No,DSL,Yes,Yes,No,No,Yes,No,Month-to-month,No,Bank transfer (automatic),54.08,963.1,3,7.5,2,1,0.871,Critical Risk
